Date,Bean_Kandy_price,Kandy,Dambulla,Exchange Rate
2016-01-02,125.0,,,
2016-01-03,125.0,,,
2016-01-04,45.0,,,
2016-01-06,155.0,,,
2016-01-07,125.0,,,
2016-01-08,145.0,,,
2016-01-09,115.0,,,
2016-01-11,145.0,,,
2016-01-12,205.0,,,
2016-01-13,170.0,,,
2016-01-14,185.0,,,
2016-01-18,185.0,,,
2016-01-19,180.0,,,
2016-01-20,175.0,,,
2016-01-21,175.0,,,
2016-01-22,135.0,,,
2016-01-25,110.0,,,
2016-01-26,90.0,,,
2016-01-27,90.0,,,
2016-01-28,85.0,,,
2016-01-29,125.0,,,
2016-02-02,105.0,,,
2016-02-03,105.0,,,
2016-02-05,125.0,,,
2016-02-06,140.0,,,
2016-02-08,155.0,,,
2016-02-09,125.0,,,
2016-02-11,110.0,,,
2016-02-12,215.0,,,
2016-02-15,105.0,,,
2016-02-16,105.0,,,
2016-02-17,85.0,,,
2016-02-18,85.0,,,
2016-02-19,65.0,,,
2016-02-23,105.0,,,
2016-02-24,125.0,,,
2016-02-25,125.0,,,
2016-02-26,125.0,,,
2016-02-29,105.0,,,
2016-03-02,125.0,,,
2016-03-03,115.0,,,
2016-03-05,135.0,,,
2016-03-06,155.0,,,
2016-03-08,185.0,,,
2016-03-10,115.0,,,
2016-03-11,105.0,,,
2016-03-14,95.0,,,
2016-03-15,95.0,,,
2016-03-16,135.0,,,
2016-03-17,75.0,,,
2016-03-18,75.0,,,
2016-03-21,75.0,,,
2016-03-23,95.0,,,
2016-03-24,85.0,,,
2016-03-28,95.0,,,
2016-03-29,75.0,,,
2016-03-30,45.0,,,
2016-03-31,45.0,,,
2016-04-01,215.0,,,
2016-04-03,95.0,,,
2016-04-04,65.0,,,
2016-04-05,125.0,,,
2016-04-07,145.0,,,
2016-04-08,195.0,,,
2016-04-10,115.0,,,
2016-04-11,105.0,,,
2016-04-18,55.0,,,
2016-04-19,75.0,,,
2016-04-20,115.0,,,
2016-04-22,95.0,,,
2016-04-25,125.0,,,
2016-04-26,115.0,,,
2016-04-27,125.0,,,
2016-04-28,115.0,,,
2016-04-29,115.0,,,
2016-05-01,195.0,,,
2016-05-02,115.0,,,
2016-05-04,65.0,,,
2016-05-05,115.0,,,
2016-05-07,145.0,,,
2016-05-08,165.0,,,
2016-05-09,125.0,,,
2016-05-10,125.0,,,
2016-05-12,235.0,,,
2016-05-13,105.0,,,
2016-05-16,145.0,,,
2016-05-17,145.0,,,
2016-05-18,125.0,,,
2016-05-19,115.0,,,
2016-05-20,155.0,,,
2016-05-23,190.0,,,
2016-05-24,195.0,,,
2016-05-25,195.0,,,
2016-05-26,205.0,,,
2016-05-27,210.0,,,
2016-05-30,210.0,,,
2016-05-31,190.0,,,
2016-06-01,190.0,,,
2016-06-04,55.0,,,
2016-06-05,115.0,,,
2016-06-06,135.0,,,
2016-06-07,110.0,,,
2016-06-09,125.0,,,
2016-06-10,115.0,,,
2016-06-12,155.0,,,
2016-06-13,135.0,,,
2016-06-14,125.0,,,
2016-06-15,125.0,,,
2016-06-16,145.0,,,
2016-06-17,135.0,,,
2016-06-20,145.0,,,
2016-06-21,145.0,,,
2016-06-22,125.0,,,
2016-06-23,142.5,,,
2016-06-24,115.0,,,
2016-06-27,165.0,,,
2016-06-28,175.0,,,
2016-06-29,175.0,,,
2016-06-30,145.0,,,
2016-07-01,190.0,,,
2016-07-04,45.0,,,
2016-07-06,145.0,,,
2016-07-07,110.0,,,
2016-07-09,135.0,,,
2016-07-10,125.0,,,
2016-07-11,115.0,,,
2016-07-12,175.0,,,
2016-07-15,105.0,,,
2016-07-18,105.0,,,
2016-07-20,125.0,,,
2016-07-21,125.0,,,
2016-07-22,135.0,,,
2016-07-25,145.0,,,
2016-07-26,125.0,,,
2016-07-27,115.0,,,
2016-07-28,125.0,,,
2016-08-01,190.0,,,
2016-08-02,95.0,,,
2016-08-03,80.0,,,
2016-08-04,85.0,,,
2016-08-06,135.0,,,
2016-08-07,105.0,,,
2016-08-08,145.0,,,
2016-08-09,135.0,,,
2016-08-11,135.0,,,
2016-08-12,145.0,,,
2016-08-15,125.0,,,
2016-08-16,125.0,,,
2016-08-18,125.0,,,
2016-08-19,115.0,,,
2016-08-22,115.0,,,
2016-08-23,95.0,,,
2016-08-24,95.0,,,
2016-08-29,125.0,,,
2016-08-30,135.0,,,
2016-08-31,125.0,,,
2016-09-02,95.0,,,
2016-09-03,85.0,,,
2016-09-05,105.0,,,
2016-09-06,135.0,,,
2016-09-08,145.0,,,
2016-09-09,135.0,,,
2016-09-11,145.0,,,
2016-09-12,155.0,,,
2016-09-13,135.0,,,
2016-09-14,135.0,,,
2016-09-15,110.0,,,
2016-09-19,105.0,,,
2016-09-20,85.0,,,
2016-09-21,95.0,,,
2016-09-22,95.0,,,
2016-09-23,75.0,,,
2016-09-26,105.0,,,
2016-09-27,115.0,,,
2016-09-28,135.0,,,
2016-09-29,105.0,,,
2016-09-30,105.0,,,
2016-10-02,85.0,,,
2016-10-03,55.0,,,
2016-10-05,110.0,,,
2016-10-06,125.0,,,
2016-10-08,125.0,,,
2016-10-10,145.0,,,
2016-10-11,135.0,,,
2016-10-13,135.0,,,
2016-10-14,135.0,,,
2016-10-17,115.0,,,
2016-10-18,95.0,,,
2016-10-19,115.0,,,
2016-10-20,95.0,,,
2016-10-21,115.0,,,
2016-10-24,125.0,,,
2016-10-25,135.0,,,
2016-10-26,135.0,,,
2016-10-27,125.0,,,
2016-10-28,145.0,,,
2016-10-31,155.0,,,
2016-11-01,190.0,,,
2016-11-02,85.0,,,
2016-11-03,75.0,,,
2016-11-04,135.0,,,
2016-11-05,100.0,,,
2016-11-08,135.0,,,
2016-11-10,135.0,,,
2016-11-11,135.0,,,
2016-11-15,155.0,,,
2016-11-16,135.0,,,
2016-11-17,135.0,,,
2016-11-18,145.0,,,
2016-11-21,145.0,,,
2016-11-22,145.0,,,
2016-11-23,165.0,,,
2016-11-24,165.0,,,
2016-11-25,155.0,,,
2016-11-28,215.0,,,
2016-11-29,210.0,,,
2016-11-30,185.0,,,
2016-12-01,185.0,,,
2016-12-02,95.0,,,
2016-12-05,100.0,,,
2016-12-08,125.0,,,
2016-12-10,135.0,,,
2016-12-14,115.0,,,
2016-12-15,110.0,,,
2016-12-16,95.0,,,
2016-12-19,85.0,,,
2016-12-20,55.0,,,
2016-12-21,65.0,,,
2016-12-22,65.0,,,
2016-12-23,45.0,,,
2016-12-26,115.0,,,
2016-12-27,95.0,,,
2016-12-28,75.0,,,
2016-12-29,65.0,,,
2016-12-30,55.0,,,
2017-01-02,95.0,,,
2017-01-03,75.0,,,
2017-01-08,105.0,,,
2017-01-11,105.0,,,
2017-01-13,75.0,,,
2017-01-16,55.0,,,
2017-01-17,60.0,,,
2017-01-18,55.0,,,
2017-01-19,55.0,,,
2017-01-20,50.0,,,
2017-01-23,37.5,,,
2017-01-24,37.5,,,
2017-01-25,42.5,,,
2017-01-26,45.0,,,
2017-01-27,45.0,,,
2017-01-30,65.0,,,
2017-01-31,95.0,,,
2017-02-01,55.0,,,
2017-02-02,85.0,,,
2017-02-03,95.0,,,
2017-02-05,95.0,,,
2017-02-06,135.0,,,
2017-02-08,105.0,,,
2017-02-10,135.0,,,
2017-02-11,75.0,,,
2017-02-13,195.0,,,
2017-02-14,155.0,,,
2017-02-15,125.0,,,
2017-02-16,95.0,,,
2017-02-17,95.0,,,
2017-02-20,95.0,,,
2017-02-21,85.0,,,
2017-02-22,75.0,,,
2017-02-23,95.0,,,
2017-02-27,65.0,,,
2017-02-28,65.0,,,
2017-03-01,45.0,,,
2017-03-02,95.0,,,
2017-03-03,65.0,,,
2017-03-04,85.0,,,
2017-03-05,85.0,,,
2017-03-07,135.0,,,
2017-03-08,105.0,,,
2017-03-10,125.0,,,
2017-03-13,115.0,,,
2017-03-14,95.0,,,
2017-03-15,95.0,,,
2017-03-16,95.0,,,
2017-03-17,100.0,,,
2017-03-20,125.0,,,
2017-03-21,145.0,,,
2017-03-22,125.0,,,
2017-03-23,125.0,,,
2017-03-24,125.0,,,
2017-03-27,135.0,,,
2017-03-28,135.0,,,
2017-03-29,125.0,,,
2017-03-30,105.0,,,
2017-03-31,85.0,,,
2017-04-01,55.0,,,
2017-04-04,75.0,,,
2017-04-05,95.0,,,
2017-04-07,135.0,,,
2017-04-08,105.0,,,
2017-04-09,125.0,,,
2017-04-10,110.0,,,
2017-04-12,155.0,,,
2017-04-17,95.0,,,
2017-04-18,75.0,,,
2017-04-19,75.0,,,
2017-04-20,95.0,,,
2017-04-21,95.0,,,
2017-04-24,85.0,,,
2017-04-25,85.0,,,
2017-04-26,95.0,,,
2017-04-27,95.0,,,
2017-04-28,95.0,,,
2017-05-01,55.0,,,
2017-05-05,105.0,,,
2017-05-06,110.0,,,
2017-05-07,125.0,,,
2017-05-12,185.0,,,
2017-05-15,115.0,,,
2017-05-16,105.0,,,
2017-05-17,115.0,,,
2017-05-18,125.0,,,
2017-05-19,125.0,,,
2017-05-23,135.0,,,
2017-05-24,135.0,,,
2017-05-25,115.0,,,
2017-05-26,125.0,,,
2017-05-29,115.0,,,
2017-05-30,125.0,,,
2017-05-31,105.0,,,
2017-06-01,55.0,,,
2017-06-02,125.0,,,
2017-06-03,105.0,,,
2017-06-04,75.0,,,
2017-06-06,130.0,,,
2017-06-07,110.0,,,
2017-06-09,115.0,,,
2017-06-10,95.0,,,
2017-06-11,85.0,,,
2017-06-12,175.0,,,
2017-06-13,125.0,,,
2017-06-14,105.0,,,
2017-06-15,115.0,,,
2017-06-16,115.0,,,
2017-06-19,115.0,,,
2017-06-20,115.0,,,
2017-06-21,115.0,,,
2017-06-22,115.0,,,
2017-06-23,125.0,,,
2017-06-27,155.0,,,
2017-06-28,125.0,,,
2017-06-29,125.0,,,
2017-06-30,115.0,,,
2017-07-02,145.0,,,
2017-07-03,105.0,,,
2017-07-04,95.0,,,
2017-07-06,120.0,,,
2017-07-07,105.0,,,
2017-07-09,115.0,,,
2017-07-11,85.0,,,
2017-07-12,165.0,,,
2017-07-13,95.0,,,
2017-07-14,95.0,,,
2017-07-17,105.0,,,
2017-07-18,105.0,,,
2017-07-19,95.0,,,
2017-07-20,95.0,,,
2017-07-21,85.0,,,
2017-07-24,105.0,,,
2017-07-25,95.0,,,
2017-07-26,95.0,,,
2017-07-27,105.0,,,
2017-07-28,105.0,,,
2017-07-31,105.0,,,
2017-08-02,145.0,,,
2017-08-03,105.0,,,
2017-08-05,115.0,,,
2017-08-08,155.0,,,
2017-08-09,95.0,,,
2017-08-11,75.0,,,
2017-08-12,155.0,,,
2017-08-14,125.0,,,
2017-08-15,135.0,,,
2017-08-16,135.0,,,
2017-08-17,125.0,,,
2017-08-18,125.0,,,
2017-08-21,115.0,,,
2017-08-22,115.0,,,
2017-08-23,105.0,,,
2017-08-24,115.0,,,
2017-08-25,110.0,,,
2017-08-28,115.0,,,
2017-08-29,105.0,,,
2017-08-30,105.0,,,
2017-09-01,75.0,,,
2017-09-02,155.0,,,
2017-09-03,105.0,,,
2017-09-05,105.0,,,
2017-09-06,155.0,,,
2017-09-08,155.0,,,
2017-09-10,55.0,,,
2017-09-11,75.0,,,
2017-09-13,115.0,,,
2017-09-14,115.0,,,
2017-09-15,115.0,,,
2017-09-18,135.0,,,
2017-09-19,135.0,,,
2017-09-20,155.0,,,
2017-09-21,145.0,,,
2017-09-22,135.0,,,
2017-09-25,155.0,,,
2017-09-26,155.0,,,
2017-09-27,155.0,,,
2017-09-28,115.0,,,
2017-09-29,115.0,,,
2017-10-01,55.0,,,
2017-10-03,105.0,,,
2017-10-07,95.0,,,
2017-10-08,145.0,,,
2017-10-10,55.0,,,
2017-10-11,85.0,,,
2017-10-13,85.0,,,
2017-10-16,110.0,,,
2017-10-17,85.0,,,
2017-10-19,95.0,,,
2017-10-20,95.0,,,
2017-10-23,125.0,,,
2017-10-24,125.0,,,
2017-10-25,125.0,,,
2017-10-26,135.0,,,
2017-10-27,95.0,,,
2017-10-30,110.0,,,
2017-10-31,110.0,,,
2017-11-01,65.0,,,
2017-11-04,150.0,,,
2017-11-07,85.0,,,
2017-11-08,165.0,,,
2017-11-09,95.0,,,
2017-11-10,75.0,,,
2017-11-12,225.0,,,
2017-11-13,135.0,,,
2017-11-14,135.0,,,
2017-11-15,155.0,,,
2017-11-16,145.0,,,
2017-11-17,145.0,,,
2017-11-20,125.0,,,
2017-11-21,85.0,,,
2017-11-22,85.0,,,
2017-11-23,85.0,,,
2017-11-24,75.0,,,
2017-11-27,115.0,,,
2017-11-28,115.0,,,
2017-11-29,125.0,,,
2017-11-30,135.0,,,
2017-12-04,155.0,,,
2017-12-05,125.0,,,
2017-12-06,135.0,,,
2017-12-07,75.0,,,
2017-12-09,105.0,,,
2017-12-10,95.0,,,
2017-12-12,225.0,,,
2017-12-13,190.0,,,
2017-12-14,195.0,,,
2017-12-15,205.0,,,
2017-12-18,155.0,,,
2017-12-19,165.0,,,
2017-12-20,165.0,,,
2017-12-21,175.0,,,
2017-12-22,175.0,,,
2017-12-26,245.0,,,
2017-12-27,225.0,,,
2017-12-28,205.0,,,
2017-12-29,195.0,,,
2018-01-02,145.0,,,
2018-01-05,125.0,,,
2018-01-05,125.0,,,
2018-01-08,145.0,,,
2018-01-10,75.0,,,
2018-01-11,195.0,,,
2018-01-15,190.0,,,
2018-01-16,145.0,,,
2018-01-17,135.0,,,
2018-01-18,135.0,,,
2018-01-19,145.0,,,
2018-01-22,175.0,,,
2018-01-23,135.0,,,
2018-01-24,110.0,,,
2018-01-25,110.0,,,
2018-01-26,145.0,,,
2018-01-29,165.0,,,
2018-01-30,155.0,,,
2018-02-01,255.0,,,
2018-02-02,105.0,,,
2018-02-03,65.0,,,
2018-02-04,45.0,,,
2018-02-05,110.0,,,
2018-02-05,110.0,,,
2018-02-07,230.0,,,
2018-02-08,145.0,,,
2018-02-10,75.0,,,
2018-02-11,170.0,,,
2018-02-14,125.0,,,
2018-02-15,125.0,,,
2018-02-16,165.0,,,
2018-02-19,125.0,,,
2018-02-20,125.0,,,
2018-02-21,125.0,,,
2018-02-22,145.0,,,
2018-02-23,155.0,,,
2018-02-26,125.0,,,
2018-02-27,85.0,,,
2018-02-28,75.0,,,
2018-03-01,195.0,,,
2018-03-04,45.0,,,
2018-03-05,95.0,,,
2018-03-05,95.0,,,
2018-03-07,210.0,,,
2018-03-08,135.0,,,
2018-03-09,95.0,,,
2018-03-10,72.5,,,
2018-03-12,85.0,,,
2018-03-13,95.0,,,
2018-03-14,85.0,,,
2018-03-15,75.0,,,
2018-03-16,105.0,,,
2018-03-19,105.0,,,
2018-03-20,95.0,,,
2018-03-21,85.0,,,
2018-03-22,75.0,,,
2018-03-23,85.0,,,
2018-03-26,85.0,,,
2018-03-27,75.0,,,
2018-03-28,65.0,,,
2018-04-01,175.0,,,
2018-04-04,40.0,,,
2018-04-05,110.0,,,
2018-04-05,110.0,,,
2018-04-07,210.0,,,
2018-04-09,95.0,,,
2018-04-10,85.0,,,
2018-04-12,95.0,,,
2018-04-17,65.0,,,
2018-04-18,45.0,,,
2018-04-19,35.0,,,
2018-04-20,45.0,,,
2018-04-23,95.0,,,
2018-04-24,115.0,,,
2018-04-25,95.0,,,
2018-04-26,105.0,,,
2018-04-27,105.0,,,
2018-05-01,165.0,,,
2018-05-02,145.0,,,
2018-05-03,95.0,,,
2018-05-04,37.5,,,
2018-05-06,275.0,,,
2018-05-07,190.0,,,
2018-05-09,75.0,,,
2018-05-10,75.0,,,
2018-05-11,190.0,,,
2018-05-12,110.0,,,
2018-05-14,115.0,,,
2018-05-14,115.0,,,
2018-05-15,105.0,,,
2018-05-15,105.0,,,
2018-05-16,125.0,,,
2018-05-16,125.0,,,
2018-05-17,125.0,,,
2018-05-17,125.0,,,
2018-05-21,125.0,,,
2018-05-21,125.0,,,
2018-05-22,175.0,,,
2018-05-22,175.0,,,
2018-05-23,175.0,,,
2018-05-23,175.0,,,
2018-05-24,165.0,,,
2018-05-24,165.0,,,
2018-05-25,165.0,,,
2018-05-25,165.0,,,
2018-05-28,195.0,,,
2018-05-28,195.0,,,
2018-05-30,235.0,,,
2018-05-30,235.0,,,
2018-05-31,260.0,,,
2018-05-31,260.0,,,
2018-06-03,75.0,,,
2018-06-04,45.0,,,
2018-06-06,195.0,,,
2018-06-07,210.0,,,
2018-06-08,145.0,,,
2018-06-09,75.0,,,
2018-06-12,110.0,,,
2018-06-13,195.0,,,
2018-06-14,195.0,,,
2018-06-18,190.0,,,
2018-06-19,225.0,,,
2018-06-20,210.0,,,
2018-06-21,210.0,,,
2018-06-22,255.0,,,
2018-06-25,205.0,,,
2018-06-26,225.0,,,
2018-06-28,235.0,,,
2018-06-29,190.0,,,
2018-07-02,105.0,,,
2018-07-03,95.0,,,
2018-07-06,195.0,,,
2018-07-08,155.0,,,
2018-07-09,75.0,,,
2018-07-11,235.0,,,
2018-07-12,115.0,,,
2018-07-13,170.0,,,
2018-07-16,245.0,,,
2018-07-17,245.0,,,
2018-07-18,225.0,,,
2018-07-19,225.0,,,
2018-07-20,210.0,,,
2018-07-23,225.0,,,
2018-07-24,195.0,,,
2018-07-25,175.0,,,
2018-07-26,135.0,,,
2018-07-30,145.0,,,
2018-07-31,155.0,,,
2018-08-01,225.0,,,
2018-08-02,115.0,,,
2018-08-03,,,,
2018-08-05,110.0,,,
2018-08-05,110.0,,,
2018-08-06,195.0,,,
2018-08-08,115.0,,,
2018-08-10,115.0,,,
2018-08-11,190.0,,,
2018-08-13,165.0,,,
2018-08-14,175.0,,,
2018-08-15,175.0,,,
2018-08-16,165.0,,,
2018-08-17,155.0,,,
2018-08-20,145.0,,,
2018-08-21,175.0,,,
2018-08-28,125.0,,,
2018-09-01,215.0,,,
2018-09-02,125.0,,,
2018-09-03,,,,
2018-09-04,45.0,,,
2018-09-05,95.0,,,
2018-09-05,95.0,,,
2018-09-07,225.0,,,
2018-09-08,115.0,,,
2018-09-10,115.0,,,
2018-09-11,190.0,,,
2018-09-13,95.0,,,
2018-09-14,75.0,,,
2018-09-17,75.0,,,
2018-09-18,75.0,,,
2018-09-19,85.0,,,
2018-09-20,75.0,,,
2018-09-21,75.0,,,
2018-09-25,75.0,,,
2018-09-26,65.0,,,
2018-09-27,65.0,,,
2018-09-28,75.0,,,
2018-10-01,230.0,,,
2018-10-04,45.0,,,
2018-10-05,95.0,,,
2018-10-05,95.0,,,
2018-10-07,190.0,,,
2018-10-08,125.0,,,
2018-10-09,95.0,,,
2018-10-10,115.0,,,
2018-10-12,175.0,,,
2018-10-15,190.0,,,
2018-10-16,175.0,,,
2018-10-17,175.0,,,
2018-10-18,175.0,,,
2018-10-19,175.0,,,
2018-10-22,175.0,,,
2018-10-23,185.0,,,
2018-10-25,175.0,,,
2018-10-26,175.0,,,
2018-10-29,185.0,,,
2018-10-30,170.0,,,
2018-10-31,170.0,,,
2018-11-01,190.0,,,
2018-11-04,55.0,,,
2018-11-05,85.0,,,
2018-11-05,85.0,,,
2018-11-06,190.0,,,
2018-11-07,210.0,,,
2018-11-09,95.0,,,
2018-11-10,125.0,,,
2018-11-12,165.0,,,
2018-11-13,210.0,,,
2018-11-14,245.0,,,
2018-11-15,275.0,,,
2018-11-16,240.0,,,
2018-11-19,160.0,,,
2018-11-21,135.0,,,
2018-11-23,145.0,,,
2018-11-26,145.0,,,
2018-11-27,135.0,,,
2018-11-28,110.0,,,
2018-11-29,90.0,,,
2018-11-30,75.0,,,
2018-12-01,150.0,,,
2018-12-02,175.0,,,
2018-12-03,95.0,,,
2018-12-04,75.0,,,
2018-12-06,210.0,,,
2018-12-07,190.0,,,
2018-12-09,105.0,,,
2018-12-10,115.0,,,
2018-12-11,190.0,,,
2018-12-12,175.0,,,
2018-12-13,205.0,,,
2018-12-14,215.0,,,
2018-12-17,210.0,,,
2018-12-18,190.0,,,
2018-12-19,160.0,,,
2018-12-20,155.0,,,
2018-12-21,155.0,,,
2018-12-24,125.0,,,
2018-12-26,145.0,,,
2018-12-27,135.0,,,
2018-12-28,110.0,,,
2018-12-31,145.0,,,
2019-01-01,,,,
2019-01-02,75.0,,,
2019-01-03,65.0,,,
2019-01-04,85.0,,,
2019-01-07,85.0,,,
2019-01-10,125.0,,,
2019-01-11,110.0,,,
2019-01-14,95.0,,,
2019-01-16,85.0,,,
2019-01-17,85.0,,,
2019-01-18,95.0,,,
2019-01-21,,,,
2019-01-22,115.0,,,
2019-01-23,95.0,,,
2019-01-24,85.0,,,
2019-01-25,85.0,,,
2019-01-28,75.0,,,
2019-01-29,75.0,,,
2019-01-30,75.0,,,
2019-01-31,65.0,,,
2019-02-01,110.0,,,
2019-02-04,85.0,,,
2019-02-05,235.0,,,
2019-02-07,85.0,,,
2019-02-08,115.0,,,
2019-02-10,135.0,,,
2019-02-12,95.0,,,
2019-02-13,65.0,,,
2019-02-14,65.0,,,
2019-02-15,65.0,,,
2019-02-18,75.0,,,
2019-02-20,75.0,,,
2019-02-21,75.0,,,
2019-02-22,85.0,,,
2019-02-25,95.0,,,
2019-02-26,85.0,,,
2019-02-27,75.0,,,
2019-02-28,75.0,,,
2019-03-01,95.0,,,
2019-03-04,85.0,,,
2019-03-05,225.0,,,
2019-03-06,145.0,,,
2019-03-07,75.0,,,
2019-03-09,210.0,,,
2019-03-10,125.0,,,
2019-03-12,115.0,,,
2019-03-13,55.0,,,
2019-03-14,65.0,,,
2019-03-15,65.0,,,
2019-03-18,75.0,,,
2019-03-19,65.0,,,
2019-03-21,65.0,,,
2019-03-22,65.0,,,
2019-03-25,75.0,,,
2019-03-26,75.0,,,
2019-03-27,75.0,,,
2019-03-28,75.0,,,
2019-03-29,85.0,,,
2019-04-01,75.0,,,
2019-04-04,75.0,,,
2019-04-06,175.0,,,
2019-04-07,75.0,,,
2019-04-09,195.0,,,
2019-04-10,135.0,,,
2019-04-11,125.0,,,
2019-04-12,115.0,,,
2019-04-17,135.0,,,
2019-04-18,115.0,,,
2019-04-23,175.0,,,
2019-04-24,205.0,,,
2019-04-25,235.0,,,
2019-04-26,225.0,,,
2019-04-29,245.0,,,
2019-04-30,245.0,,,
2019-05-02,65.0,,,
2019-05-03,65.0,,,
2019-05-04,75.0,,,
2019-05-07,75.0,,,
2019-05-09,180.0,,,
2019-05-11,135.0,,,
2019-05-12,95.0,,,
2019-05-13,170.0,,,
2019-05-14,145.0,,,
2019-05-15,125.0,,,
2019-05-16,110.0,,,
2019-05-17,145.0,,,
2019-05-21,135.0,,,
2019-05-22,125.0,,,
2019-05-23,125.0,,,
2019-05-27,135.0,,,
2019-05-28,165.0,,,
2019-05-29,165.0,,,
2019-05-30,145.0,,,
2019-05-31,145.0,,,
2019-06-02,45.0,,,
2019-06-03,55.0,,,
2019-06-05,255.0,,,
2019-06-06,145.0,,,
2019-06-08,115.0,,,
2019-06-09,180.0,,,
2019-06-11,125.0,,,
2019-06-12,135.0,,,
2019-06-13,125.0,,,
2019-06-14,125.0,,,
2019-06-17,125.0,,,
2019-06-18,115.0,,,
2019-06-19,85.0,,,
2019-06-20,75.0,,,
2019-06-21,110.0,,,
2019-06-24,75.0,,,
2019-06-25,65.0,,,
2019-06-26,65.0,,,
2019-06-27,65.0,,,
2019-06-28,65.0,,,
2019-07-01,115.0,,,
2019-07-02,45.0,,,
2019-07-03,55.0,,,
2019-07-05,245.0,,,
2019-07-06,125.0,,,
2019-07-08,105.0,,,
2019-07-10,135.0,,,
2019-07-11,110.0,,,
2019-07-15,75.0,,,
2019-07-17,75.0,,,
2019-07-18,95.0,,,
2019-07-19,85.0,,,
2019-07-23,125.0,,,
2019-07-24,125.0,,,
2019-07-25,135.0,,,
2019-07-26,135.0,,,
2019-07-29,145.0,,,
2019-07-30,125.0,,,
2019-08-01,125.0,,,
2019-08-02,45.0,,,
2019-08-03,55.0,,,
2019-08-04,75.0,,,
2019-08-05,235.0,,,
2019-08-07,75.0,,,
2019-08-08,95.0,,,
2019-08-10,145.0,,,
2019-08-11,110.0,,,
2019-08-13,135.0,,,
2019-08-15,145.0,,,
2019-08-16,135.0,,,
2019-08-19,175.0,,,
2019-08-20,155.0,,,
2019-08-21,145.0,,,
2019-08-22,145.0,,,
2019-08-23,125.0,,,
2019-08-26,175.0,,,
2019-08-27,190.0,,,
2019-08-28,195.0,,,
2019-08-29,185.0,,,
2019-08-30,185.0,,,
2019-09-01,125.0,,,
2019-09-04,85.0,,,
2019-09-05,235.0,,,
2019-09-07,75.0,,,
2019-09-08,85.0,,,
2019-09-09,175.0,,,
2019-09-10,135.0,,,
2019-09-12,210.0,,,
2019-09-16,145.0,,,
2019-09-17,140.0,,,
2019-09-18,130.0,,,
2019-09-19,125.0,,,
2019-09-20,115.0,,,
2019-09-23,125.0,,,
2019-09-24,125.0,,,
2019-09-25,115.0,,,
2019-09-26,105.0,,,
2019-09-27,95.0,,,
2019-09-30,135.0,,,
2019-10-01,145.0,,,
2019-10-04,145.0,,,
2019-10-05,225.0,,,
2019-10-06,125.0,,,
2019-10-07,75.0,,,
2019-10-09,175.0,,,
2019-10-10,135.0,,,
2019-10-12,245.0,,,
2019-10-14,135.0,,,
2019-10-15,125.0,,,
2019-10-16,125.0,,,
2019-10-17,95.0,,,
2019-10-18,85.0,,,
2019-10-21,85.0,,,
2019-10-22,85.0,,,
2019-10-23,75.0,,,
2019-10-24,75.0,,,
2019-10-25,75.0,,,
2019-10-28,115.0,,,
2019-10-29,115.0,,,
2019-10-30,125.0,,,
2019-10-31,100.0,,,
2019-11-01,115.0,,,
2019-11-02,65.0,,,
2019-11-03,55.0,,,
2019-11-04,155.0,,,
2019-11-06,115.0,,,
2019-11-07,75.0,,,
2019-11-10,135.0,,,
2019-11-11,110.0,,,
2019-11-13,105.0,,,
2019-11-14,95.0,,,
2019-11-15,75.0,,,
2019-11-18,,,,
2019-11-19,55.0,,,
2019-11-20,45.0,,,
2019-11-21,37.5,,,
2019-11-22,55.0,,,
2019-11-25,55.0,,,
2019-11-26,55.0,,,
2019-11-27,55.0,,,
2019-11-28,65.0,,,
2019-11-29,65.0,,,
2019-12-02,65.0,,,
2019-12-03,55.0,,,
2019-12-04,155.0,,,
2019-12-06,125.0,,,
2019-12-07,75.0,,,
2019-12-09,160.0,,,
2019-12-12,290.0,,,
2019-12-13,290.0,,,
2019-12-16,310.0,,,
2019-12-17,290.0,,,
2019-12-18,260.0,,,
2019-12-19,275.0,,,
2019-12-20,285.0,,,
2019-12-23,280.0,,,
2019-12-24,290.0,,,
2019-12-26,345.0,,,
2019-12-27,325.0,,,
2019-12-30,310.0,,,
2019-12-31,310.0,,,
2020-01-01,,296.43,305.0,181.5
2020-01-07,95.0,125.0,110.0,181.45
2020-01-10,190.0,135.0,135.0,181.42
2020-01-12,225.0,155.0,170.0,181.41
2020-01-13,255.0,425.0,395.0,181.41
2020-01-14,255.0,365.0,355.0,181.3
2020-01-16,235.0,380.0,385.0,181.53
2020-01-17,310.0,390.0,400.0,181.38
2020-01-20,240.0,390.0,360.0,181.31
2020-01-21,245.0,370.0,330.0,181.34
2020-01-22,210.0,370.0,335.0,181.33
2020-01-23,190.0,360.0,380.0,181.47
2020-01-24,210.0,325.0,365.0,181.42
2020-01-27,260.0,360.0,305.0,181.44
2020-01-28,290.0,390.0,350.0,181.53
2020-01-29,290.0,440.0,410.0,181.53
2020-01-30,290.0,465.0,410.0,181.5
2020-01-31,310.0,465.0,420.0,181.59
2020-02-01,340.0,340.0,305.0,181.52
2020-02-03,155.0,125.0,130.0,181.4
2020-02-07,95.0,125.0,105.0,181.34
2020-02-09,185.0,115.0,105.0,181.36
2020-02-10,190.0,135.0,135.0,181.37
2020-02-11,95.0,115.0,85.0,181.42
2020-02-12,210.0,175.0,180.0,181.42
2020-02-14,160.0,260.0,275.0,181.46
2020-02-17,155.0,175.0,150.0,181.48
2020-02-18,155.0,155.0,115.0,181.53
2020-02-19,155.0,155.0,175.0,181.62
2020-02-20,155.0,160.0,145.0,181.9
2020-02-24,145.0,175.0,200.0,181.84
2020-02-25,125.0,190.0,170.0,181.78
2020-02-26,145.0,190.0,165.0,181.75
2020-02-27,155.0,170.0,135.0,181.69
2020-02-28,175.0,145.0,125.0,181.81
2020-03-01,340.0,375.0,375.0,181.89
2020-03-02,270.0,410.0,390.0,181.93
2020-03-03,145.0,125.0,125.0,182.08
2020-03-07,95.0,135.0,110.0,181.9
2020-03-09,195.0,115.0,105.0,181.85
2020-03-11,95.0,125.0,165.0,182.45
2020-03-12,175.0,155.0,165.0,182.43
2020-03-13,75.0,155.0,150.0,182.82
2020-04-03,125.0,135.0,125.0,191.0
2020-04-08,195.0,85.0,90.0,198.42
2020-04-09,175.0,115.0,120.0,199.75
2020-04-11,95.0,135.0,165.0,197.48
2020-04-12,175.0,165.0,185.0,196.35
2020-05-02,245.0,360.0,350.0,192.41
2020-05-03,110.0,185.0,155.0,192.19
2020-05-10,190.0,135.0,130.0,188.47
2020-05-11,115.0,135.0,140.0,188.35
2020-06-01,270.0,355.0,325.0,186.15
2020-06-03,95.0,175.0,160.0,185.86
2020-06-07,75.0,115.0,105.0,185.56
2020-06-08,,121.67,120.0,185.48
2020-06-10,190.0,135.0,125.0,185.09
2020-06-11,115.0,125.0,115.0,185.11
2020-06-15,135.0,145.0,115.0,185.18
2020-06-16,125.0,135.0,110.0,185.66
2020-06-17,115.0,125.0,115.0,185.95
2020-06-18,95.0,125.0,105.0,186.61
2020-06-19,95.0,115.0,85.0,186.56
2020-06-22,85.0,125.0,100.0,186.6
2020-06-23,75.0,125.0,130.0,186.6
2020-06-24,75.0,145.0,130.0,186.67
2020-06-25,85.0,155.0,135.0,186.59
2020-06-26,95.0,145.0,115.0,186.44
2020-06-29,95.0,135.0,120.0,186.12
2020-06-30,95.0,135.0,110.0,186.23
2020-07-01,310.0,340.0,315.0,186.21
2020-07-07,75.0,105.0,105.0,185.87
2020-07-08,255.0,125.0,125.0,185.85
2020-07-09,175.0,115.0,110.0,185.83
2020-07-10,190.0,125.0,145.0,185.71
2020-07-12,145.0,155.0,130.0,185.82
2020-07-13,110.0,115.0,100.0,185.87
2020-07-14,125.0,125.0,95.0,185.91
2020-07-15,125.0,105.0,92.5,185.84
2020-07-16,115.0,95.0,90.0,185.81
2020-07-17,115.0,105.0,92.5,185.8
2020-07-20,125.0,105.0,85.0,185.78
2020-07-21,135.0,105.0,75.0,185.75
2020-07-22,135.0,85.0,77.5,185.78
2020-07-23,135.0,95.0,85.0,185.79
2020-07-24,135.0,85.0,80.0,185.75
2020-07-27,175.0,95.0,85.0,185.77
2020-07-28,155.0,95.0,82.5,185.75
2020-07-29,155.0,75.0,85.0,185.76
2020-07-30,185.0,95.0,80.0,185.72
2020-07-31,190.0,105.0,87.5,185.68
2020-08-01,250.0,290.0,260.0,185.66
2020-08-07,85.0,105.0,100.0,185.44
2020-08-09,195.0,125.0,110.0,185.37
2020-08-10,175.0,135.0,125.0,185.33
2020-08-12,165.0,155.0,95.0,184.28
2020-08-13,255.0,85.0,85.0,183.46
2020-08-14,225.0,85.0,77.5,182.64
2020-08-17,225.0,75.0,80.0,182.82
2020-08-18,225.0,85.0,80.0,183.31
2020-08-19,190.0,95.0,67.5,184.08
2020-08-20,210.0,95.0,77.5,185.27
2020-08-21,190.0,85.0,85.0,186.06
2020-08-24,190.0,125.0,110.0,184.12
2020-08-25,190.0,135.0,110.0,184.72
2020-08-26,155.0,125.0,102.5,186.12
2020-08-27,155.0,125.0,115.0,186.33
2020-08-28,175.0,125.0,95.0,186.25
2020-09-01,245.0,305.0,300.0,186.13
2020-09-07,95.0,95.0,95.0,185.21
2020-09-09,165.0,115.0,115.0,184.4
2020-09-10,170.0,125.0,115.0,184.35
2020-09-11,125.0,125.0,125.0,184.74
2020-09-12,,125.0,125.0,184.67
2020-09-14,210.0,125.0,135.0,184.55
2020-09-15,210.0,135.0,135.0,184.21
2020-09-16,175.0,135.0,120.0,184.41
2020-09-17,175.0,145.0,130.0,184.89
2020-09-18,200.0,145.0,115.0,184.96
2020-09-21,210.0,155.0,150.0,185.39
2020-09-22,215.0,155.0,145.0,185.53
2020-09-23,205.0,145.0,135.0,185.38
2020-09-24,155.0,145.0,135.0,185.1
2020-09-25,160.0,145.0,145.0,185.02
2020-09-28,195.0,135.0,135.0,185.2
2020-09-29,195.0,135.0,135.0,185.28
2020-09-30,190.0,145.0,135.0,185.52
2020-10-03,75.0,155.0,145.0,184.82
2020-10-07,95.0,115.0,105.0,184.71
2020-10-08,155.0,85.0,62.5,184.47
2020-10-09,190.0,115.0,115.0,184.19
2020-10-11,125.0,135.0,150.0,184.19
2020-10-13,145.0,115.0,105.0,184.19
2020-10-14,115.0,115.0,105.0,184.27
2020-10-15,110.0,115.0,105.0,184.6
2020-10-16,110.0,115.0,125.0,184.69
2020-10-19,155.0,115.0,112.5,184.32
2020-10-20,155.0,110.0,115.0,184.31
2020-10-21,175.0,125.0,107.5,184.42
2020-10-22,145.0,135.0,115.0,184.35
2020-10-23,115.0,125.0,110.0,184.3
2020-10-26,125.0,135.0,120.0,184.54
2020-10-27,115.0,115.0,115.0,184.33
2020-10-28,125.0,115.0,105.0,184.3
2020-10-29,145.0,135.0,130.0,184.28
2020-11-03,65.0,145.0,140.0,184.43
2020-11-08,175.0,95.0,75.0,184.46
2020-11-09,195.0,115.0,125.0,184.47
2020-11-11,125.0,135.0,125.0,184.52
2020-11-12,190.0,155.0,135.0,184.6
2020-11-13,145.0,145.0,130.0,184.6
2020-11-16,190.0,165.0,190.0,184.61
2020-11-17,210.0,165.0,165.0,185.01
2020-11-18,185.0,155.0,137.5,184.9
2020-11-19,165.0,145.0,135.0,184.93
2020-11-20,165.0,145.0,115.0,184.64
2020-11-23,195.0,155.0,125.0,185.12
2020-11-24,210.0,155.0,125.0,185.48
2020-11-25,210.0,145.0,130.0,185.4
2020-11-26,190.0,145.0,132.5,185.51
2020-11-27,205.0,155.0,133.12,185.22
2020-11-30,230.0,155.0,135.0,184.96
2020-12-03,75.0,145.0,140.0,186.88
2020-12-08,225.0,95.0,95.0,186.23
2020-12-10,155.0,135.0,105.0,185.92
2020-12-11,135.0,145.0,150.0,185.91
2020-12-14,155.0,145.0,155.0,186.02
2020-12-15,175.0,145.0,160.0,186.73
2020-12-16,155.0,135.0,160.0,187.89
2020-12-17,145.0,135.0,125.0,188.07
2020-12-18,135.0,135.0,150.0,187.88
2020-12-21,145.0,125.0,120.0,187.86
2020-12-22,155.0,125.0,120.0,187.7
2020-12-23,145.0,110.0,120.0,189.28
2020-12-24,135.0,135.0,100.0,190.22
2020-12-28,185.0,105.0,115.0,190.28
2020-12-30,155.0,115.0,100.0,187.97
2020-12-31,175.0,135.0,100.0,186.41
2021-01-01,155.0,125.0,150.0,185.39
2021-01-02,125.0,155.0,220.0,185.35
2021-01-03,115.0,165.0,180.0,185.31
2021-01-04,145.0,125.0,105.0,185.28
2021-01-07,135.0,125.0,135.0,185.0
2021-01-09,190.0,90.0,72.5,186.18
2021-01-10,170.0,115.0,82.5,186.85
2021-01-11,170.0,160.0,175.0,187.53
2021-01-13,115.0,125.0,100.0,186.99
2021-01-15,125.0,125.0,105.0,191.04
2021-01-18,165.0,135.0,100.0,192.74
2021-01-19,195.0,135.0,115.0,193.65
2021-01-20,215.0,160.0,150.0,194.8
2021-01-21,225.0,135.0,135.0,194.8
2021-01-22,215.0,145.0,105.0,196.42
2021-01-25,190.0,135.0,120.0,196.8
2021-01-26,225.0,125.0,142.5,196.15
2021-01-27,210.0,145.0,190.0,195.86
2021-01-29,205.0,195.0,205.0,194.39
2021-02-02,135.0,155.0,150.0,192.57
2021-02-03,115.0,155.0,135.0,194.0
2021-02-07,125.0,125.0,135.0,193.96
2021-02-08,215.0,95.0,135.0,193.74
2021-02-09,145.0,85.0,80.0,194.36
2021-02-11,170.0,155.0,170.0,194.5
2021-02-12,230.0,230.0,200.0,194.62
2021-02-15,155.0,125.0,130.0,193.97
2021-02-16,135.0,145.0,135.0,193.97
2021-02-17,135.0,125.0,135.0,194.96
2021-02-18,135.0,135.0,120.0,194.85
2021-02-19,135.0,135.0,130.0,194.85
2021-02-22,135.0,125.0,115.0,194.83
2021-02-23,125.0,105.0,115.0,194.21
2021-02-24,110.0,115.0,115.0,194.06
2021-02-25,115.0,135.0,125.0,194.01
2021-03-02,115.0,135.0,155.0,194.5
2021-03-03,125.0,175.0,140.0,195.63
2021-03-05,110.0,135.0,132.0,195.36
2021-03-08,215.0,105.0,120.0,195.5
2021-03-11,175.0,155.0,155.0,196.26
2021-03-12,255.0,225.0,235.0,196.53
2021-03-15,190.0,135.0,160.0,196.04
2021-03-16,175.0,135.0,135.0,196.78
2021-03-17,190.0,125.0,130.0,198.49
2021-03-18,175.0,125.0,140.0,197.45
2021-03-19,175.0,125.0,125.0,199.28
2021-03-22,175.0,135.0,125.0,197.47
2021-03-23,155.0,125.0,130.0,197.77
2021-03-24,165.0,125.0,120.0,198.95
2021-03-25,155.0,115.0,115.0,198.0
2021-03-26,155.0,125.0,125.0,198.44
2021-03-29,175.0,125.0,125.0,198.17
2021-03-30,175.0,125.0,115.0,199.44
2021-03-31,155.0,125.0,115.0,199.04
2021-04-01,95.0,110.0,100.0,199.22
2021-04-03,125.0,175.0,155.0,199.3
2021-04-05,95.0,125.0,139.0,199.38
2021-04-08,225.0,95.0,115.0,200.02
2021-04-10,210.0,95.0,90.0,199.89
2021-04-19,65.0,135.0,145.0,194.45
2021-04-20,55.0,125.0,115.0,191.97
2021-04-21,65.0,135.0,115.0,191.88
2021-04-22,85.0,145.0,130.0,192.0
2021-04-23,115.0,135.0,135.0,191.94
2021-04-27,95.0,135.0,110.0,197.5
2021-04-28,115.0,135.0,103.75,197.5
2021-04-29,95.0,135.0,97.5,199.75
2021-04-30,125.0,125.0,91.25,199.54
2021-05-01,85.0,105.0,85.0,199.44
2021-05-02,125.0,135.0,150.0,199.33
2021-05-03,135.0,165.0,160.0,199.23
2021-05-04,165.0,135.0,100.0,199.69
2021-05-05,85.0,110.0,120.0,199.59
2021-05-07,145.0,110.0,135.0,199.52
2021-05-08,190.0,105.0,85.0,199.51
2021-05-10,210.0,85.0,85.0,199.51
2021-05-11,210.0,195.0,165.0,199.58
2021-05-13,135.0,125.0,125.0,199.5
2021-05-17,125.0,125.0,140.0,199.5
2021-05-18,125.0,125.0,150.0,199.79
2021-05-19,125.0,125.0,152.5,199.67
2021-05-20,210.0,135.0,150.0,199.66
2021-05-21,210.0,145.0,160.0,199.9
2021-06-01,85.0,105.0,95.0,199.5
2021-06-04,105.0,125.0,85.0,199.69
2021-06-05,85.0,105.0,110.0,199.69
2021-06-07,125.0,115.0,97.5,199.69
2021-06-08,210.0,115.0,100.0,199.7
2021-06-09,130.0,90.0,80.0,199.82
2021-06-10,210.0,85.0,85.0,199.68
2021-06-12,290.0,260.0,240.0,199.8
2021-06-18,190.0,135.0,125.0,199.83
2021-06-21,275.0,145.0,135.0,199.87
2021-06-22,260.0,145.0,145.0,199.91
2021-06-23,230.0,145.0,152.5,199.89
2021-06-25,185.0,165.0,145.0,199.87
2021-06-28,165.0,135.0,137.5,199.89
2021-06-29,165.0,135.0,135.0,199.9
2021-06-30,145.0,125.0,130.0,201.14
2021-07-01,85.0,95.0,97.5,200.78
2021-07-04,95.0,125.0,95.0,200.11
2021-07-05,75.0,95.0,110.0,199.91
2021-07-07,125.0,110.0,110.0,199.9
2021-07-10,225.0,85.0,95.0,199.9
2021-07-12,290.0,275.0,270.0,199.91
2021-07-13,205.0,110.0,105.0,199.9
2021-07-14,205.0,110.0,100.0,199.9
2021-07-15,200.0,95.0,95.0,199.9
2021-07-16,200.0,105.0,100.0,199.9
2021-07-19,210.0,95.0,95.0,199.89
2021-07-20,235.0,105.0,100.0,199.9
2021-07-22,265.0,105.0,100.0,199.9
2021-07-26,245.0,125.0,115.0,199.93
2021-07-27,215.0,115.0,130.0,199.91
2021-07-28,235.0,135.0,135.0,199.9
2021-07-29,225.0,125.0,140.0,199.9
2021-07-30,210.0,105.0,120.0,199.9
2021-08-01,115.0,125.0,100.0,199.9
2021-08-02,145.0,165.0,150.0,199.9
2021-08-03,135.0,125.0,125.0,199.9
2021-08-04,85.0,125.0,105.0,199.9
2021-08-06,130.0,135.0,135.0,199.9
2021-08-07,135.0,110.0,100.0,199.9
2021-08-10,245.0,95.0,105.0,199.9
2021-08-11,230.0,185.0,185.0,199.92
2021-08-12,290.0,280.0,265.0,199.92
2021-08-13,210.0,95.0,110.0,199.92
2021-08-16,195.0,95.0,95.0,199.98
2021-08-17,220.0,85.0,75.0,199.92
2021-08-18,185.0,85.0,95.0,199.9
2021-08-19,190.0,85.0,105.0,199.9
2021-08-20,190.0,85.0,85.0,199.9
2021-08-24,155.0,90.0,110.0,199.9
2021-08-25,170.0,110.0,100.0,199.9
2021-09-02,145.0,135.0,125.0,210.0
2021-09-03,125.0,135.0,100.0,207.35
2021-09-04,85.0,125.0,115.0,207.35
2021-09-06,165.0,155.0,145.0,207.35
2021-09-07,135.0,105.0,120.0,207.35
2021-09-08,190.0,105.0,110.0,199.95
2021-09-09,145.0,95.0,80.0,199.98
2021-09-11,235.0,195.0,185.0,200.0
2021-09-12,315.0,275.0,285.0,200.0
2021-09-13,135.0,105.0,70.0,200.0
2021-09-14,115.0,95.0,70.0,200.0
2021-09-15,125.0,85.0,65.0,200.0
2021-09-16,95.0,85.0,80.0,200.01
2021-09-17,95.0,85.0,70.0,200.0
2021-09-21,125.0,85.0,75.0,199.93
2021-09-22,110.0,85.0,80.0,199.63
2021-09-23,115.0,85.0,77.5,199.9
2021-09-24,110.0,85.0,75.0,200.26
2021-09-27,125.0,75.0,77.5,200.0
2021-09-28,125.0,105.0,77.5,200.03
2021-09-29,155.0,115.0,100.0,199.99
2021-09-30,155.0,115.0,105.0,199.99
2021-10-02,155.0,155.0,155.0,200.51
2021-10-03,115.0,135.0,120.0,200.33
2021-10-05,95.0,95.0,120.0,200.0
2021-10-09,140.0,95.0,80.0,202.79
2021-10-11,245.0,170.0,175.0,202.4
2021-10-12,310.0,275.0,255.0,202.4
2021-10-13,195.0,105.0,85.0,200.0
2021-10-14,155.0,100.0,95.0,200.0
2021-10-15,170.0,95.0,97.5,201.25
2021-10-18,240.0,110.0,110.0,200.09
2021-10-21,220.0,110.0,130.0,200.51
2021-10-22,210.0,110.0,125.0,201.05
2021-10-25,160.0,115.0,115.0,201.98
2021-10-26,160.0,115.0,125.0,203.0
2021-10-27,190.0,125.0,135.0,202.21
2021-10-28,190.0,145.0,165.0,200.03
2021-11-01,135.0,115.0,105.0,201.95
2021-11-02,155.0,155.0,135.0,202.5
2021-11-05,105.0,95.0,105.0,202.62
2021-11-08,190.0,105.0,110.0,200.31
2021-11-10,275.0,85.0,95.0,202.38
2021-11-11,290.0,235.0,235.0,201.41
2021-11-15,390.0,200.0,250.0,202.05
2021-11-16,395.0,235.0,270.0,202.05
2021-11-17,345.0,270.0,280.0,201.34
2021-11-19,310.0,275.0,270.0,202.19
2021-11-22,350.0,310.0,315.0,202.2
2021-11-23,290.0,305.0,265.0,202.42
2021-11-24,240.0,255.0,230.0,200.78
2021-11-25,240.0,310.0,335.0,200.97
2021-11-26,210.0,290.0,245.0,201.21
2021-11-29,210.0,285.0,240.0,201.76
2021-11-30,230.0,285.0,245.0,202.05
2021-12-01,135.0,215.0,200.0,202.05
2021-12-02,155.0,145.0,155.0,201.93
2021-12-03,135.0,145.0,120.0,200.45
2021-12-05,125.0,125.0,125.0,201.65
2021-12-07,175.0,125.0,135.0,200.01
2021-12-08,215.0,95.0,105.0,201.59
2021-12-10,250.0,105.0,120.0,201.06
2021-12-11,365.0,240.0,210.0,201.15
2021-12-13,370.0,360.0,325.0,201.33
2021-12-14,360.0,375.0,375.0,201.87
2021-12-15,340.0,390.0,425.0,201.87
2021-12-16,340.0,390.0,320.0,200.67
2021-12-17,305.0,310.0,275.0,201.54
2021-12-20,370.0,390.0,325.0,203.0
2021-12-21,345.0,310.0,290.0,201.51
2021-12-22,355.0,310.0,325.0,201.32
2021-12-23,360.0,310.0,365.0,200.72
2021-12-24,360.0,345.0,330.0,200.92
2021-12-27,410.0,390.0,415.0,200.92
2021-12-28,390.0,390.0,325.0,201.5
2021-12-29,390.0,390.0,365.0,201.0
2021-12-30,340.0,400.0,400.0,203.0
2021-12-31,335.0,415.0,320.0,200.43
2022-01-02,190.0,360.0,330.0,200.43
2022-01-04,95.0,125.0,140.0,200.0
2022-01-06,515.0,290.0,280.0,201.05
2022-01-07,290.0,240.0,220.0,201.33
2022-01-08,290.0,255.0,200.0,201.52
2022-01-09,290.0,250.0,255.0,201.71
2022-01-11,365.0,290.0,285.0,200.94
2022-01-12,225.0,360.0,325.0,200.98
2022-01-13,315.0,290.0,310.0,201.78
2022-01-18,335.0,390.0,330.0,201.94
2022-01-19,315.0,390.0,330.0,201.94
2022-01-20,350.0,365.0,320.0,201.05
2022-01-21,355.0,365.0,310.0,202.75
2022-01-24,415.0,335.0,255.0,202.0
2022-01-25,415.0,335.0,350.0,202.03
2022-01-26,340.0,335.0,295.0,201.59
2022-01-27,335.0,320.0,305.0,202.0
2022-01-28,265.0,335.0,335.0,201.19
2022-01-31,190.0,335.0,335.0,201.19
2022-02-02,170.0,360.0,350.0,201.42
2022-02-03,210.0,270.0,240.0,201.58
2022-02-06,465.0,290.0,285.0,201.9
2022-02-08,335.0,210.0,170.0,202.41
2022-02-09,290.0,250.0,275.0,202.07
2022-02-11,285.0,310.0,250.0,202.0
2022-02-12,220.0,340.0,300.0,201.67
2022-02-14,170.0,415.0,350.0,201.01
2022-02-15,170.0,390.0,375.0,201.0
2022-02-17,170.0,410.0,410.0,202.01
2022-02-18,210.0,385.0,365.0,202.11
2022-02-21,210.0,360.0,320.0,201.93
2022-03-01,335.0,415.0,320.0,201.48
2022-03-02,170.0,360.0,345.0,201.9
2022-03-03,210.0,290.0,295.0,202.0
2022-03-06,490.0,295.0,250.0,201.9
2022-03-08,360.0,225.0,265.0,202.09
2022-03-10,285.0,315.0,315.0,229.34
2022-03-11,275.0,290.0,285.0,251.97
2022-03-14,190.0,190.0,215.0,251.97
2022-03-15,160.0,210.0,230.0,263.33
2022-03-16,160.0,210.0,230.0,267.86
2022-03-18,170.0,210.0,190.0,267.88
2022-03-21,170.0,170.0,170.0,275.0
2022-03-22,160.0,170.0,165.0,280.0
2022-03-23,160.0,170.0,180.0,280.42
2022-03-24,160.0,155.0,160.0,280.0
2022-03-25,140.0,150.0,155.0,290.0
2022-03-28,130.0,140.0,135.0,294.98
2022-03-29,140.0,130.0,120.0,294.98
2022-03-30,110.0,130.0,110.0,306.08
2022-03-31,110.0,125.0,110.0,299.0
2022-04-03,240.0,310.0,305.0,306.9
2022-04-04,140.0,145.0,165.0,310.86
2022-04-05,340.0,115.0,150.0,307.79
2022-04-07,310.0,245.0,265.0,299.81
2022-04-08,370.0,295.0,305.0,299.0
2022-04-10,265.0,290.0,295.0,307.45
2022-04-11,275.0,290.0,290.0,311.68
2022-04-18,185.0,125.0,110.0,313.67
2022-04-19,185.0,125.0,110.0,310.0
2022-04-21,170.0,125.0,175.0,335.0
2022-04-22,215.0,105.0,115.0,334.8
2022-04-25,265.0,105.0,95.0,334.8
2022-04-26,240.0,105.0,90.0,340.46
2022-04-27,290.0,105.0,135.0,337.9
2022-04-29,365.0,110.0,110.0,341.85
2022-05-01,190.0,365.0,380.0,341.11
2022-05-04,140.0,170.0,175.0,340.0
2022-05-05,340.0,175.0,150.0,349.9
2022-05-07,310.0,250.0,200.0,360.63
2022-05-08,360.0,250.0,200.0,362.7
2022-05-09,375.0,255.0,265.0,364.76
2022-05-10,240.0,290.0,295.0,364.76
2022-05-12,135.0,265.0,275.0,360.0
2022-05-13,390.0,225.0,275.0,360.0
2022-05-17,340.0,235.0,225.0,359.75
2022-05-18,360.0,230.0,225.0,359.65
2022-05-19,365.0,240.0,275.0,359.55
2022-05-20,440.0,240.0,205.0,359.48
2022-05-23,435.0,245.0,225.0,359.44
2022-05-24,440.0,255.0,215.0,359.38
2022-05-25,440.0,255.0,220.0,359.38
2022-05-26,525.0,260.0,255.0,359.71
2022-05-27,465.0,270.0,250.0,359.25
2022-05-30,515.0,275.0,295.0,360.76
2022-05-31,510.0,285.0,235.0,360.76
2022-06-01,215.0,310.0,305.0,360.11
2022-06-06,540.0,270.0,255.0,360.28
2022-06-07,335.0,260.0,225.0,360.28
2022-06-09,360.0,250.0,275.0,360.03
2022-06-10,265.0,290.0,275.0,359.8
2022-06-12,150.0,280.0,275.0,359.82
2022-06-13,565.0,270.0,290.0,359.83
2022-06-15,590.0,275.0,286.67,359.85
2022-06-16,565.0,290.0,285.0,359.85
2022-06-17,525.0,285.0,245.0,359.75
2022-06-20,540.0,240.0,225.0,360.75
2022-06-21,535.0,260.0,220.0,361.75
2022-06-22,540.0,230.0,245.0,360.9
2022-06-23,515.0,240.0,235.0,360.9
2022-06-24,475.0,240.0,250.0,360.3
2022-06-27,425.0,245.0,225.0,360.3
2022-06-28,375.0,230.0,205.0,359.9
2022-06-29,290.0,240.0,200.0,359.72
2022-06-30,310.0,255.0,205.0,359.88
2022-07-01,220.0,370.0,300.0,359.55
2022-07-03,190.0,290.0,235.0,359.71
2022-07-04,110.0,125.0,120.0,359.79
2022-07-06,575.0,260.0,235.0,359.82
2022-07-07,290.0,255.0,225.0,360.82
2022-07-09,365.0,260.0,255.0,360.68
2022-07-10,290.0,310.0,215.0,361.02
2022-07-14,310.0,285.0,265.0,361.9
2022-07-15,310.0,280.0,240.0,361.24
2022-07-18,335.0,270.0,260.0,361.03
2022-07-19,335.0,255.0,240.0,361.17
2022-07-20,335.0,210.0,235.0,361.87
2022-07-21,290.0,265.0,235.0,361.67
2022-07-22,310.0,255.0,240.0,361.3
2022-07-25,280.0,255.0,200.0,361.09
2022-07-26,265.0,240.0,190.0,361.0
2022-07-27,310.0,255.0,205.0,361.0
2022-07-28,340.0,255.0,195.0,361.0
2022-07-29,290.0,210.0,215.0,360.8
2022-08-02,170.0,365.0,385.0,361.0
2022-08-03,210.0,270.0,200.0,360.93
2022-08-04,140.0,125.0,110.0,360.93
2022-08-06,575.0,260.0,250.0,360.8
2022-08-08,415.0,240.0,235.0,360.8
2022-08-09,365.0,260.0,275.0,360.94
2022-08-11,290.0,285.0,295.0,360.9
2022-08-15,440.0,295.0,290.0,360.92
2022-08-16,415.0,300.0,290.0,360.97
2022-08-17,290.0,290.0,250.0,360.96
2022-08-18,275.0,290.0,255.0,360.97
2022-08-19,240.0,265.0,240.0,361.0
2022-08-22,190.0,255.0,280.0,360.95
2022-08-23,235.0,230.0,275.0,361.0
2022-08-24,180.0,240.0,255.0,361.0
2022-08-25,185.0,270.0,270.0,361.0
2022-08-26,190.0,270.0,270.0,361.4
2022-08-29,260.0,270.0,275.0,361.17
2022-08-30,285.0,270.0,265.0,361.29
2022-09-02,155.0,360.0,390.0,361.45
2022-09-03,190.0,250.0,220.0,361.45
2022-09-05,310.0,170.0,155.0,361.45
2022-09-06,465.0,260.0,250.0,361.45
2022-09-08,490.0,260.0,235.0,361.9
2022-09-09,345.0,260.0,240.0,362.0
2022-09-11,310.0,300.0,325.0,362.13
2022-09-12,165.0,255.0,250.0,362.2
2022-09-13,410.0,340.0,300.0,362.28
2022-09-14,410.0,330.0,305.0,362.45
2022-09-15,365.0,290.0,305.0,362.45
2022-09-16,365.0,290.0,250.0,362.9
2022-09-19,335.0,310.0,280.0,362.9
2022-09-20,275.0,310.0,275.0,362.9
2022-09-21,240.0,330.0,265.0,362.9
2022-09-22,240.0,290.0,275.0,362.9
2022-09-23,240.0,290.0,300.0,362.9
2022-09-26,240.0,260.0,300.0,362.9
2022-09-27,240.0,290.0,280.0,362.9
2022-09-28,230.0,290.0,275.0,362.9
2022-09-29,290.0,310.0,275.0,362.9
2022-09-30,235.0,290.0,270.0,362.9
2022-10-01,280.0,310.0,250.0,362.9
2022-10-02,155.0,360.0,425.0,362.9
2022-10-03,190.0,250.0,175.0,362.9
2022-10-06,540.0,260.0,250.0,362.9
2022-10-08,515.0,255.0,235.0,362.9
2022-10-10,365.0,310.0,275.0,362.9
2022-10-11,315.0,330.0,300.0,362.9
2022-10-13,270.0,290.0,250.0,362.9
2022-10-14,265.0,290.0,260.0,363.14
2022-10-17,260.0,265.0,280.0,363.38
2022-10-18,260.0,265.0,250.0,363.38
2022-10-19,265.0,265.0,245.0,363.38
2022-10-20,265.0,265.0,235.0,363.38
2022-10-21,270.0,265.0,270.0,363.38
2022-10-25,235.0,280.0,290.0,363.38
2022-10-26,275.0,265.0,275.0,363.3
2022-10-27,290.0,270.0,275.0,363.3
2022-10-28,290.0,290.0,275.0,363.3
2022-10-31,385.0,265.0,310.0,363.3
2022-11-01,270.0,310.0,270.0,363.3
2022-11-02,170.0,385.0,430.0,363.3
2022-11-03,170.0,235.0,180.0,363.3
2022-11-07,315.0,260.0,250.0,363.5
2022-11-10,290.0,310.0,280.0,363.5
2022-11-11,315.0,325.0,260.0,363.5
2022-11-14,340.0,360.0,365.0,363.5
2022-11-15,340.0,390.0,340.0,363.5
2022-11-16,330.0,360.0,340.0,363.5
2022-11-17,290.0,360.0,340.0,363.5
2022-11-18,290.0,360.0,375.0,363.5
2022-11-21,365.0,340.0,370.0,363.5
2022-11-22,365.0,350.0,350.0,363.5
2022-11-23,380.0,375.0,355.0,363.5
2022-11-24,350.0,365.0,365.0,363.5
2022-11-25,365.0,370.0,350.0,363.0
2022-11-28,310.0,365.0,340.0,363.0
2022-11-29,255.0,350.0,315.0,363.19
2022-11-30,240.0,365.0,325.0,363.19
2022-12-01,310.0,270.0,290.0,363.19
2022-12-04,290.0,140.0,115.0,363.18
2022-12-05,,206.67,305.0,363.18
2022-12-07,315.0,340.0,280.0,363.18
2022-12-08,490.0,260.0,255.0,363.18
2022-12-09,390.0,290.0,290.0,363.18
2022-12-10,290.0,290.0,260.0,363.18
2022-12-12,425.0,270.0,260.0,363.18
2022-12-13,425.0,290.0,260.0,363.18
2022-12-14,460.0,290.0,255.0,363.18
2022-12-15,415.0,290.0,270.0,363.18
2022-12-16,425.0,290.0,275.0,363.18
2022-12-19,440.0,250.0,260.0,363.18
2022-12-20,465.0,250.0,245.0,363.16
2022-12-21,465.0,250.0,230.0,363.16
2022-12-22,425.0,210.0,225.0,363.16
2022-12-23,465.0,190.0,180.0,363.17
2022-12-26,590.0,290.0,265.0,363.12
2022-12-27,565.0,245.0,200.0,363.1
2022-12-28,450.0,210.0,200.0,363.13
2022-12-29,510.0,230.0,215.0,363.13
2022-12-30,550.0,225.0,200.0,363.11
2023-01-02,645.0,95.0,95.0,363.11
2023-01-03,635.0,105.0,100.0,363.11
2023-01-04,525.0,183.33,168.33,363.11
2023-01-05,500.0,261.67,236.67,363.11
2023-01-09,220.0,260.0,260.0,363.09
2023-01-09,325.0,260.0,260.0,363.09
2023-01-10,325.0,255.0,250.0,362.24
2023-01-11,425.0,250.0,240.0,362.24
2023-01-11,240.0,250.0,240.0,362.24
2023-01-12,515.0,300.0,270.0,362.24
2023-01-12,475.0,300.0,270.0,362.24
2023-01-16,435.0,175.0,110.0,362.24
2023-01-17,375.0,155.0,135.0,362.24
2023-01-18,275.0,150.0,160.0,362.24
2023-01-19,275.0,150.0,120.0,362.27
2023-01-20,275.0,110.0,115.0,362.17
2023-01-23,375.0,115.0,115.0,362.16
2023-01-24,410.0,115.0,115.0,362.16
2023-01-25,375.0,140.0,115.0,362.16
2023-01-26,360.0,130.0,130.0,362.14
2023-01-27,375.0,110.0,115.0,362.14
2023-01-30,435.0,100.0,105.0,362.14
2023-02-01,375.0,235.0,200.0,362.14
2023-02-02,375.0,110.0,115.0,362.14
2023-02-03,390.0,110.0,105.0,361.97
2023-02-06,390.0,325.0,305.0,361.96
2023-02-07,375.0,380.0,365.0,361.96
2023-02-08,365.0,435.0,425.0,361.96
2023-02-08,360.0,435.0,425.0,361.96
2023-02-09,390.0,325.0,315.0,361.92
2023-02-10,390.0,215.0,205.0,361.92
2023-02-10,235.0,215.0,205.0,361.92
2023-02-11,240.0,250.0,260.0,361.92
2023-02-13,365.0,110.0,105.0,361.92
2023-02-14,375.0,105.0,105.0,361.92
2023-02-15,325.0,110.0,110.0,361.92
2023-02-16,350.0,110.0,110.0,361.92
2023-02-17,365.0,140.0,130.0,361.92
2023-02-20,315.0,150.0,125.0,361.92
2023-02-21,290.0,120.0,140.0,361.92
2023-02-22,240.0,130.0,120.0,361.66
2023-02-23,190.0,110.0,110.0,361.66
2023-02-24,210.0,100.0,105.0,362.67
2023-02-27,215.0,105.0,90.0,362.5
2023-02-28,210.0,95.0,80.0,361.63
2023-03-01,245.0,210.0,200.0,358.46
2023-03-02,240.0,100.0,110.0,353.65
2023-03-03,210.0,110.0,100.0,346.17
2023-03-07,210.0,316.67,323.33,337.67
2023-03-08,215.0,410.0,415.0,326.63
2023-03-08,335.0,410.0,415.0,326.63
2023-03-09,210.0,300.0,307.5,319.56
2023-03-10,235.0,190.0,200.0,318.63
2023-03-10,235.0,190.0,200.0,318.63
2023-03-11,300.0,260.0,250.0,318.79
2023-03-13,210.0,100.0,85.0,319.1
2023-03-14,190.0,90.0,95.0,322.96
2023-03-15,185.0,95.0,80.0,327.06
2023-03-16,180.0,95.0,90.0,337.29
2023-03-17,160.0,92.5,95.0,336.8
2023-03-20,160.0,95.0,90.0,335.28
2023-03-21,130.0,95.0,80.0,335.08
2023-03-22,130.0,90.0,85.0,321.89
2023-03-23,125.0,90.0,85.0,317.31
2023-03-24,110.0,85.0,75.0,318.63
2023-03-27,130.0,95.0,110.0,320.6
2023-03-28,140.0,105.0,100.0,319.98
2023-03-29,130.0,105.0,100.0,322.67
2023-03-30,125.0,125.0,100.0,325.63
2023-03-31,125.0,120.0,95.0,327.29
2023-04-03,120.0,131.67,126.67,327.5
2023-04-04,130.0,105.0,95.0,323.78
2023-04-06,110.0,282.5,252.5,321.17
2023-04-08,300.0,415.0,410.0,320.57
2023-04-09,240.0,205.0,205.0,320.27
2023-04-10,265.0,185.0,135.0,319.97
2023-04-10,190.0,185.0,135.0,319.97
2023-04-11,190.0,237.5,205.0,319.83
2023-04-12,475.0,290.0,275.0,319.85
2023-04-17,110.0,125.0,140.0,319.57
2023-04-18,90.0,135.0,125.0,319.93
2023-04-19,110.0,145.0,140.0,320.83
2023-04-20,130.0,140.0,130.0,320.72
2023-04-21,130.0,140.0,125.0,321.14
2023-04-24,150.0,135.0,130.0,321.65
2023-04-25,130.0,135.0,130.0,321.8
2023-04-26,145.0,135.0,135.0,321.76
2023-04-27,145.0,125.0,120.0,321.63
2023-04-28,160.0,115.0,115.0,321.65
2023-05-02,230.0,220.0,194.0,321.44
2023-05-03,260.0,250.0,213.0,320.9
2023-05-04,260.0,280.0,232.0,319.97
2023-05-08,290.0,310.0,315.0,319.44
2023-05-09,235.0,190.0,205.0,318.52
2023-05-09,340.0,190.0,205.0,318.52
2023-05-10,390.0,170.0,145.0,318.09
2023-05-10,265.0,170.0,145.0,318.09
2023-05-11,390.0,230.0,222.5,316.68
2023-05-12,475.0,290.0,300.0,313.65
2023-05-12,375.0,290.0,300.0,313.65
2023-05-15,435.0,240.0,200.0,313.25
2023-05-16,375.0,230.0,200.0,312.64
2023-05-17,375.0,285.0,240.0,310.4
2023-05-18,325.0,285.0,280.0,307.37
2023-05-19,325.0,270.0,240.0,305.78
2023-05-22,265.0,270.0,260.0,307.08
2023-05-23,210.0,260.0,260.0,305.88
2023-05-24,215.0,260.0,245.0,304.71
2023-05-25,240.0,295.0,240.0,303.27
2023-05-26,265.0,290.0,255.0,303.05
2023-05-29,310.0,290.0,275.0,299.11
2023-05-30,310.0,310.0,305.0,296.69
2023-05-31,290.0,243.33,236.67,295.52
2023-06-01,310.0,176.67,168.33,292.46
2023-06-02,300.0,110.0,100.0,292.28
2023-06-05,290.0,215.0,192.5,292.31
2023-06-06,275.0,325.0,300.0,291.54
2023-06-07,310.0,410.0,425.0,291.21
2023-06-08,315.0,295.0,312.5,290.97
2023-06-09,235.0,180.0,200.0,293.21
2023-06-09,340.0,180.0,200.0,293.21
2023-06-10,260.0,180.0,150.0,294.22
2023-06-11,265.0,240.0,225.0,295.23
2023-06-12,375.0,300.0,240.0,296.24
2023-06-12,475.0,300.0,240.0,296.24
2023-06-13,360.0,330.0,300.0,300.43
2023-06-14,360.0,315.0,280.0,303.21
2023-06-15,375.0,300.0,275.0,308.48
2023-06-16,340.0,310.0,295.0,313.82
2023-06-19,390.0,290.0,315.0,309.2
2023-06-20,390.0,290.0,300.0,305.92
2023-06-21,415.0,290.0,300.0,306.12
2023-06-22,385.0,340.0,335.0,306.91
2023-06-23,390.0,340.0,380.0,306.95
2023-06-26,415.0,365.0,350.0,307.0
2023-06-27,425.0,360.0,390.0,308.12
2023-06-28,465.0,390.0,410.0,308.83
2023-06-30,360.0,400.0,340.0,308.59
2023-07-04,315.0,166.67,163.33,308.12
2023-07-05,290.0,228.33,231.67,306.26
2023-07-06,325.0,290.0,300.0,306.99
2023-07-07,340.0,410.0,415.0,308.2
2023-07-08,335.0,400.0,420.0,309.3
2023-07-09,240.0,190.0,215.0,310.4
2023-07-10,410.0,215.0,220.0,311.51
2023-07-11,300.0,240.0,225.0,312.79
2023-07-11,410.0,240.0,225.0,312.79
2023-07-12,390.0,310.0,260.0,313.9
2023-07-12,525.0,310.0,260.0,313.9
2023-07-13,340.0,310.0,315.0,314.59
2023-07-14,325.0,310.0,365.0,316.36
2023-07-17,325.0,410.0,375.0,319.12
2023-07-18,325.0,400.0,385.0,322.81
2023-07-19,285.0,395.0,410.0,322.53
2023-07-20,285.0,410.0,420.0,324.25
2023-07-21,275.0,390.0,415.0,325.22
2023-07-24,365.0,430.0,425.0,326.75
2023-07-25,365.0,455.0,425.0,329.0
2023-07-26,325.0,435.0,425.0,329.42
2023-07-27,335.0,430.0,405.0,329.38
2023-07-28,335.0,435.0,375.0,329.28
2023-08-08,290.0,390.0,425.0,321.5
2023-08-09,265.0,190.0,215.0,321.08
2023-08-11,375.0,240.0,215.0,320.0
2023-08-12,525.0,310.0,305.0,319.99
2023-08-14,355.0,370.0,375.0,319.98
2023-08-15,335.0,370.0,390.0,320.94
2023-08-16,335.0,370.0,400.0,321.18
2023-08-17,330.0,365.0,375.0,321.09
2023-08-18,335.0,335.0,325.0,321.86
2023-08-21,315.0,290.0,300.0,323.25
2023-08-22,310.0,290.0,285.0,323.94
2023-08-23,335.0,315.0,350.0,323.94
2023-08-24,315.0,310.0,325.0,323.97
2023-08-25,310.0,290.0,285.0,324.05
2023-08-28,290.0,275.0,260.0,323.87
2023-08-29,265.0,255.0,215.0,323.91
2023-08-31,230.0,270.0,250.0,322.66
2023-09-08,310.0,410.0,425.0,322.39
2023-09-10,315.0,160.0,145.0,321.9
2023-09-11,375.0,250.0,240.0,321.66
2023-09-13,335.0,155.0,195.0,322.38
2023-09-14,325.0,155.0,195.0,323.38
2023-09-15,265.0,155.0,210.0,323.37
2023-09-18,340.0,155.0,150.0,323.38
2023-09-19,315.0,145.0,140.0,323.71
2023-09-20,285.0,135.0,135.0,324.0
2023-09-21,240.0,125.0,135.0,324.7
2023-09-22,215.0,130.0,130.0,324.61
2023-09-25,235.0,120.0,135.0,324.44
2023-09-26,265.0,120.0,115.0,324.6
2023-10-08,315.0,395.0,425.0,323.64
2023-10-10,300.0,150.0,150.0,323.6
2023-10-11,365.0,250.0,250.0,323.81
2023-10-13,315.0,155.0,150.0,323.8
2023-10-16,335.0,160.0,150.0,323.86
2023-10-17,365.0,160.0,150.0,323.91
2023-10-18,340.0,150.0,155.0,324.14
2023-10-19,340.0,165.0,165.0,324.38
2023-10-20,390.0,160.0,145.0,324.97
2023-10-23,400.0,175.0,175.0,325.0
2023-10-24,410.0,190.0,205.0,325.9
2023-10-25,460.0,170.0,210.0,327.11
2023-10-26,490.0,210.0,200.0,326.56
2023-10-27,510.0,230.0,210.0,326.5
2023-10-30,375.0,260.0,245.0,327.13
2023-10-31,275.0,260.0,260.0,327.38
2023-11-08,315.0,370.0,375.0,327.12
2023-11-09,350.0,190.0,205.0,328.41
2023-11-10,290.0,150.0,165.0,328.46
2023-11-12,425.0,310.0,340.0,327.62
2023-11-13,315.0,335.0,375.0,327.19
2023-11-14,365.0,335.0,375.0,326.89
2023-11-15,300.0,290.0,380.0,327.36
2023-11-16,315.0,290.0,325.0,328.64
2023-11-17,360.0,290.0,285.0,328.07
2023-11-20,435.0,280.0,315.0,327.92
2023-11-21,425.0,285.0,280.0,328.09
2023-11-22,475.0,250.0,275.0,328.39
2023-11-23,465.0,255.0,275.0,328.48
2023-11-24,475.0,290.0,260.0,328.72
2023-11-27,560.0,330.0,290.0,328.75
2023-11-28,565.0,290.0,280.0,329.0
2023-12-09,345.0,190.0,175.0,326.7
2023-12-10,300.0,160.0,150.0,326.82
2023-12-12,325.0,310.0,290.0,327.18
2023-12-13,325.0,290.0,310.0,327.1
2023-12-14,325.0,315.0,310.0,326.78
2023-12-15,365.0,340.0,365.0,326.72
2023-12-18,375.0,410.0,285.0,326.99
2023-12-19,375.0,360.0,410.0,326.92
2023-12-20,425.0,400.0,400.0,326.96
2023-12-21,475.0,400.0,450.0,326.97
2023-12-22,525.0,400.0,415.0,326.35
2023-12-27,575.0,565.0,550.0,325.74
2023-12-28,525.0,565.0,575.0,324.23
2023-12-29,590.0,625.0,725.0,323.92
