Date,Kandy,Dambulla,Exchange Rate
2020-01-01,310.0,315.0,181.5
2020-01-02,274.1666666666667,279.1666666666667,181.03
2020-01-03,238.33333333333331,243.33333333333331,181.37
2020-01-04,202.5,207.5,181.35
2020-01-05,166.66666666666666,171.66666666666666,181.34
2020-01-06,130.83333333333331,135.83333333333331,181.32
2020-01-07,95.0,100.0,181.45
2020-01-08,126.66666666666667,121.66666666666667,181.31
2020-01-09,158.33333333333334,143.33333333333334,181.42
2020-01-10,190.0,165.0,181.42
2020-01-11,207.5,170.0,181.41
2020-01-12,225.0,175.0,181.41
2020-01-13,255.0,260.0,181.41
2020-01-14,255.0,260.0,181.3
2020-01-15,245.0,262.5,181.41
2020-01-16,235.0,265.0,181.53
2020-01-17,310.0,255.0,181.38
2020-01-18,286.6666666666667,255.0,181.36
2020-01-19,263.3333333333333,255.0,181.33
2020-01-20,240.0,255.0,181.31
2020-01-21,245.0,190.0,181.34
2020-01-22,210.0,185.0,181.33
2020-01-23,190.0,172.5,181.47
2020-01-24,210.0,210.0,181.42
2020-01-25,226.66666666666666,225.0,181.42
2020-01-26,243.33333333333334,240.0,181.43
2020-01-27,260.0,255.0,181.44
2020-01-28,290.0,300.0,181.53
2020-01-29,290.0,310.0,181.53
2020-01-30,290.0,285.0,181.5
2020-01-31,310.0,275.0,181.59
2020-02-01,340.0,315.0,181.52
2020-02-02,247.5,212.5,181.46
2020-02-03,155.0,110.0,181.4
2020-02-04,140.0,107.5,181.44
2020-02-05,125.0,105.0,181.48
2020-02-06,110.0,102.5,181.4
2020-02-07,95.0,100.0,181.34
2020-02-08,140.0,132.5,181.35
2020-02-09,185.0,165.0,181.36
2020-02-10,190.0,165.0,181.37
2020-02-11,95.0,85.0,181.42
2020-02-12,210.0,235.0,181.42
2020-02-13,185.0,200.0,181.45
2020-02-14,160.0,165.0,181.46
2020-02-15,158.33333333333334,148.33333333333334,181.46
2020-02-16,156.66666666666666,131.66666666666666,181.47
2020-02-17,155.0,115.0,181.48
2020-02-18,155.0,135.0,181.53
2020-02-19,155.0,150.0,181.62
2020-02-20,155.0,155.0,181.9
2020-02-21,152.5,148.75,181.88
2020-02-22,150.0,142.5,181.87
2020-02-23,147.5,136.25,181.86
2020-02-24,145.0,130.0,181.84
2020-02-25,125.0,145.0,181.78
2020-02-26,145.0,110.0,181.75
2020-02-27,155.0,110.0,181.69
2020-02-28,175.0,125.0,181.81
2020-02-29,257.5,217.5,181.85
2020-03-01,340.0,310.0,181.89
2020-03-02,270.0,250.0,181.93
2020-03-03,145.0,120.0,182.08
2020-03-04,132.5,115.0,182.11
2020-03-05,120.0,110.0,182.03
2020-03-06,107.5,105.0,181.92
2020-03-07,95.0,100.0,181.9
2020-03-08,145.0,130.0,181.88
2020-03-09,195.0,160.0,181.85
2020-03-10,145.0,132.5,181.83
2020-03-11,95.0,105.0,182.45
2020-03-12,175.0,150.0,182.43
2020-03-13,75.0,75.0,182.82
2020-03-14,77.38095238095238,76.66666666666667,183.04
2020-03-15,79.76190476190476,78.33333333333333,183.26
2020-03-16,82.14285714285714,80.0,183.48
2020-03-17,84.52380952380952,81.66666666666667,183.7
2020-03-18,86.9047619047619,83.33333333333333,185.09
2020-03-19,89.28571428571428,85.0,184.93
2020-03-20,91.66666666666667,86.66666666666667,186.94
2020-03-21,94.04761904761905,88.33333333333333,186.96
2020-03-22,96.42857142857143,90.0,186.98
2020-03-23,98.80952380952381,91.66666666666667,187.0
2020-03-24,101.19047619047619,93.33333333333334,187.0
2020-03-25,103.57142857142857,95.0,189.25
2020-03-26,105.95238095238095,96.66666666666667,189.25
2020-03-27,108.33333333333334,98.33333333333334,189.25
2020-03-28,110.71428571428572,100.0,189.67
2020-03-29,113.0952380952381,101.66666666666667,190.08
2020-03-30,115.47619047619048,103.33333333333334,190.5
2020-03-31,117.85714285714286,105.0,188.62
2020-04-01,120.23809523809524,106.66666666666667,190.16
2020-04-02,122.61904761904762,108.33333333333334,190.0
2020-04-03,125.0,110.0,191.0
2020-04-04,139.0,124.0,192.27
2020-04-05,153.0,138.0,193.53
2020-04-06,167.0,152.0,194.8
2020-04-07,181.0,166.0,196.61
2020-04-08,195.0,180.0,198.42
2020-04-09,175.0,150.0,199.75
2020-04-10,135.0,140.0,198.62
2020-04-11,95.0,130.0,197.48
2020-04-12,175.0,170.0,196.35
2020-04-13,178.5,171.0,195.21
2020-04-14,182.0,172.0,194.07
2020-04-15,185.5,173.0,192.94
2020-04-16,189.0,174.0,191.69
2020-04-17,192.5,175.0,192.68
2020-04-18,196.0,176.0,192.36
2020-04-19,199.5,177.0,192.04
2020-04-20,203.0,178.0,191.72
2020-04-21,206.5,179.0,194.85
2020-04-22,210.0,180.0,192.69
2020-04-23,213.5,181.0,192.72
2020-04-24,217.0,182.0,192.0
2020-04-25,220.5,183.0,192.0
2020-04-26,224.0,184.0,192.0
2020-04-27,227.5,185.0,192.0
2020-04-28,231.0,186.0,192.5
2020-04-29,234.5,187.0,192.77
2020-04-30,238.0,188.0,192.85
2020-05-01,241.5,189.0,192.63
2020-05-02,245.0,190.0,192.41
2020-05-03,110.0,70.0,192.19
2020-05-04,121.42857142857143,85.0,191.97
2020-05-05,132.85714285714286,100.0,190.13
2020-05-06,144.28571428571428,115.0,188.95
2020-05-07,155.71428571428572,130.0,188.83
2020-05-08,167.14285714285714,145.0,188.71
2020-05-09,178.57142857142856,160.0,188.59
2020-05-10,190.0,175.0,188.47
2020-05-11,115.0,130.0,188.35
2020-05-12,122.38095238095238,135.95238095238096,188.11
2020-05-13,129.76190476190476,141.9047619047619,188.43
2020-05-14,137.14285714285714,147.85714285714286,188.2
2020-05-15,144.52380952380952,153.8095238095238,188.02
2020-05-16,151.9047619047619,159.76190476190476,188.01
2020-05-17,159.28571428571428,165.71428571428572,188.0
2020-05-18,166.66666666666669,171.66666666666669,187.99
2020-05-19,174.04761904761904,177.61904761904762,187.59
2020-05-20,181.42857142857144,183.57142857142856,187.61
2020-05-21,188.8095238095238,189.52380952380952,187.29
2020-05-22,196.1904761904762,195.47619047619048,186.91
2020-05-23,203.57142857142858,201.42857142857144,186.6
2020-05-24,210.95238095238096,207.38095238095238,186.3
2020-05-25,218.33333333333334,213.33333333333334,186.0
2020-05-26,225.71428571428572,219.28571428571428,185.7
2020-05-27,233.0952380952381,225.23809523809524,186.08
2020-05-28,240.47619047619048,231.1904761904762,186.12
2020-05-29,247.85714285714286,237.14285714285714,186.29
2020-05-30,255.23809523809524,243.0952380952381,186.24
2020-05-31,262.6190476190476,249.04761904761904,186.19
2020-06-01,270.0,255.0,186.15
2020-06-02,182.5,165.0,186.11
2020-06-03,95.0,75.0,185.86
2020-06-04,90.0,77.5,185.79
2020-06-05,85.0,80.0,185.72
2020-06-06,80.0,82.5,185.64
2020-06-07,75.0,85.0,185.56
2020-06-08,75.0,170.0,185.48
2020-06-09,132.5,172.5,185.07
2020-06-10,190.0,175.0,185.09
2020-06-11,115.0,135.0,185.11
2020-06-12,120.0,131.25,185.17
2020-06-13,125.0,127.5,185.17
2020-06-14,130.0,123.75,185.18
2020-06-15,135.0,120.0,185.18
2020-06-16,125.0,140.0,185.66
2020-06-17,115.0,95.0,185.95
2020-06-18,95.0,125.0,186.61
2020-06-19,95.0,105.0,186.56
2020-06-20,91.66666666666667,100.0,186.57
2020-06-21,88.33333333333333,95.0,186.59
2020-06-22,85.0,90.0,186.6
2020-06-23,75.0,92.5,186.6
2020-06-24,75.0,80.0,186.67
2020-06-25,85.0,80.0,186.59
2020-06-26,95.0,90.0,186.44
2020-06-27,95.0,90.0,186.33
2020-06-28,95.0,90.0,186.23
2020-06-29,95.0,90.0,186.12
2020-06-30,95.0,77.5,186.23
2020-07-01,310.0,270.0,186.21
2020-07-02,270.8333333333333,240.0,186.25
2020-07-03,231.66666666666669,210.0,186.09
2020-07-04,192.5,180.0,186.05
2020-07-05,153.33333333333334,150.0,186.01
2020-07-06,114.16666666666669,120.0,185.97
2020-07-07,75.0,90.0,185.87
2020-07-08,255.0,205.0,185.85
2020-07-09,175.0,190.0,185.83
2020-07-10,190.0,185.0,185.71
2020-07-11,167.5,165.0,185.76
2020-07-12,145.0,145.0,185.82
2020-07-13,110.0,110.0,185.87
2020-07-14,125.0,110.0,185.91
2020-07-15,125.0,120.0,185.84
2020-07-16,115.0,120.0,185.81
2020-07-17,115.0,110.0,185.8
2020-07-18,118.33333333333333,118.33333333333333,185.8
2020-07-19,121.66666666666667,126.66666666666667,185.79
2020-07-20,125.0,135.0,185.78
2020-07-21,135.0,105.0,185.75
2020-07-22,135.0,105.0,185.78
2020-07-23,135.0,130.0,185.79
2020-07-24,135.0,125.0,185.75
2020-07-25,148.33333333333334,143.33333333333334,185.76
2020-07-26,161.66666666666666,161.66666666666666,185.76
2020-07-27,175.0,180.0,185.77
2020-07-28,155.0,175.0,185.75
2020-07-29,155.0,175.0,185.76
2020-07-30,185.0,205.0,185.72
2020-07-31,190.0,170.0,185.68
2020-08-01,250.0,225.0,185.66
2020-08-02,222.5,202.5,185.65
2020-08-03,195.0,180.0,185.63
2020-08-04,167.5,157.5,185.61
2020-08-05,140.0,135.0,185.55
2020-08-06,112.5,112.5,185.5
2020-08-07,85.0,90.0,185.44
2020-08-08,140.0,130.0,185.41
2020-08-09,195.0,170.0,185.37
2020-08-10,175.0,145.0,185.33
2020-08-11,170.0,167.5,184.81
2020-08-12,165.0,190.0,184.28
2020-08-13,255.0,240.0,183.46
2020-08-14,225.0,240.0,182.64
2020-08-15,225.0,236.66666666666666,182.7
2020-08-16,225.0,233.33333333333334,182.76
2020-08-17,225.0,230.0,182.82
2020-08-18,225.0,230.0,183.31
2020-08-19,190.0,220.0,184.08
2020-08-20,210.0,180.0,185.27
2020-08-21,190.0,155.0,186.06
2020-08-22,190.0,161.66666666666666,185.42
2020-08-23,190.0,168.33333333333334,184.77
2020-08-24,190.0,175.0,184.12
2020-08-25,190.0,180.0,184.72
2020-08-26,155.0,190.0,186.12
2020-08-27,155.0,185.0,186.33
2020-08-28,175.0,140.0,186.25
2020-08-29,192.5,166.25,186.22
2020-08-30,210.0,192.5,186.19
2020-08-31,227.5,218.75,186.16
2020-09-01,245.0,245.0,186.13
2020-09-02,220.0,219.16666666666666,186.1
2020-09-03,195.0,193.33333333333334,185.42
2020-09-04,170.0,167.5,185.23
2020-09-05,145.0,141.66666666666669,185.23
2020-09-06,120.0,115.83333333333334,185.22
2020-09-07,95.0,90.0,185.21
2020-09-08,130.0,137.5,184.78
2020-09-09,165.0,185.0,184.4
2020-09-10,170.0,160.0,184.35
2020-09-11,125.0,110.0,184.74
2020-09-12,125.0,160.0,184.67
2020-09-13,167.5,190.0,184.61
2020-09-14,210.0,220.0,184.55
2020-09-15,210.0,215.0,184.21
2020-09-16,175.0,210.0,184.41
2020-09-17,175.0,220.0,184.89
2020-09-18,200.0,170.0,184.96
2020-09-19,203.33333333333334,180.0,185.11
2020-09-20,206.66666666666666,190.0,185.25
2020-09-21,210.0,200.0,185.39
2020-09-22,215.0,165.0,185.53
2020-09-23,205.0,165.0,185.38
2020-09-24,155.0,160.0,185.1
2020-09-25,160.0,180.0,185.02
2020-09-26,171.66666666666666,170.0,185.08
2020-09-27,183.33333333333334,160.0,185.14
2020-09-28,195.0,150.0,185.2
2020-09-29,195.0,155.0,185.28
2020-09-30,190.0,150.0,185.52
2020-10-01,151.66666666666666,118.33333333333333,185.23
2020-10-02,113.33333333333333,86.66666666666666,184.95
2020-10-03,75.0,55.0,184.82
2020-10-04,80.0,67.5,184.69
2020-10-05,85.0,80.0,184.57
2020-10-06,90.0,92.5,184.76
2020-10-07,95.0,105.0,184.71
2020-10-08,155.0,140.0,184.47
2020-10-09,190.0,185.0,184.19
2020-10-10,157.5,160.0,184.19
2020-10-11,125.0,135.0,184.19
2020-10-12,135.0,132.5,184.19
2020-10-13,145.0,130.0,184.19
2020-10-14,115.0,115.0,184.27
2020-10-15,110.0,110.0,184.6
2020-10-16,110.0,130.0,184.69
2020-10-17,125.0,145.0,184.57
2020-10-18,140.0,160.0,184.44
2020-10-19,155.0,175.0,184.32
2020-10-20,155.0,185.0,184.31
2020-10-21,175.0,165.0,184.42
2020-10-22,145.0,105.0,184.35
2020-10-23,115.0,105.0,184.3
2020-10-24,118.33333333333333,121.66666666666667,184.38
2020-10-25,121.66666666666667,138.33333333333334,184.46
2020-10-26,125.0,155.0,184.54
2020-10-27,115.0,150.0,184.33
2020-10-28,125.0,135.0,184.3
2020-10-29,145.0,155.0,184.28
2020-10-30,129.0,137.0,184.28
2020-10-31,113.0,119.0,184.29
2020-11-01,97.0,101.0,184.29
2020-11-02,81.0,83.0,184.29
2020-11-03,65.0,65.0,184.43
2020-11-04,87.0,81.0,184.43
2020-11-05,109.0,97.0,184.39
2020-11-06,131.0,113.0,184.44
2020-11-07,153.0,129.0,184.45
2020-11-08,175.0,145.0,184.46
2020-11-09,195.0,180.0,184.47
2020-11-10,160.0,157.5,184.61
2020-11-11,125.0,135.0,184.52
2020-11-12,190.0,165.0,184.6
2020-11-13,145.0,165.0,184.6
2020-11-14,160.0,183.33333333333334,184.61
2020-11-15,175.0,201.66666666666666,184.61
2020-11-16,190.0,220.0,184.61
2020-11-17,210.0,210.0,185.01
2020-11-18,185.0,175.0,184.9
2020-11-19,165.0,175.0,184.93
2020-11-20,165.0,155.0,184.64
2020-11-21,175.0,175.0,184.8
2020-11-22,185.0,195.0,184.96
2020-11-23,195.0,215.0,185.12
2020-11-24,210.0,210.0,185.48
2020-11-25,210.0,210.0,185.4
2020-11-26,190.0,230.0,185.51
2020-11-27,205.0,230.0,185.22
2020-11-28,213.33333333333334,223.33333333333334,185.13
2020-11-29,221.66666666666666,216.66666666666666,185.05
2020-11-30,230.0,210.0,184.96
2020-12-01,178.33333333333334,161.66666666666666,185.8
2020-12-02,126.66666666666667,113.33333333333333,185.6
2020-12-03,75.0,65.0,186.88
2020-12-04,105.0,91.0,186.53
2020-12-05,135.0,117.0,186.18
2020-12-06,165.0,143.0,185.83
2020-12-07,195.0,169.0,185.48
2020-12-08,225.0,195.0,186.23
2020-12-09,190.0,145.0,186.17
2020-12-10,155.0,95.0,185.92
2020-12-11,135.0,170.0,185.91
2020-12-12,141.66666666666666,158.33333333333334,185.95
2020-12-13,148.33333333333334,146.66666666666666,185.98
2020-12-14,155.0,135.0,186.02
2020-12-15,175.0,135.0,186.73
2020-12-16,155.0,155.0,187.89
2020-12-17,145.0,145.0,188.07
2020-12-18,135.0,145.0,187.88
2020-12-19,138.33333333333334,143.33333333333334,187.87
2020-12-20,141.66666666666666,141.66666666666666,187.87
2020-12-21,145.0,140.0,187.86
2020-12-22,155.0,145.0,187.7
2020-12-23,145.0,135.0,189.28
2020-12-24,135.0,135.0,190.22
2020-12-25,147.5,137.5,190.24
2020-12-26,160.0,140.0,190.25
2020-12-27,172.5,142.5,190.27
2020-12-28,185.0,145.0,190.28
2020-12-29,170.0,145.0,189.13
2020-12-30,155.0,145.0,187.97
2020-12-31,175.0,90.0,186.41
2021-01-01,155.0,130.0,185.39
2021-01-02,125.0,145.0,185.35
2021-01-03,115.0,110.0,185.31
2021-01-04,145.0,145.0,185.28
2021-01-05,141.66666666666666,151.66666666666666,185.0
2021-01-06,138.33333333333334,158.33333333333334,185.0
2021-01-07,135.0,165.0,185.0
2021-01-08,162.5,175.0,185.5
2021-01-09,190.0,185.0,186.18
2021-01-10,170.0,155.0,186.85
2021-01-11,170.0,120.0,187.53
2021-01-12,142.5,105.0,187.0
2021-01-13,115.0,90.0,186.99
2021-01-14,120.0,107.5,189.02
2021-01-15,125.0,125.0,191.04
2021-01-16,138.33333333333334,143.33333333333334,191.61
2021-01-17,151.66666666666666,161.66666666666666,192.18
2021-01-18,165.0,180.0,192.74
2021-01-19,195.0,190.0,193.65
2021-01-20,215.0,210.0,194.8
2021-01-21,225.0,230.0,194.8
2021-01-22,215.0,200.0,196.42
2021-01-23,206.66666666666666,208.33333333333334,196.55
2021-01-24,198.33333333333334,216.66666666666666,196.68
2021-01-25,190.0,225.0,196.8
2021-01-26,225.0,185.0,196.15
2021-01-27,210.0,210.0,195.86
2021-01-28,207.5,192.5,195.13
2021-01-29,205.0,175.0,194.39
2021-01-30,187.5,158.75,193.26
2021-01-31,170.0,142.5,192.12
2021-02-01,152.5,126.25,190.98
2021-02-02,135.0,110.0,192.57
2021-02-03,115.0,140.0,194.0
2021-02-04,117.5,135.0,194.21
2021-02-05,120.0,130.0,194.41
2021-02-06,122.5,125.0,194.19
2021-02-07,125.0,120.0,193.96
2021-02-08,215.0,240.0,193.74
2021-02-09,145.0,200.0,194.36
2021-02-10,157.5,185.0,194.31
2021-02-11,170.0,170.0,194.5
2021-02-12,230.0,240.0,194.62
2021-02-13,205.0,203.33333333333334,194.41
2021-02-14,180.0,166.66666666666669,194.19
2021-02-15,155.0,130.0,193.97
2021-02-16,135.0,140.0,193.97
2021-02-17,135.0,170.0,194.96
2021-02-18,135.0,125.0,194.85
2021-02-19,135.0,130.0,194.85
2021-02-20,135.0,136.66666666666666,194.84
2021-02-21,135.0,143.33333333333334,194.83
2021-02-22,135.0,150.0,194.83
2021-02-23,125.0,155.0,194.21
2021-02-24,110.0,85.0,194.06
2021-02-25,115.0,110.0,194.01
2021-02-26,115.0,106.0,194.01
2021-02-27,115.0,102.0,194.01
2021-02-28,115.0,98.0,194.01
2021-03-01,115.0,94.0,194.01
2021-03-02,115.0,90.0,194.5
2021-03-03,125.0,125.0,195.63
2021-03-04,117.5,125.0,195.27
2021-03-05,110.0,125.0,195.36
2021-03-06,145.0,163.33333333333334,195.41
2021-03-07,180.0,201.66666666666669,195.45
2021-03-08,215.0,240.0,195.5
2021-03-09,201.66666666666666,226.66666666666666,195.5
2021-03-10,188.33333333333334,213.33333333333334,195.99
2021-03-11,175.0,200.0,196.26
2021-03-12,255.0,245.0,196.53
2021-03-13,233.33333333333334,225.0,196.37
2021-03-14,211.66666666666666,205.0,196.2
2021-03-15,190.0,185.0,196.04
2021-03-16,175.0,160.0,196.78
2021-03-17,190.0,190.0,198.49
2021-03-18,175.0,185.0,197.45
2021-03-19,175.0,195.0,199.28
2021-03-20,175.0,178.33333333333334,198.68
2021-03-21,175.0,161.66666666666666,198.07
2021-03-22,175.0,145.0,197.47
2021-03-23,155.0,150.0,197.77
2021-03-24,165.0,152.5,198.95
2021-03-25,155.0,160.0,198.0
2021-03-26,155.0,165.0,198.44
2021-03-27,161.66666666666666,166.66666666666666,198.35
2021-03-28,168.33333333333334,168.33333333333334,198.26
2021-03-29,175.0,170.0,198.17
2021-03-30,175.0,165.0,199.44
2021-03-31,155.0,155.0,199.04
2021-04-01,95.0,105.0,199.22
2021-04-02,110.0,107.5,199.26
2021-04-03,125.0,110.0,199.3
2021-04-04,110.0,110.0,199.34
2021-04-05,95.0,110.0,199.38
2021-04-06,138.33333333333334,151.66666666666666,199.75
2021-04-07,181.66666666666669,193.33333333333331,199.0
2021-04-08,225.0,235.0,200.02
2021-04-09,217.5,227.5,199.87
2021-04-10,210.0,220.0,199.89
2021-04-11,193.88888888888889,200.55555555555554,199.9
2021-04-12,177.77777777777777,181.11111111111111,199.91
2021-04-13,161.66666666666669,161.66666666666669,199.94
2021-04-14,145.55555555555554,142.22222222222223,199.97
2021-04-15,129.44444444444446,122.77777777777779,200.0
2021-04-16,113.33333333333334,103.33333333333334,199.93
2021-04-17,97.22222222222223,83.88888888888891,198.11
2021-04-18,81.11111111111111,64.44444444444446,196.28
2021-04-19,65.0,45.0,194.45
2021-04-20,55.0,45.0,191.97
2021-04-21,65.0,72.5,191.88
2021-04-22,85.0,105.0,192.0
2021-04-23,115.0,110.0,191.94
2021-04-24,110.0,110.0,193.33
2021-04-25,105.0,110.0,194.72
2021-04-26,100.0,110.0,196.11
2021-04-27,95.0,110.0,197.5
2021-04-28,115.0,110.0,197.5
2021-04-29,95.0,110.0,199.75
2021-04-30,125.0,110.0,199.54
2021-05-01,85.0,95.0,199.44
2021-05-02,125.0,110.0,199.33
2021-05-03,135.0,125.0,199.23
2021-05-04,165.0,110.0,199.69
2021-05-05,85.0,140.0,199.59
2021-05-06,115.0,147.5,199.59
2021-05-07,145.0,155.0,199.52
2021-05-08,190.0,225.0,199.51
2021-05-09,200.0,242.5,199.51
2021-05-10,210.0,260.0,199.51
2021-05-11,210.0,210.0,199.58
2021-05-12,172.5,162.5,199.57
2021-05-13,135.0,115.0,199.5
2021-05-14,132.5,122.5,199.5
2021-05-15,130.0,130.0,199.5
2021-05-16,127.5,137.5,199.5
2021-05-17,125.0,145.0,199.5
2021-05-18,125.0,155.0,199.79
2021-05-19,125.0,165.0,199.67
2021-05-20,210.0,240.0,199.66
2021-05-21,210.0,270.0,199.9
2021-05-22,198.63636363636363,256.8181818181818,199.82
2021-05-23,187.27272727272728,243.63636363636363,199.74
2021-05-24,175.9090909090909,230.45454545454544,199.67
2021-05-25,164.54545454545456,217.27272727272728,199.51
2021-05-26,153.1818181818182,204.0909090909091,199.52
2021-05-27,141.8181818181818,190.9090909090909,199.54
2021-05-28,130.45454545454544,177.72727272727275,199.56
2021-05-29,119.0909090909091,164.54545454545456,199.54
2021-05-30,107.72727272727273,151.36363636363637,199.52
2021-05-31,96.36363636363637,138.1818181818182,199.5
2021-06-01,85.0,125.0,199.5
2021-06-02,91.66666666666667,118.33333333333333,199.5
2021-06-03,98.33333333333333,111.66666666666667,199.53
2021-06-04,105.0,105.0,199.69
2021-06-05,85.0,75.0,199.69
2021-06-06,105.0,92.5,199.69
2021-06-07,125.0,110.0,199.69
2021-06-08,210.0,215.0,199.7
2021-06-09,130.0,120.0,199.82
2021-06-10,210.0,245.0,199.68
2021-06-11,250.0,267.5,199.76
2021-06-12,290.0,290.0,199.8
2021-06-13,273.3333333333333,275.0,199.85
2021-06-14,256.6666666666667,260.0,199.89
2021-06-15,240.0,245.0,199.5
2021-06-16,223.33333333333331,230.0,199.72
2021-06-17,206.66666666666666,215.0,199.86
2021-06-18,190.0,200.0,199.83
2021-06-19,218.33333333333334,230.0,199.84
2021-06-20,246.66666666666666,260.0,199.86
2021-06-21,275.0,290.0,199.87
2021-06-22,260.0,220.0,199.91
2021-06-23,230.0,165.0,199.89
2021-06-24,207.5,202.5,199.88
2021-06-25,185.0,240.0,199.87
2021-06-26,178.33333333333334,240.0,199.87
2021-06-27,171.66666666666666,240.0,199.88
2021-06-28,165.0,240.0,199.89
2021-06-29,165.0,145.0,199.9
2021-06-30,145.0,135.0,201.14
2021-07-01,85.0,80.0,200.78
2021-07-02,88.33333333333333,81.66666666666667,200.52
2021-07-03,91.66666666666667,83.33333333333333,200.32
2021-07-04,95.0,85.0,200.11
2021-07-05,75.0,95.0,199.91
2021-07-06,100.0,110.0,199.9
2021-07-07,125.0,125.0,199.9
2021-07-08,158.33333333333334,161.66666666666666,199.9
2021-07-09,191.66666666666669,198.33333333333331,199.9
2021-07-10,225.0,235.0,199.9
2021-07-11,257.5,262.5,199.9
2021-07-12,290.0,290.0,199.91
2021-07-13,205.0,185.0,199.9
2021-07-14,205.0,200.0,199.9
2021-07-15,200.0,250.0,199.9
2021-07-16,200.0,225.0,199.9
2021-07-17,203.33333333333334,233.33333333333334,199.9
2021-07-18,206.66666666666666,241.66666666666666,199.9
2021-07-19,210.0,250.0,199.89
2021-07-20,235.0,240.0,199.9
2021-07-21,250.0,240.0,199.9
2021-07-22,265.0,240.0,199.9
2021-07-23,260.0,223.75,199.91
2021-07-24,255.0,207.5,199.92
2021-07-25,250.0,191.25,199.92
2021-07-26,245.0,175.0,199.93
2021-07-27,215.0,235.0,199.91
2021-07-28,235.0,250.0,199.9
2021-07-29,225.0,245.0,199.9
2021-07-30,210.0,245.0,199.9
2021-07-31,162.5,177.5,199.9
2021-08-01,115.0,110.0,199.9
2021-08-02,145.0,110.0,199.9
2021-08-03,135.0,125.0,199.9
2021-08-04,85.0,82.5,199.9
2021-08-05,107.5,111.25,199.9
2021-08-06,130.0,140.0,199.9
2021-08-07,135.0,140.0,199.9
2021-08-08,171.66666666666666,183.33333333333334,199.9
2021-08-09,208.33333333333331,226.66666666666669,199.91
2021-08-10,245.0,270.0,199.9
2021-08-11,230.0,265.0,199.92
2021-08-12,290.0,270.0,199.92
2021-08-13,210.0,215.0,199.92
2021-08-14,205.0,220.0,199.94
2021-08-15,200.0,225.0,199.96
2021-08-16,195.0,230.0,199.98
2021-08-17,220.0,230.0,199.92
2021-08-18,185.0,190.0,199.9
2021-08-19,190.0,230.0,199.9
2021-08-20,190.0,190.0,199.9
2021-08-21,181.25,176.25,199.9
2021-08-22,172.5,162.5,199.9
2021-08-23,163.75,148.75,199.9
2021-08-24,155.0,135.0,199.9
2021-08-25,170.0,155.0,199.9
2021-08-26,166.875,149.375,199.95
2021-08-27,163.75,143.75,200.0
2021-08-28,160.625,138.125,200.87
2021-08-29,157.5,132.5,201.74
2021-08-30,154.375,126.875,202.62
2021-08-31,151.25,121.25,210.0
2021-09-01,148.125,115.625,210.0
2021-09-02,145.0,110.0,210.0
2021-09-03,125.0,120.0,207.35
2021-09-04,85.0,145.0,207.35
2021-09-05,125.0,177.5,207.35
2021-09-06,165.0,210.0,207.35
2021-09-07,135.0,135.0,207.35
2021-09-08,190.0,195.0,199.95
2021-09-09,145.0,135.0,199.98
2021-09-10,190.0,200.0,200.0
2021-09-11,235.0,265.0,200.0
2021-09-12,315.0,280.0,200.0
2021-09-13,135.0,115.0,200.0
2021-09-14,115.0,90.0,200.0
2021-09-15,125.0,110.0,200.0
2021-09-16,95.0,90.0,200.01
2021-09-17,95.0,95.0,200.0
2021-09-18,102.5,97.5,199.98
2021-09-19,110.0,100.0,199.97
2021-09-20,117.5,102.5,199.95
2021-09-21,125.0,105.0,199.93
2021-09-22,110.0,115.0,199.63
2021-09-23,115.0,110.0,199.9
2021-09-24,110.0,105.0,200.26
2021-09-25,115.0,120.0,200.17
2021-09-26,120.0,135.0,200.09
2021-09-27,125.0,150.0,200.0
2021-09-28,125.0,155.0,200.03
2021-09-29,155.0,170.0,199.99
2021-09-30,155.0,160.0,199.99
2021-10-01,155.0,135.0,200.7
2021-10-02,155.0,110.0,200.51
2021-10-03,115.0,110.0,200.33
2021-10-04,105.0,102.5,200.14
2021-10-05,95.0,95.0,200.0
2021-10-06,106.25,103.75,200.06
2021-10-07,117.5,112.5,200.04
2021-10-08,128.75,121.25,202.98
2021-10-09,140.0,130.0,202.79
2021-10-10,192.5,197.5,202.59
2021-10-11,245.0,265.0,202.4
2021-10-12,310.0,290.0,202.4
2021-10-13,195.0,145.0,200.0
2021-10-14,155.0,155.0,200.0
2021-10-15,170.0,142.5,201.25
2021-10-16,193.33333333333334,158.33333333333334,200.86
2021-10-17,216.66666666666666,174.16666666666666,200.48
2021-10-18,240.0,190.0,200.09
2021-10-19,233.33333333333334,203.33333333333334,200.23
2021-10-20,226.66666666666666,216.66666666666666,200.37
2021-10-21,220.0,230.0,200.51
2021-10-22,210.0,165.0,201.05
2021-10-23,193.33333333333334,165.0,201.36
2021-10-24,176.66666666666666,165.0,201.67
2021-10-25,160.0,165.0,201.98
2021-10-26,160.0,180.0,203.0
2021-10-27,190.0,175.0,202.21
2021-10-28,190.0,190.0,200.03
2021-10-29,176.25,171.25,201.87
2021-10-30,162.5,152.5,201.9
2021-10-31,148.75,133.75,201.92
2021-11-01,135.0,115.0,201.95
2021-11-02,155.0,115.0,202.5
2021-11-03,138.33333333333334,105.0,202.56
2021-11-04,121.66666666666666,95.0,202.59
2021-11-05,105.0,85.0,202.62
2021-11-06,133.33333333333334,128.33333333333334,201.85
2021-11-07,161.66666666666666,171.66666666666669,201.08
2021-11-08,190.0,215.0,200.31
2021-11-09,232.5,237.5,202.05
2021-11-10,275.0,260.0,202.38
2021-11-11,290.0,300.0,201.41
2021-11-12,315.0,328.75,202.35
2021-11-13,340.0,357.5,202.25
2021-11-14,365.0,386.25,202.15
2021-11-15,390.0,415.0,202.05
2021-11-16,395.0,340.0,202.05
2021-11-17,345.0,310.0,201.34
2021-11-18,327.5,287.5,201.77
2021-11-19,310.0,265.0,202.19
2021-11-20,323.3333333333333,276.6666666666667,202.19
2021-11-21,336.6666666666667,288.3333333333333,202.2
2021-11-22,350.0,300.0,202.2
2021-11-23,290.0,300.0,202.42
2021-11-24,240.0,215.0,200.78
2021-11-25,240.0,210.0,200.97
2021-11-26,210.0,195.0,201.21
2021-11-27,210.0,206.66666666666666,201.39
2021-11-28,210.0,218.33333333333334,201.58
2021-11-29,210.0,230.0,201.76
2021-11-30,230.0,235.0,202.05
2021-12-01,135.0,90.0,202.05
2021-12-02,155.0,110.0,201.93
2021-12-03,135.0,105.0,200.45
2021-12-04,130.0,105.0,201.05
2021-12-05,125.0,105.0,201.65
2021-12-06,150.0,147.5,202.25
2021-12-07,175.0,190.0,200.01
2021-12-08,215.0,230.0,201.59
2021-12-09,232.5,230.0,201.22
2021-12-10,250.0,230.0,201.06
2021-12-11,365.0,305.0,201.15
2021-12-12,367.5,322.5,201.24
2021-12-13,370.0,340.0,201.33
2021-12-14,360.0,340.0,201.87
2021-12-15,340.0,310.0,201.87
2021-12-16,340.0,275.0,200.67
2021-12-17,305.0,215.0,201.54
2021-12-18,326.6666666666667,226.66666666666666,202.03
2021-12-19,348.3333333333333,238.33333333333334,202.51
2021-12-20,370.0,250.0,203.0
2021-12-21,345.0,265.0,201.51
2021-12-22,355.0,310.0,201.32
2021-12-23,360.0,325.0,200.72
2021-12-24,360.0,325.0,200.92
2021-12-25,376.6666666666667,325.0,200.92
2021-12-26,393.3333333333333,325.0,200.92
2021-12-27,410.0,325.0,200.92
2021-12-28,390.0,300.0,201.5
2021-12-29,390.0,290.0,201.0
2021-12-30,340.0,335.0,203.0
2021-12-31,335.0,190.0,200.43
2022-01-01,262.5,177.5,200.43
2022-01-02,190.0,165.0,200.43
2022-01-03,142.5,157.5,200.43
2022-01-04,95.0,150.0,200.0
2022-01-05,305.0,350.0,201.71
2022-01-06,515.0,550.0,201.05
2022-01-07,290.0,225.0,201.33
2022-01-08,290.0,325.0,201.52
2022-01-09,290.0,275.0,201.71
2022-01-10,327.5,322.5,201.9
2022-01-11,365.0,370.0,200.94
2022-01-12,225.0,135.0,200.98
2022-01-13,315.0,320.0,201.78
2022-01-14,319.0,317.0,201.82
2022-01-15,323.0,314.0,201.85
2022-01-16,327.0,311.0,201.88
2022-01-17,331.0,308.0,201.91
2022-01-18,335.0,305.0,201.94
2022-01-19,315.0,300.0,201.94
2022-01-20,350.0,340.0,201.05
2022-01-21,355.0,345.0,202.75
2022-01-22,375.0,360.0,202.5
2022-01-23,395.0,375.0,202.25
2022-01-24,415.0,390.0,202.0
2022-01-25,415.0,425.0,202.03
2022-01-26,340.0,375.0,201.59
2022-01-27,335.0,370.0,202.0
2022-01-28,265.0,325.0,201.19
2022-01-29,240.0,271.6666666666667,201.19
2022-01-30,215.0,218.33333333333331,201.19
2022-01-31,190.0,165.0,201.19
2022-02-01,180.0,165.0,201.97
2022-02-02,170.0,165.0,201.42
2022-02-03,210.0,210.0,201.58
2022-02-04,295.0,300.0,201.69
2022-02-05,380.0,390.0,201.79
2022-02-06,465.0,480.0,201.9
2022-02-07,400.0,427.5,202.0
2022-02-08,335.0,375.0,202.41
2022-02-09,290.0,290.0,202.07
2022-02-10,287.5,282.5,201.96
2022-02-11,285.0,275.0,202.0
2022-02-12,220.0,145.0,201.67
2022-02-13,195.0,155.0,201.34
2022-02-14,170.0,165.0,201.01
2022-02-15,170.0,175.0,201.0
2022-02-16,170.0,170.0,201.51
2022-02-17,170.0,165.0,202.01
2022-02-18,210.0,180.0,202.11
2022-02-19,210.0,183.33333333333334,202.05
2022-02-20,210.0,186.66666666666666,201.99
2022-02-21,210.0,190.0,201.93
2022-02-22,225.625,190.0,202.0
2022-02-23,241.25,190.0,201.19
2022-02-24,256.875,190.0,201.19
2022-02-25,272.5,190.0,202.33
2022-02-26,288.125,190.0,201.91
2022-02-27,303.75,190.0,201.48
2022-02-28,319.375,190.0,201.06
2022-03-01,335.0,190.0,201.48
2022-03-02,170.0,150.0,201.9
2022-03-03,210.0,240.0,202.0
2022-03-04,303.3333333333333,351.6666666666667,201.63
2022-03-05,396.66666666666663,463.33333333333337,201.77
2022-03-06,490.0,575.0,201.9
2022-03-07,425.0,470.0,202.04
2022-03-08,360.0,365.0,202.09
2022-03-09,322.5,332.5,229.5
2022-03-10,285.0,300.0,229.34
2022-03-11,275.0,245.0,251.97
2022-03-12,246.66666666666666,223.33333333333334,251.97
2022-03-13,218.33333333333334,201.66666666666666,251.97
2022-03-14,190.0,180.0,251.97
2022-03-15,160.0,170.0,263.33
2022-03-16,160.0,170.0,267.86
2022-03-17,165.0,165.0,267.87
2022-03-18,170.0,160.0,267.88
2022-03-19,170.0,153.33333333333334,270.25
2022-03-20,170.0,146.66666666666666,272.63
2022-03-21,170.0,140.0,275.0
2022-03-22,160.0,155.0,280.0
2022-03-23,160.0,160.0,280.42
2022-03-24,160.0,190.0,280.0
2022-03-25,140.0,150.0,290.0
2022-03-26,136.66666666666666,146.66666666666666,291.66
2022-03-27,133.33333333333334,143.33333333333334,293.32
2022-03-28,130.0,140.0,294.98
2022-03-29,140.0,150.0,294.98
2022-03-30,110.0,140.0,306.08
2022-03-31,110.0,140.0,299.0
2022-04-01,153.33333333333334,161.66666666666666,299.0
2022-04-02,196.66666666666669,183.33333333333334,302.95
2022-04-03,240.0,205.0,306.9
2022-04-04,140.0,145.0,310.86
2022-04-05,340.0,415.0,307.79
2022-04-06,325.0,365.0,307.79
2022-04-07,310.0,315.0,299.81
2022-04-08,370.0,330.0,299.0
2022-04-09,317.5,327.5,303.23
2022-04-10,265.0,325.0,307.45
2022-04-11,275.0,300.0,311.68
2022-04-12,262.14285714285717,278.57142857142856,313.67
2022-04-13,249.28571428571428,257.14285714285717,313.67
2022-04-14,236.42857142857144,235.71428571428572,313.67
2022-04-15,223.57142857142856,214.28571428571428,313.67
2022-04-16,210.71428571428572,192.85714285714286,313.67
2022-04-17,197.85714285714286,171.42857142857144,313.67
2022-04-18,185.0,150.0,313.67
2022-04-19,185.0,150.0,310.0
2022-04-20,177.5,212.5,310.0
2022-04-21,170.0,275.0,335.0
2022-04-22,215.0,300.0,334.8
2022-04-23,231.66666666666666,308.3333333333333,334.8
2022-04-24,248.33333333333334,316.6666666666667,334.8
2022-04-25,265.0,325.0,334.8
2022-04-26,240.0,300.0,340.46
2022-04-27,290.0,365.0,337.9
2022-04-28,327.5,365.0,341.85
2022-04-29,365.0,365.0,341.85
2022-04-30,277.5,262.5,341.48
2022-05-01,190.0,160.0,341.11
2022-05-02,173.33333333333334,151.66666666666666,340.74
2022-05-03,156.66666666666666,143.33333333333334,340.37
2022-05-04,140.0,135.0,340.0
2022-05-05,340.0,305.0,349.9
2022-05-06,325.0,277.5,358.57
2022-05-07,310.0,250.0,360.63
2022-05-08,360.0,425.0,362.7
2022-05-09,375.0,425.0,364.76
2022-05-10,240.0,225.0,364.76
2022-05-11,187.5,170.0,364.76
2022-05-12,135.0,115.0,360.0
2022-05-13,390.0,375.0,360.0
2022-05-14,377.5,362.5,359.94
2022-05-15,365.0,350.0,359.88
2022-05-16,352.5,337.5,359.81
2022-05-17,340.0,325.0,359.75
2022-05-18,360.0,475.0,359.65
2022-05-19,365.0,455.0,359.55
2022-05-20,440.0,410.0,359.48
2022-05-21,438.3333333333333,448.3333333333333,359.46
2022-05-22,436.6666666666667,486.6666666666667,359.45
2022-05-23,435.0,525.0,359.44
2022-05-24,440.0,550.0,359.38
2022-05-25,440.0,575.0,359.38
2022-05-26,525.0,575.0,359.71
2022-05-27,465.0,575.0,359.25
2022-05-28,481.6666666666667,566.6666666666666,359.75
2022-05-29,498.3333333333333,558.3333333333334,360.26
2022-05-30,515.0,550.0,360.76
2022-05-31,510.0,585.0,360.76
2022-06-01,215.0,155.0,360.11
2022-06-02,280.0,239.0,360.6
2022-06-03,345.0,323.0,360.3
2022-06-04,410.0,407.0,360.29
2022-06-05,475.0,491.0,360.28
2022-06-06,540.0,575.0,360.28
2022-06-07,335.0,315.0,360.28
2022-06-08,347.5,365.0,360.03
2022-06-09,360.0,415.0,360.03
2022-06-10,265.0,325.0,359.8
2022-06-11,207.5,220.0,359.81
2022-06-12,150.0,115.0,359.82
2022-06-13,565.0,575.0,359.83
2022-06-14,577.5,575.0,359.84
2022-06-15,590.0,575.0,359.85
2022-06-16,565.0,475.0,359.85
2022-06-17,525.0,375.0,359.75
2022-06-18,530.0,391.6666666666667,360.08
2022-06-19,535.0,408.3333333333333,360.42
2022-06-20,540.0,425.0,360.75
2022-06-21,535.0,425.0,361.75
2022-06-22,540.0,425.0,360.9
2022-06-23,515.0,425.0,360.9
2022-06-24,475.0,435.0,360.3
2022-06-25,458.3333333333333,415.0,360.3
2022-06-26,441.6666666666667,395.0,360.3
2022-06-27,425.0,375.0,360.3
2022-06-28,375.0,300.0,359.9
2022-06-29,290.0,225.0,359.72
2022-06-30,310.0,225.0,359.88
2022-07-01,220.0,170.0,359.55
2022-07-02,205.0,185.0,359.63
2022-07-03,190.0,200.0,359.71
2022-07-04,110.0,142.5,359.79
2022-07-05,342.5,358.75,359.79
2022-07-06,575.0,575.0,359.82
2022-07-07,290.0,275.0,360.82
2022-07-08,327.5,300.0,360.35
2022-07-09,365.0,325.0,360.68
2022-07-10,290.0,290.0,361.02
2022-07-11,295.0,286.25,361.35
2022-07-12,300.0,282.5,360.9
2022-07-13,305.0,278.75,361.4
2022-07-14,310.0,275.0,361.9
2022-07-15,310.0,325.0,361.24
2022-07-16,318.3333333333333,341.6666666666667,361.17
2022-07-17,326.6666666666667,358.3333333333333,361.1
2022-07-18,335.0,375.0,361.03
2022-07-19,335.0,375.0,361.17
2022-07-20,335.0,365.0,361.87
2022-07-21,290.0,305.0,361.67
2022-07-22,310.0,375.0,361.3
2022-07-23,300.0,358.3333333333333,361.23
2022-07-24,290.0,341.6666666666667,361.16
2022-07-25,280.0,325.0,361.09
2022-07-26,265.0,325.0,361.0
2022-07-27,310.0,325.0,361.0
2022-07-28,340.0,325.0,361.0
2022-07-29,290.0,325.0,360.8
2022-07-30,260.0,290.0,360.87
2022-07-31,230.0,255.0,360.93
2022-08-01,200.0,220.0,361.0
2022-08-02,170.0,185.0,361.0
2022-08-03,210.0,175.0,360.93
2022-08-04,140.0,130.0,360.93
2022-08-05,357.5,357.5,360.8
2022-08-06,575.0,585.0,360.8
2022-08-07,495.0,530.0,360.8
2022-08-08,415.0,475.0,360.8
2022-08-09,365.0,400.0,360.94
2022-08-10,327.5,325.0,360.94
2022-08-11,290.0,250.0,360.9
2022-08-12,327.5,268.75,360.85
2022-08-13,365.0,287.5,360.87
2022-08-14,402.5,306.25,360.9
2022-08-15,440.0,325.0,360.92
2022-08-16,415.0,325.0,360.97
2022-08-17,290.0,250.0,360.96
2022-08-18,275.0,275.0,360.97
2022-08-19,240.0,225.0,361.0
2022-08-20,223.33333333333334,221.66666666666666,360.98
2022-08-21,206.66666666666666,218.33333333333334,360.96
2022-08-22,190.0,215.0,360.95
2022-08-23,235.0,190.0,361.0
2022-08-24,180.0,210.0,361.0
2022-08-25,185.0,185.0,361.0
2022-08-26,190.0,215.0,361.4
2022-08-27,213.33333333333334,218.33333333333334,361.32
2022-08-28,236.66666666666666,221.66666666666666,361.25
2022-08-29,260.0,225.0,361.17
2022-08-30,285.0,240.0,361.29
2022-08-31,241.66666666666666,215.0,361.15
2022-09-01,198.33333333333331,190.0,361.08
2022-09-02,155.0,165.0,361.45
2022-09-03,190.0,155.0,361.45
2022-09-04,250.0,232.5,361.45
2022-09-05,310.0,310.0,361.45
2022-09-06,465.0,550.0,361.45
2022-09-07,477.5,537.5,361.81
2022-09-08,490.0,525.0,361.9
2022-09-09,345.0,390.0,362.0
2022-09-10,327.5,327.5,362.07
2022-09-11,310.0,265.0,362.13
2022-09-12,165.0,165.0,362.2
2022-09-13,410.0,425.0,362.28
2022-09-14,410.0,425.0,362.45
2022-09-15,365.0,465.0,362.45
2022-09-16,365.0,375.0,362.9
2022-09-17,355.0,363.3333333333333,362.9
2022-09-18,345.0,351.6666666666667,362.9
2022-09-19,335.0,340.0,362.9
2022-09-20,275.0,275.0,362.9
2022-09-21,240.0,225.0,362.9
2022-09-22,240.0,260.0,362.9
2022-09-23,240.0,305.0,362.9
2022-09-24,240.0,291.6666666666667,362.9
2022-09-25,240.0,278.3333333333333,362.9
2022-09-26,240.0,265.0,362.9
2022-09-27,240.0,215.0,362.9
2022-09-28,230.0,200.0,362.9
2022-09-29,290.0,225.0,362.9
2022-09-30,235.0,185.0,362.9
2022-10-01,280.0,250.0,362.9
2022-10-02,155.0,150.0,362.9
2022-10-03,190.0,170.0,362.9
2022-10-04,306.6666666666667,280.0,362.9
2022-10-05,423.33333333333337,390.0,362.9
2022-10-06,540.0,500.0,362.9
2022-10-07,527.5,507.5,362.9
2022-10-08,515.0,515.0,362.9
2022-10-09,440.0,440.0,362.9
2022-10-10,365.0,365.0,362.9
2022-10-11,315.0,265.0,362.9
2022-10-12,292.5,245.0,362.9
2022-10-13,270.0,225.0,362.9
2022-10-14,265.0,225.0,363.14
2022-10-15,263.3333333333333,238.33333333333334,363.22
2022-10-16,261.6666666666667,251.66666666666666,363.3
2022-10-17,260.0,265.0,363.38
2022-10-18,260.0,265.0,363.38
2022-10-19,265.0,250.0,363.38
2022-10-20,265.0,260.0,363.38
2022-10-21,270.0,230.0,363.38
2022-10-22,261.25,232.5,363.38
2022-10-23,252.5,235.0,363.38
2022-10-24,243.75,237.5,363.38
2022-10-25,235.0,240.0,363.38
2022-10-26,275.0,275.0,363.3
2022-10-27,290.0,280.0,363.3
2022-10-28,290.0,260.0,363.3
2022-10-29,321.6666666666667,300.0,363.3
2022-10-30,353.3333333333333,340.0,363.3
2022-10-31,385.0,380.0,363.3
2022-11-01,270.0,285.0,363.3
2022-11-02,170.0,180.0,363.3
2022-11-03,170.0,165.0,363.3
2022-11-04,206.25,192.5,363.5
2022-11-05,242.5,220.0,363.5
2022-11-06,278.75,247.5,363.5
2022-11-07,315.0,275.0,363.5
2022-11-08,306.6666666666667,288.3333333333333,363.5
2022-11-09,298.3333333333333,301.6666666666667,363.5
2022-11-10,290.0,315.0,363.5
2022-11-11,315.0,295.0,363.5
2022-11-12,323.3333333333333,305.0,363.5
2022-11-13,331.6666666666667,315.0,363.5
2022-11-14,340.0,325.0,363.5
2022-11-15,340.0,335.0,363.5
2022-11-16,330.0,320.0,363.5
2022-11-17,290.0,315.0,363.5
2022-11-18,290.0,305.0,363.5
2022-11-19,315.0,315.0,363.5
2022-11-20,340.0,325.0,363.5
2022-11-21,365.0,335.0,363.5
2022-11-22,365.0,325.0,363.5
2022-11-23,380.0,335.0,363.5
2022-11-24,350.0,325.0,363.5
2022-11-25,365.0,305.0,363.0
2022-11-26,346.6666666666667,288.3333333333333,363.0
2022-11-27,328.3333333333333,271.6666666666667,363.0
2022-11-28,310.0,255.0,363.0
2022-11-29,255.0,180.0,363.19
2022-11-30,240.0,190.0,363.19
2022-12-01,310.0,265.0,363.19
2022-12-02,303.3333333333333,271.6666666666667,363.19
2022-12-03,296.6666666666667,278.3333333333333,363.19
2022-12-04,290.0,285.0,363.18
2022-12-05,290.0,415.0,363.18
2022-12-06,302.5,345.0,363.18
2022-12-07,315.0,275.0,363.18
2022-12-08,490.0,475.0,363.18
2022-12-09,390.0,475.0,363.18
2022-12-10,290.0,245.0,363.18
2022-12-11,357.5,292.5,363.18
2022-12-12,425.0,340.0,363.18
2022-12-13,425.0,375.0,363.18
2022-12-14,460.0,305.0,363.18
2022-12-15,415.0,375.0,363.18
2022-12-16,425.0,325.0,363.18
2022-12-17,430.0,358.3333333333333,363.18
2022-12-18,435.0,391.6666666666667,363.18
2022-12-19,440.0,425.0,363.18
2022-12-20,465.0,425.0,363.16
2022-12-21,465.0,425.0,363.16
2022-12-22,425.0,375.0,363.16
2022-12-23,465.0,425.0,363.17
2022-12-24,506.6666666666667,458.3333333333333,363.15
2022-12-25,548.3333333333334,491.6666666666667,363.14
2022-12-26,590.0,525.0,363.12
2022-12-27,565.0,425.0,363.1
2022-12-28,450.0,325.0,363.13
2022-12-29,510.0,425.0,363.13
2022-12-30,550.0,475.0,363.11
2022-12-31,581.6666666666666,500.0,363.11
2023-01-01,613.3333333333334,525.0,363.11
2023-01-02,645.0,550.0,363.11
2023-01-03,635.0,575.0,363.11
2023-01-04,525.0,565.0,363.11
2023-01-05,500.0,525.0,363.11
2023-01-06,430.0,462.5,363.11
2023-01-07,360.0,400.0,363.1
2023-01-08,290.0,337.5,363.1
2023-01-09,220.0,275.0,363.09
2023-01-10,325.0,315.0,362.24
2023-01-11,425.0,325.0,362.24
2023-01-12,515.0,400.0,362.24
2023-01-13,495.0,406.25,362.24
2023-01-14,475.0,412.5,362.24
2023-01-15,455.0,418.75,362.24
2023-01-16,435.0,425.0,362.24
2023-01-17,375.0,375.0,362.24
2023-01-18,275.0,290.0,362.24
2023-01-19,275.0,275.0,362.27
2023-01-20,275.0,275.0,362.17
2023-01-21,308.3333333333333,311.6666666666667,362.17
2023-01-22,341.6666666666667,348.3333333333333,362.16
2023-01-23,375.0,385.0,362.16
2023-01-24,410.0,275.0,362.16
2023-01-25,375.0,270.0,362.16
2023-01-26,360.0,335.0,362.14
2023-01-27,375.0,405.0,362.14
2023-01-28,395.0,390.0,362.14
2023-01-29,415.0,375.0,362.14
2023-01-30,435.0,360.0,362.14
2023-01-31,405.0,350.0,362.14
2023-02-01,375.0,340.0,362.14
2023-02-02,375.0,300.0,362.14
2023-02-03,390.0,340.0,361.97
2023-02-04,390.0,348.3333333333333,361.97
2023-02-05,390.0,356.6666666666667,361.96
2023-02-06,390.0,365.0,361.96
2023-02-07,375.0,325.0,361.96
2023-02-08,365.0,325.0,361.96
2023-02-09,390.0,355.0,361.92
2023-02-10,390.0,425.0,361.92
2023-02-11,240.0,325.0,361.92
2023-02-12,302.5,355.0,361.92
2023-02-13,365.0,385.0,361.92
2023-02-14,375.0,365.0,361.92
2023-02-15,325.0,375.0,361.92
2023-02-16,350.0,375.0,361.92
2023-02-17,365.0,375.0,361.92
2023-02-18,348.3333333333333,348.3333333333333,361.92
2023-02-19,331.6666666666667,321.6666666666667,361.92
2023-02-20,315.0,295.0,361.92
2023-02-21,290.0,325.0,361.92
2023-02-22,240.0,200.0,361.66
2023-02-23,190.0,225.0,361.66
2023-02-24,210.0,230.0,362.67
2023-02-25,211.66666666666666,208.33333333333334,362.61
2023-02-26,213.33333333333334,186.66666666666666,362.55
2023-02-27,215.0,165.0,362.5
2023-02-28,210.0,210.0,361.63
2023-03-01,245.0,205.0,358.46
2023-03-02,240.0,215.0,353.65
2023-03-03,210.0,200.0,346.17
2023-03-04,210.0,201.25,344.05
2023-03-05,210.0,202.5,341.92
2023-03-06,210.0,203.75,339.8
2023-03-07,210.0,205.0,337.67
2023-03-08,215.0,245.0,326.63
2023-03-09,210.0,215.0,319.56
2023-03-10,235.0,200.0,318.63
2023-03-11,300.0,275.0,318.79
2023-03-12,255.0,225.0,318.95
2023-03-13,210.0,175.0,319.1
2023-03-14,190.0,200.0,322.96
2023-03-15,185.0,210.0,327.06
2023-03-16,180.0,225.0,337.29
2023-03-17,160.0,165.0,336.8
2023-03-18,160.0,165.0,336.29
2023-03-19,160.0,165.0,335.79
2023-03-20,160.0,165.0,335.28
2023-03-21,130.0,140.0,335.08
2023-03-22,130.0,125.0,321.89
2023-03-23,125.0,125.0,317.31
2023-03-24,110.0,115.0,318.63
2023-03-25,116.66666666666667,123.33333333333333,319.29
2023-03-26,123.33333333333333,131.66666666666666,319.94
2023-03-27,130.0,140.0,320.6
2023-03-28,140.0,140.0,319.98
2023-03-29,130.0,130.0,322.67
2023-03-30,125.0,140.0,325.63
2023-03-31,125.0,85.0,327.29
2023-04-01,123.33333333333333,86.66666666666667,327.36
2023-04-02,121.66666666666667,88.33333333333333,327.43
2023-04-03,120.0,90.0,327.5
2023-04-04,130.0,110.0,323.78
2023-04-05,120.0,95.0,322.48
2023-04-06,110.0,80.0,321.17
2023-04-07,205.0,197.5,320.87
2023-04-08,300.0,315.0,320.57
2023-04-09,240.0,205.0,320.27
2023-04-10,265.0,325.0,319.97
2023-04-11,190.0,200.0,319.83
2023-04-12,475.0,475.0,319.85
2023-04-13,402.0,401.0,319.79
2023-04-14,329.0,327.0,319.74
2023-04-15,256.0,253.0,319.68
2023-04-16,183.0,179.0,319.63
2023-04-17,110.0,105.0,319.57
2023-04-18,90.0,85.0,319.93
2023-04-19,110.0,85.0,320.83
2023-04-20,130.0,265.0,320.72
2023-04-21,130.0,130.0,321.14
2023-04-22,136.66666666666666,130.0,321.31
2023-04-23,143.33333333333334,130.0,321.48
2023-04-24,150.0,130.0,321.65
2023-04-25,130.0,150.0,321.8
2023-04-26,145.0,165.0,321.76
2023-04-27,145.0,150.0,321.63
2023-04-28,160.0,175.0,321.65
2023-04-29,177.5,190.0,321.6
2023-04-30,195.0,205.0,321.54
2023-05-01,212.5,220.0,321.49
2023-05-02,230.0,235.0,321.44
2023-05-03,260.0,240.0,320.9
2023-05-04,260.0,260.0,319.97
2023-05-05,267.5,272.5,319.84
2023-05-06,275.0,285.0,319.7
2023-05-07,282.5,297.5,319.57
2023-05-08,290.0,310.0,319.44
2023-05-09,235.0,265.0,318.52
2023-05-10,390.0,325.0,318.09
2023-05-11,390.0,325.0,316.68
2023-05-12,475.0,475.0,313.65
2023-05-13,461.6666666666667,460.0,313.52
2023-05-14,448.3333333333333,445.0,313.38
2023-05-15,435.0,430.0,313.25
2023-05-16,375.0,360.0,312.64
2023-05-17,375.0,275.0,310.4
2023-05-18,325.0,375.0,307.37
2023-05-19,325.0,330.0,305.78
2023-05-20,305.0,291.6666666666667,306.22
2023-05-21,285.0,253.33333333333331,306.65
2023-05-22,265.0,215.0,307.08
2023-05-23,210.0,235.0,305.88
2023-05-24,215.0,215.0,304.71
2023-05-25,240.0,215.0,303.27
2023-05-26,265.0,325.0,303.05
2023-05-27,280.0,291.6666666666667,301.74
2023-05-28,295.0,258.3333333333333,300.42
2023-05-29,310.0,225.0,299.11
2023-05-30,310.0,325.0,296.69
2023-05-31,290.0,265.0,295.52
2023-06-01,310.0,305.0,292.46
2023-06-02,300.0,305.0,292.28
2023-06-03,296.6666666666667,298.3333333333333,292.29
2023-06-04,293.3333333333333,291.6666666666667,292.3
2023-06-05,290.0,285.0,292.31
2023-06-06,275.0,325.0,291.54
2023-06-07,310.0,315.0,291.21
2023-06-08,315.0,300.0,290.97
2023-06-09,235.0,215.0,293.21
2023-06-10,260.0,325.0,294.22
2023-06-11,265.0,285.0,295.23
2023-06-12,375.0,415.0,296.24
2023-06-13,360.0,365.0,300.43
2023-06-14,360.0,375.0,303.21
2023-06-15,375.0,375.0,308.48
2023-06-16,340.0,375.0,313.82
2023-06-17,356.6666666666667,375.0,312.28
2023-06-18,373.3333333333333,375.0,310.74
2023-06-19,390.0,375.0,309.2
2023-06-20,390.0,390.0,305.92
2023-06-21,415.0,375.0,306.12
2023-06-22,385.0,380.0,306.91
2023-06-23,390.0,415.0,306.95
2023-06-24,398.3333333333333,418.3333333333333,306.97
2023-06-25,406.6666666666667,421.6666666666667,306.98
2023-06-26,415.0,425.0,307.0
2023-06-27,425.0,425.0,308.12
2023-06-28,465.0,440.0,308.83
2023-06-29,412.5,387.5,308.71
2023-06-30,360.0,335.0,308.59
2023-07-01,348.75,320.0,308.47
2023-07-02,337.5,305.0,308.35
2023-07-03,326.25,290.0,308.24
2023-07-04,315.0,275.0,308.12
2023-07-05,290.0,300.0,306.26
2023-07-06,325.0,290.0,306.99
2023-07-07,340.0,275.0,308.2
2023-07-08,335.0,315.0,309.3
2023-07-09,240.0,305.0,310.4
2023-07-10,410.0,400.0,311.51
2023-07-11,300.0,275.0,312.79
2023-07-12,390.0,325.0,313.9
2023-07-13,340.0,350.0,314.59
2023-07-14,325.0,375.0,316.36
2023-07-15,325.0,375.0,317.28
2023-07-16,325.0,375.0,318.2
2023-07-17,325.0,375.0,319.12
2023-07-18,325.0,370.0,322.81
2023-07-19,285.0,325.0,322.53
2023-07-20,285.0,275.0,324.25
2023-07-21,275.0,325.0,325.22
2023-07-22,305.0,325.0,325.73
2023-07-23,335.0,325.0,326.24
2023-07-24,365.0,325.0,326.75
2023-07-25,365.0,355.0,329.0
2023-07-26,325.0,330.0,329.42
2023-07-27,335.0,325.0,329.38
2023-07-28,335.0,335.0,329.28
2023-07-29,330.90909090909093,334.09090909090907,329.31
2023-07-30,326.8181818181818,333.1818181818182,329.33
2023-07-31,322.72727272727275,332.27272727272725,329.36
2023-08-01,318.6363636363636,331.3636363636364,327.0
2023-08-02,314.54545454545456,330.45454545454544,324.65
2023-08-03,310.45454545454544,329.54545454545456,314.1
2023-08-04,306.3636363636364,328.6363636363636,318.44
2023-08-05,302.27272727272725,327.72727272727275,318.44
2023-08-06,298.1818181818182,326.8181818181818,318.44
2023-08-07,294.0909090909091,325.90909090909093,318.44
2023-08-08,290.0,325.0,321.5
2023-08-09,265.0,275.0,321.08
2023-08-10,320.0,295.0,320.26
2023-08-11,375.0,315.0,320.0
2023-08-12,525.0,375.0,319.99
2023-08-13,440.0,375.0,319.99
2023-08-14,355.0,375.0,319.98
2023-08-15,335.0,365.0,320.94
2023-08-16,335.0,375.0,321.18
2023-08-17,330.0,325.0,321.09
2023-08-18,335.0,365.0,321.86
2023-08-19,328.3333333333333,368.3333333333333,322.32
2023-08-20,321.6666666666667,371.6666666666667,322.79
2023-08-21,315.0,375.0,323.25
2023-08-22,310.0,330.0,323.94
2023-08-23,335.0,375.0,323.94
2023-08-24,315.0,360.0,323.97
2023-08-25,310.0,340.0,324.05
2023-08-26,303.3333333333333,321.6666666666667,323.99
2023-08-27,296.6666666666667,303.3333333333333,323.93
2023-08-28,290.0,285.0,323.87
2023-08-29,265.0,305.0,323.91
2023-08-30,247.5,285.0,323.29
2023-08-31,230.0,265.0,322.66
2023-09-01,240.0,272.5,319.65
2023-09-02,250.0,280.0,319.52
2023-09-03,260.0,287.5,319.39
2023-09-04,270.0,295.0,319.26
2023-09-05,280.0,302.5,320.38
2023-09-06,290.0,310.0,322.0
2023-09-07,300.0,317.5,322.0
2023-09-08,310.0,325.0,322.39
2023-09-09,312.5,332.5,322.14
2023-09-10,315.0,340.0,321.9
2023-09-11,375.0,280.0,321.66
2023-09-12,355.0,322.5,322.28
2023-09-13,335.0,365.0,322.38
2023-09-14,325.0,360.0,323.38
2023-09-15,265.0,330.0,323.37
2023-09-16,290.0,323.3333333333333,323.37
2023-09-17,315.0,316.6666666666667,323.37
2023-09-18,340.0,310.0,323.38
2023-09-19,315.0,310.0,323.71
2023-09-20,285.0,225.0,324.0
2023-09-21,240.0,305.0,324.7
2023-09-22,215.0,195.0,324.61
2023-09-23,221.66666666666666,216.66666666666666,324.55
2023-09-24,228.33333333333334,238.33333333333334,324.5
2023-09-25,235.0,260.0,324.44
2023-09-26,265.0,275.0,324.6
2023-09-27,269.1666666666667,280.4166666666667,324.45
2023-09-28,273.3333333333333,285.8333333333333,324.26
2023-09-29,277.5,291.25,324.08
2023-09-30,281.6666666666667,296.6666666666667,323.89
2023-10-01,285.8333333333333,302.0833333333333,323.7
2023-10-02,290.0,307.5,323.52
2023-10-03,294.1666666666667,312.9166666666667,323.8
2023-10-04,298.3333333333333,318.3333333333333,323.77
2023-10-05,302.5,323.75,323.77
2023-10-06,306.6666666666667,329.1666666666667,323.69
2023-10-07,310.8333333333333,334.5833333333333,323.67
2023-10-08,315.0,340.0,323.64
2023-10-09,307.5,322.5,323.61
2023-10-10,300.0,305.0,323.6
2023-10-11,365.0,275.0,323.81
2023-10-12,340.0,320.0,323.85
2023-10-13,315.0,365.0,323.8
2023-10-14,321.6666666666667,368.3333333333333,323.82
2023-10-15,328.3333333333333,371.6666666666667,323.84
2023-10-16,335.0,375.0,323.86
2023-10-17,365.0,375.0,323.91
2023-10-18,340.0,380.0,324.14
2023-10-19,340.0,425.0,324.38
2023-10-20,390.0,315.0,324.97
2023-10-21,393.3333333333333,368.3333333333333,324.98
2023-10-22,396.6666666666667,421.6666666666667,324.99
2023-10-23,400.0,475.0,325.0
2023-10-24,410.0,475.0,325.9
2023-10-25,460.0,475.0,327.11
2023-10-26,490.0,515.0,326.56
2023-10-27,510.0,525.0,326.5
2023-10-28,465.0,508.3333333333333,326.71
2023-10-29,420.0,491.6666666666667,326.92
2023-10-30,375.0,475.0,327.13
2023-10-31,275.0,315.0,327.38
2023-11-01,280.0,316.25,327.62
2023-11-02,285.0,317.5,328.03
2023-11-03,290.0,318.75,329.06
2023-11-04,295.0,320.0,329.03
2023-11-05,300.0,321.25,329.01
2023-11-06,305.0,322.5,328.98
2023-11-07,310.0,323.75,327.74
2023-11-08,315.0,325.0,327.12
2023-11-09,350.0,315.0,328.41
2023-11-10,290.0,350.0,328.46
2023-11-11,357.5,337.5,328.04
2023-11-12,425.0,325.0,327.62
2023-11-13,315.0,375.0,327.19
2023-11-14,365.0,325.0,326.89
2023-11-15,300.0,330.0,327.36
2023-11-16,315.0,325.0,328.64
2023-11-17,360.0,340.0,328.07
2023-11-18,385.0,351.6666666666667,328.02
2023-11-19,410.0,363.3333333333333,327.97
2023-11-20,435.0,375.0,327.92
2023-11-21,425.0,400.0,328.09
2023-11-22,475.0,375.0,328.39
2023-11-23,465.0,475.0,328.48
2023-11-24,475.0,475.0,328.72
2023-11-25,503.3333333333333,485.0,328.73
2023-11-26,531.6666666666666,495.0,328.74
2023-11-27,560.0,505.0,328.75
2023-11-28,565.0,515.0,329.0
2023-11-29,545.0,497.72727272727275,329.51
2023-11-30,525.0,480.45454545454544,329.04
2023-12-01,505.0,463.1818181818182,327.56
2023-12-02,485.0,445.9090909090909,327.7
2023-12-03,465.0,428.6363636363636,327.84
2023-12-04,445.0,411.3636363636364,327.98
2023-12-05,425.0,394.0909090909091,328.03
2023-12-06,405.0,376.8181818181818,328.02
2023-12-07,385.0,359.5454545454545,327.13
2023-12-08,365.0,342.27272727272725,326.59
2023-12-09,345.0,325.0,326.7
2023-12-10,300.0,325.0,326.82
2023-12-11,312.5,287.5,326.93
2023-12-12,325.0,250.0,327.18
2023-12-13,325.0,275.0,327.1
2023-12-14,325.0,310.0,326.78
2023-12-15,365.0,315.0,326.72
2023-12-16,368.3333333333333,315.0,326.81
2023-12-17,371.6666666666667,315.0,326.9
2023-12-18,375.0,315.0,326.99
2023-12-19,375.0,275.0,326.92
2023-12-20,425.0,360.0,326.96
2023-12-21,475.0,375.0,326.97
2023-12-22,525.0,415.0,326.35
2023-12-23,535.0,432.0,326.23
2023-12-24,545.0,449.0,326.11
2023-12-25,555.0,466.0,325.99
2023-12-26,565.0,483.0,325.86
2023-12-27,575.0,500.0,325.74
2023-12-28,525.0,550.0,324.23
2023-12-29,590.0,475.0,323.92
