Date,Kandy,Dambulla
2016-01-02,185.0,195.0
2016-01-03,85.0,80.0
2016-01-04,95.0,82.5
2016-01-06,185.0,150.0
2016-01-07,170.0,180.0
2016-01-08,95.0,90.0
2016-01-09,65.0,57.5
2016-01-11,85.0,77.5
2016-01-12,85.0,70.0
2016-01-13,190.0,185.0
2016-01-14,235.0,215.0
2016-01-18,290.0,210.0
2016-01-19,280.0,205.0
2016-01-20,270.0,240.0
2016-01-21,275.0,260.0
2016-01-22,285.0,250.0
2016-01-25,270.0,215.0
2016-01-26,225.0,235.0
2016-01-27,225.0,185.0
2016-01-28,210.0,220.0
2016-01-29,210.0,220.0
2016-02-02,200.0,225.0
2016-02-03,85.0,100.0
2016-02-05,95.0,92.5
2016-02-06,150.0,155.0
2016-02-08,85.0,80.0
2016-02-09,67.5,57.5
2016-02-11,55.0,72.5
2016-02-12,85.0,85.0
2016-02-15,195.0,160.0
2016-02-16,195.0,160.0
2016-02-17,180.0,140.0
2016-02-18,180.0,130.0
2016-02-19,115.0,115.0
2016-02-23,115.0,92.5
2016-02-24,105.0,110.0
2016-02-25,105.0,110.0
2016-02-26,125.0,110.0
2016-02-29,95.0,90.0
2016-03-02,210.0,200.0
2016-03-03,85.0,82.5
2016-03-05,95.0,72.5
2016-03-06,155.0,165.0
2016-03-08,85.0,90.0
2016-03-10,65.0,62.5
2016-03-11,75.0,60.0
2016-03-14,95.0,80.0
2016-03-15,95.0,80.0
2016-03-16,125.0,115.0
2016-03-18,85.0,65.0
2016-03-21,75.0,62.5
2016-03-23,95.0,75.0
2016-03-24,95.0,82.5
2016-03-28,125.0,110.0
2016-03-29,95.0,90.0
2016-03-30,95.0,85.0
2016-03-31,95.0,82.5
2016-04-01,285.0,260.0
2016-04-03,85.0,80.0
2016-04-04,105.0,87.5
2016-04-05,95.0,80.0
2016-04-07,175.0,165.0
2016-04-08,85.0,75.0
2016-04-10,65.0,52.5
2016-04-11,65.0,60.0
2016-04-18,95.0,100.0
2016-04-19,85.0,70.0
2016-04-20,95.0,72.5
2016-04-22,85.0,77.5
2016-04-25,85.0,95.0
2016-04-26,85.0,82.5
2016-04-27,85.0,80.0
2016-04-28,85.0,82.5
2016-04-29,85.0,80.0
2016-05-01,245.0,180.0
2016-05-02,285.0,270.0
2016-05-04,95.0,87.5
2016-05-05,95.0,80.0
2016-05-07,145.0,155.0
2016-05-08,95.0,82.5
2016-05-09,65.0,65.0
2016-05-10,65.0,60.0
2016-05-12,90.0,72.5
2016-05-13,95.0,85.0
2016-05-16,125.0,115.0
2016-05-17,125.0,125.0
2016-05-18,95.0,110.0
2016-05-19,95.0,75.0
2016-05-20,110.0,100.0
2016-05-23,115.0,100.0
2016-05-24,125.0,110.0
2016-05-25,135.0,130.0
2016-05-26,125.0,125.0
2016-05-27,145.0,140.0
2016-05-30,185.0,155.0
2016-05-31,185.0,155.0
2016-06-01,235.0,160.0
2016-06-04,85.0,82.5
2016-06-05,85.0,82.5
2016-06-06,175.0,180.0
2016-06-07,145.0,135.0
2016-06-09,65.0,62.5
2016-06-10,67.5,55.0
2016-06-12,95.0,75.0
2016-06-13,195.0,210.0
2016-06-14,205.0,205.0
2016-06-15,185.0,205.0
2016-06-16,215.0,190.0
2016-06-17,190.0,190.0
2016-06-20,215.0,210.0
2016-06-21,235.0,235.0
2016-06-22,225.0,210.0
2016-06-23,255.0,205.0
2016-06-24,210.0,210.0
2016-06-27,190.0,190.0
2016-06-28,195.0,190.0
2016-06-29,195.0,180.0
2016-06-30,205.0,170.0
2016-07-01,255.0,185.0
2016-07-04,75.0,80.0
2016-07-06,195.0,185.0
2016-07-07,145.0,135.0
2016-07-09,57.5,65.0
2016-07-10,72.5,145.0
2016-07-11,75.0,70.0
2016-07-12,95.0,82.5
2016-07-15,125.0,120.0
2016-07-18,115.0,110.0
2016-07-20,115.0,110.0
2016-07-21,125.0,125.0
2016-07-22,115.0,125.0
2016-07-25,110.0,90.0
2016-07-26,95.0,100.0
2016-07-27,95.0,92.5
2016-07-28,85.0,85.0
2016-08-01,195.0,175.0
2016-08-02,205.0,230.0
2016-08-03,95.0,87.5
2016-08-04,95.0,102.5
2016-08-06,195.0,190.0
2016-08-07,145.0,145.0
2016-08-08,95.0,62.5
2016-08-09,62.5,60.0
2016-08-11,75.0,67.5
2016-08-12,80.0,87.5
2016-08-15,85.0,67.5
2016-08-16,85.0,77.5
2016-08-18,75.0,75.0
2016-08-19,85.0,80.0
2016-08-22,85.0,62.5
2016-08-23,65.0,50.0
2016-08-24,55.0,55.0
2016-08-29,70.0,65.0
2016-08-30,70.0,57.5
2016-08-31,65.0,60.0
2016-09-02,190.0,180.0
2016-09-03,95.0,80.0
2016-09-05,77.5,92.5
2016-09-06,195.0,195.0
2016-09-08,85.0,60.0
2016-09-09,62.5,65.0
2016-09-11,75.0,72.5
2016-09-12,75.0,72.5
2016-09-13,62.5,65.0
2016-09-14,65.0,70.0
2016-09-15,67.5,67.5
2016-09-19,77.5,70.0
2016-09-20,75.0,75.0
2016-09-21,80.0,77.5
2016-09-22,75.0,75.0
2016-09-23,65.0,65.0
2016-09-26,67.5,70.0
2016-09-27,67.5,65.0
2016-09-28,67.5,60.0
2016-09-29,62.5,57.5
2016-09-30,62.5,57.5
2016-10-02,195.0,225.0
2016-10-03,85.0,82.5
2016-10-05,85.0,95.0
2016-10-06,195.0,200.0
2016-10-08,75.0,65.0
2016-10-10,67.5,62.5
2016-10-11,72.5,67.5
2016-10-13,70.0,80.0
2016-10-14,75.0,90.0
2016-10-17,82.5,85.0
2016-10-18,82.5,75.0
2016-10-19,82.5,77.5
2016-10-20,75.0,70.0
2016-10-21,70.0,65.0
2016-10-24,85.0,80.0
2016-10-25,85.0,85.0
2016-10-26,75.0,80.0
2016-10-27,70.0,67.5
2016-10-28,80.0,77.5
2016-10-31,95.0,82.5
2016-11-01,190.0,195.0
2016-11-02,195.0,210.0
2016-11-03,85.0,72.5
2016-11-04,105.0,100.0
2016-11-05,95.0,97.5
2016-11-08,75.0,55.0
2016-11-10,65.0,57.5
2016-11-11,65.0,75.0
2016-11-15,75.0,70.0
2016-11-16,85.0,80.0
2016-11-17,75.0,62.5
2016-11-18,72.5,75.0
2016-11-21,85.0,77.5
2016-11-22,75.0,77.5
2016-11-23,75.0,67.5
2016-11-24,72.5,62.5
2016-11-25,65.0,67.5
2016-11-28,87.5,87.5
2016-11-29,92.5,80.0
2016-11-30,85.0,90.0
2016-12-01,205.0,180.0
2016-12-02,190.0,175.0
2016-12-05,95.0,90.0
2016-12-08,75.0,60.0
2016-12-10,65.0,57.5
2016-12-14,110.0,92.5
2016-12-15,110.0,90.0
2016-12-16,110.0,97.5
2016-12-19,95.0,77.5
2016-12-20,75.0,80.0
2016-12-21,85.0,65.0
2016-12-22,85.0,67.5
2016-12-23,75.0,75.0
2016-12-26,95.0,82.5
2016-12-27,95.0,75.0
2016-12-28,95.0,70.0
2016-12-29,95.0,77.5
2016-12-30,85.0,72.5
2017-01-02,55.0,45.0
2017-01-03,40.0,35.0
2017-01-08,135.0,150.0
2017-01-11,145.0,130.0
2017-01-13,65.0,57.5
2017-01-16,90.0,62.5
2017-01-17,85.0,72.5
2017-01-18,75.0,52.5
2017-01-19,65.0,50.0
2017-01-20,60.0,47.5
2017-01-23,65.0,47.5
2017-01-24,60.0,47.5
2017-01-25,55.0,50.0
2017-01-26,60.0,50.0
2017-01-27,55.0,52.5
2017-01-30,42.5,37.5
2017-01-31,47.5,37.5
2017-02-01,95.0,65.0
2017-02-02,50.0,45.0
2017-02-03,42.5,50.0
2017-02-05,230.0,210.0
2017-02-06,190.0,205.0
2017-02-08,135.0,140.0
2017-02-10,115.0,95.0
2017-02-11,135.0,130.0
2017-02-13,55.0,40.0
2017-02-14,45.0,42.5
2017-02-15,42.5,42.5
2017-02-16,45.0,45.0
2017-02-17,40.0,45.0
2017-02-20,45.0,42.5
2017-02-21,35.0,42.5
2017-02-22,35.0,30.0
2017-02-23,45.0,37.5
2017-02-27,40.0,40.0
2017-02-28,45.0,32.5
2017-03-01,65.0,67.5
2017-03-02,42.5,42.5
2017-03-03,40.0,40.0
2017-03-04,90.0,90.0
2017-03-05,215.0,220.0
2017-03-07,145.0,160.0
2017-03-08,130.0,142.5
2017-03-10,85.0,110.0
2017-03-13,52.5,35.0
2017-03-14,45.0,37.5
2017-03-15,45.0,42.5
2017-03-16,42.5,35.0
2017-03-17,42.5,35.0
2017-03-20,70.0,77.5
2017-03-21,85.0,87.5
2017-03-22,85.0,87.5
2017-03-23,95.0,85.0
2017-03-24,105.0,92.5
2017-03-27,90.0,70.0
2017-03-28,80.0,80.0
2017-03-29,72.5,72.5
2017-03-30,70.0,65.0
2017-03-31,80.0,77.5
2017-04-01,65.0,62.5
2017-04-04,95.0,85.0
2017-04-05,225.0,215.0
2017-04-07,145.0,162.5
2017-04-08,110.0,142.5
2017-04-09,95.0,87.5
2017-04-10,85.0,95.0
2017-04-12,175.0,152.5
2017-04-17,110.0,115.0
2017-04-18,140.0,112.5
2017-04-19,130.0,135.0
2017-04-20,150.0,155.0
2017-04-21,145.0,155.0
2017-04-24,150.0,155.0
2017-04-25,150.0,155.0
2017-04-26,145.0,155.0
2017-04-27,150.0,157.5
2017-04-28,150.0,170.0
2017-05-01,65.0,47.5
2017-05-05,210.0,220.0
2017-05-06,190.0,200.0
2017-05-07,135.0,150.0
2017-05-12,155.0,115.0
2017-05-15,225.0,215.0
2017-05-16,225.0,220.0
2017-05-17,225.0,215.0
2017-05-18,210.0,215.0
2017-05-19,230.0,205.0
2017-05-23,240.0,215.0
2017-05-24,245.0,220.0
2017-05-25,230.0,205.0
2017-05-26,210.0,210.0
2017-05-29,210.0,205.0
2017-05-30,215.0,205.0
2017-05-31,225.0,225.0
2017-06-01,70.0,55.0
2017-06-02,55.0,42.5
2017-06-03,37.5,30.0
2017-06-04,85.0,60.0
2017-06-06,190.0,200.0
2017-06-07,125.0,125.0
2017-06-09,95.0,77.5
2017-06-10,95.0,90.0
2017-06-11,155.0,150.0
2017-06-12,155.0,115.0
2017-06-13,275.0,240.0
2017-06-14,275.0,225.0
2017-06-15,260.0,245.0
2017-06-16,255.0,240.0
2017-06-19,230.0,190.0
2017-06-20,225.0,200.0
2017-06-21,210.0,225.0
2017-06-22,210.0,190.0
2017-06-23,105.0,120.0011
2017-06-27,110.0,110.0011
2017-06-28,230.0,210.0
2017-06-29,225.0,230.0
2017-06-30,205.0,195.0
2017-07-02,45.0,32.5
2017-07-03,37.5,30.0
2017-07-04,95.0,70.0
2017-07-06,190.0,220.0
2017-07-07,125.0,140.0
2017-07-09,95.0,77.5
2017-07-11,145.0,110.0
2017-07-12,145.0,102.5
2017-07-13,155.0,145.0
2017-07-14,140.0,175.0
2017-07-17,165.0,167.5
2017-07-18,165.0,195.0
2017-07-19,160.0,175.0
2017-07-20,160.0,180.0
2017-07-21,155.0,165.0
2017-07-24,195.0,180.0
2017-07-25,185.0,172.5
2017-07-26,170.0,167.5
2017-07-27,175.0,162.5
2017-07-28,175.0,140.0
2017-07-31,135.0,140.0
2017-08-02,52.5,37.5
2017-08-03,35.0,32.5
2017-08-05,205.0,155.0
2017-08-08,135.0,132.5
2017-08-09,75.0,70.0
2017-08-11,145.0,140.0
2017-08-12,145.0,120.0
2017-08-14,85.0,77.5
2017-08-15,85.0,90.0
2017-08-16,95.0,100.0
2017-08-17,90.0,82.5
2017-08-18,95.0,100.0
2017-08-21,105.0,90.0
2017-08-22,105.0,85.0
2017-08-23,95.0,95.0
2017-08-24,105.0,85.0
2017-08-25,90.0,90.0
2017-08-28,95.0,77.5
2017-08-29,85.0,80.0
2017-08-30,85.0,90.0
2017-09-01,57.5,52.5
2017-09-02,45.0,37.5
2017-09-03,35.0,30.0
2017-09-05,250.0,175.0
2017-09-06,250.0,
2017-09-08,130.0,115.0
2017-09-10,95.0,85.0
2017-09-11,135.0,150.0
2017-09-13,95.0,80.0
2017-09-14,95.0,75.0
2017-09-15,85.0,82.5
2017-09-18,85.0,82.5
2017-09-19,85.0,77.5
2017-09-20,85.0,80.0
2017-09-21,95.0,90.0
2017-09-22,85.0,85.0
2017-09-25,110.0,110.0
2017-09-26,105.0,110.0
2017-09-27,105.0,125.0
2017-09-28,105.0,110.0
2017-09-29,105.0,105.0
2017-10-01,55.0,47.5
2017-10-03,37.5,35.0
2017-10-07,215.0,205.0
2017-10-08,115.0,105.0
2017-10-10,75.0,95.0
2017-10-11,135.0,140.0
2017-10-13,85.0,95.0
2017-10-16,110.0,125.0
2017-10-17,127.5,110.0
2017-10-19,127.5,97.5
2017-10-20,135.0,132.5
2017-10-23,125.0,122.5
2017-10-24,115.0,112.5
2017-10-25,105.0,120.0
2017-10-26,125.0,115.0
2017-10-27,115.0,125.0
2017-10-30,110.0,120.0
2017-10-31,125.0,110.0
2017-11-01,62.5,50.0
2017-11-04,110.0,102.5
2017-11-07,190.0,197.5
2017-11-08,100.0,90.0
2017-11-09,95.0,90.0
2017-11-10,105.0,90.0
2017-11-12,145.0,130.0
2017-11-13,165.0,145.0
2017-11-14,145.0,150.0
2017-11-15,175.0,165.0
2017-11-16,210.0,215.0
2017-11-17,210.0,205.0
2017-11-20,170.0,185.0
2017-11-21,135.0,145.0
2017-11-22,145.0,170.0
2017-11-23,102.5,185.0
2017-11-24,175.0,150.0
2017-11-27,155.0,170.0
2017-11-28,175.0,195.0
2017-11-29,165.0,175.0
2017-11-30,155.0,180.0
2017-12-04,115.0,130.0
2017-12-05,235.0,225.0
2017-12-06,290.0,215.0
2017-12-07,145.0,190.0
2017-12-09,85.0,82.5
2017-12-10,95.0,90.0
2017-12-12,145.0,135.0
2017-12-13,120.0,130.0
2017-12-14,125.0,110.0
2017-12-15,135.0,85.0
2017-12-18,122.5,95.0
2017-12-19,115.0,90.0
2017-12-20,122.5,105.0
2017-12-21,115.0,110.0
2017-12-22,105.0,110.0
2017-12-26,127.5,105.0
2017-12-27,95.0,110.0
2017-12-28,95.0,110.0
2017-12-29,105.0,90.0
2018-01-02,95.0,110.0
2018-01-05,95.0,87.5
2018-01-08,190.0,230.0
2018-01-10,110.0,95.0
2018-01-11,210.0,200.0
2018-01-15,85.0,77.5
2018-01-16,85.0,85.0
2018-01-17,95.0,80.0
2018-01-18,95.0,80.0
2018-01-19,75.0,85.0
2018-01-22,65.0,67.5
2018-01-23,65.0,62.5
2018-01-24,65.0,52.5
2018-01-25,55.0,55.0
2018-01-26,75.0,60.0
2018-01-29,95.0,87.5
2018-01-30,95.0,95.0
2018-02-01,115.0,110.0
2018-02-02,72.5,110.0
2018-02-03,65.0,62.5
2018-02-04,95.0,87.5
2018-02-05,95.0,95.0
2018-02-07,210.0,205.0
2018-02-08,235.0,235.0
2018-02-10,110.0,80.0
2018-02-11,190.0,205.0
2018-02-14,77.5,75.0
2018-02-15,65.0,75.0
2018-02-16,75.0,77.5
2018-02-19,75.0,82.5
2018-02-20,75.0,75.0
2018-02-21,75.0,75.0
2018-02-22,75.0,80.0
2018-02-23,105.0,77.5
2018-02-26,85.0,82.5
2018-02-27,75.0,95.0
2018-02-28,75.0,85.0
2018-03-01,122.5,110.0
2018-03-04,95.0,65.0
2018-03-05,95.0,85.0
2018-03-07,170.0,205.0
2018-03-08,210.0,225.0
2018-03-09,275.0,275.0
2018-03-10,100.0,85.0
2018-03-12,210.0,195.0
2018-03-13,75.0,82.5
2018-03-14,65.0,77.5
2018-03-15,65.0,67.5
2018-03-16,55.0,57.5
2018-03-19,65.0,70.0
2018-03-20,65.0,67.5
2018-03-21,55.0,75.0
2018-03-22,65.0,67.5
2018-03-23,65.0,67.5
2018-03-26,85.0,75.0
2018-03-27,75.0,75.0
2018-03-28,90.0,82.5
2018-04-01,95.0,90.0
2018-04-04,95.0,92.5
2018-04-05,95.0,80.0
2018-04-07,160.0,155.0
2018-04-09,270.0,235.0
2018-04-10,110.0,85.0
2018-04-12,225.0,220.0
2018-04-17,75.0,95.0
2018-04-18,95.0,85.0
2018-04-19,85.0,85.0
2018-04-20,85.0,80.0
2018-04-23,95.0,85.0
2018-04-24,95.0,85.0
2018-04-25,85.0,80.0
2018-04-26,85.0,80.0
2018-04-27,85.0,87.5
2018-05-01,95.0,95.0
2018-05-02,65.0,65.0
2018-05-03,75.0,62.5
2018-05-04,95.0,85.0
2018-05-06,270.0,205.0
2018-05-07,160.0,160.0
2018-05-09,215.0,155.0
2018-05-10,110.0,95.0
2018-05-11,210.0,205.0
2018-05-12,210.0,165.0
2018-05-14,125.0,170.0
2018-05-15,135.0,140.0
2018-05-16,135.0,140.0
2018-05-17,135.0,155.0
2018-05-21,155.0,190.0
2018-05-22,175.0,215.0
2018-05-23,185.0,175.0
2018-05-24,185.0,170.0
2018-05-25,165.0,165.0
2018-05-28,195.0,190.0
2018-05-30,225.0,200.0
2018-05-31,225.0,210.0
2018-06-03,27.5,60.0
2018-06-04,85.0,77.5
2018-06-06,235.0,210.0
2018-06-07,160.0,160.0
2018-06-08,230.0,225.0
2018-06-09,190.0,170.0
2018-06-12,205.0,160.0
2018-06-13,225.0,190.0
2018-06-14,265.0,240.0
2018-06-18,275.0,255.0
2018-06-19,275.0,255.0
2018-06-20,285.0,250.0
2018-06-21,285.0,270.0
2018-06-22,275.0,305.0
2018-06-25,275.0,250.0
2018-06-26,285.0,275.0
2018-06-28,290.0,
2018-06-29,275.0,265.0
2018-07-02,75.0,77.5
2018-07-03,75.0,60.0
2018-07-06,235.0,210.0
2018-07-08,225.0,250.0
2018-07-09,170.0,160.0
2018-07-11,270.0,245.0
2018-07-12,190.0,165.0
2018-07-13,190.0,180.0
2018-07-16,180.0,170.0
2018-07-17,190.0,210.0
2018-07-18,195.0,185.0
2018-07-19,190.0,165.0
2018-07-20,190.0,180.0
2018-07-23,190.0,190.0
2018-07-24,195.0,210.0
2018-07-25,215.0,245.0
2018-07-26,250.0,247.5
2018-07-30,260.0,235.0
2018-07-31,195.0,220.0
2018-08-01,122.5,95.0
2018-08-02,65.0,62.5
2018-08-03,,100.0
2018-08-05,115.0,105.0
2018-08-06,235.0,210.0
2018-08-08,225.0,275.0
2018-08-10,105.0,90.0
2018-08-11,265.0,265.0
2018-08-13,295.0,290.0
2018-08-14,310.0,310.0
2018-08-15,290.0,320.0
2018-08-16,290.0,295.0
2018-08-17,295.0,305.0
2018-08-20,270.0,300.0
2018-08-21,270.0,305.0
2018-08-23,275.0,300.0
2018-08-24,295.0,290.0
2018-08-27,290.0,275.0
2018-08-28,275.0,285.0
2018-08-29,260.0,290.0
2018-09-01,95.0,97.5
2018-09-02,75.0,80.0
2018-09-03,,80.0
2018-09-04,95.0,72.5
2018-09-05,115.0,100.0
2018-09-07,170.0,202.5
2018-09-08,275.0,272.5
2018-09-10,95.0,75.0
2018-09-11,230.0,187.5
2018-09-13,210.0,200.0
2018-09-14,195.0,180.0
2018-09-17,190.0,180.0
2018-09-18,160.0,185.0
2018-09-19,160.0,145.0
2018-09-20,140.0,150.0
2018-09-21,140.0,142.5
2018-09-25,145.0,130.0
2018-09-26,145.0,125.0
2018-09-27,125.0,130.0
2018-09-28,110.0,130.0
2018-10-01,85.0,80.0
2018-10-04,65.0,80.0
2018-10-05,115.0,127.5
2018-10-07,180.0,190.0
2018-10-08,275.0,250.0
2018-10-09,255.0,245.0
2018-10-10,105.0,80.0
2018-10-12,175.0,165.0
2018-10-15,175.0,160.0
2018-10-16,155.0,140.0
2018-10-17,155.0,137.5
2018-10-18,165.0,130.0
2018-10-19,145.0,125.0
2018-10-22,135.0,125.0
2018-10-23,155.0,125.0
2018-10-25,135.0,130.0
2018-10-26,145.0,125.0
2018-10-29,185.0,182.5
2018-10-30,185.0,172.5
2018-10-31,175.0,197.5
2018-11-01,85.0,97.5
2018-11-04,85.0,85.0
2018-11-05,115.0,110.0
2018-11-06,210.0,215.0
2018-11-07,175.0,195.0
2018-11-09,265.0,225.0
2018-11-10,125.0,90.0
2018-11-12,190.0,155.0
2018-11-13,230.0,195.0
2018-11-14,245.0,255.0
2018-11-15,270.0,275.0
2018-11-16,290.0,270.0
2018-11-19,260.0,220.0
2018-11-21,255.0,285.0
2018-11-23,260.0,255.0
2018-11-26,245.0,270.0
2018-11-27,260.0,265.0
2018-11-28,220.0,250.0
2018-11-29,235.0,250.0
2018-11-30,235.0,245.0
2018-12-01,95.0,75.0
2018-12-02,95.0,112.5
2018-12-03,75.0,70.0
2018-12-04,95.0,95.0
2018-12-06,255.0,240.0
2018-12-07,190.0,185.0
2018-12-09,210.0,195.0
2018-12-10,115.0,105.0
2018-12-11,230.0,220.0
2018-12-12,175.0,135.0
2018-12-13,165.0,135.0
2018-12-14,155.0,162.5
2018-12-17,150.0,130.0
2018-12-18,165.0,122.5
2018-12-19,155.0,120.0
2018-12-20,125.0,100.0
2018-12-21,110.0,95.0
2018-12-24,115.0,95.0
2018-12-26,115.0,95.0
2018-12-27,105.0,100.0
2018-12-28,105.0,90.0
2018-12-31,110.0,100.0
2019-01-01,,100.0
2019-01-02,75.0,80.0
2019-01-03,75.0,67.5
2019-01-04,75.0,72.5
2019-01-07,125.0,105.0
2019-01-10,65.0,57.5
2019-01-11,170.0,142.5
2019-01-14,95.0,80.0
2019-01-16,75.0,80.0
2019-01-17,85.0,80.0
2019-01-18,95.0,85.0
2019-01-21,,77.5
2019-01-22,75.0,75.0
2019-01-23,85.0,72.5
2019-01-24,65.0,70.0
2019-01-25,65.0,70.0
2019-01-28,95.0,75.0
2019-01-29,105.0,72.5
2019-01-30,95.0,75.0
2019-01-31,85.0,75.0
2019-02-01,95.0,95.0
2019-02-04,75.0,72.5
2019-02-05,75.0,57.5
2019-02-07,115.0,112.5
2019-02-08,95.0,90.0
2019-02-10,75.0,62.5
2019-02-12,205.0,180.0
2019-02-13,75.0,70.0
2019-02-14,75.0,80.0
2019-02-15,85.0,80.0
2019-02-18,95.0,70.0
2019-02-20,75.0,75.0
2019-02-21,75.0,75.0
2019-02-22,85.0,85.0
2019-02-25,75.0,77.5
2019-02-26,85.0,80.0
2019-02-27,75.0,82.5
2019-02-28,85.0,87.5
2019-03-01,95.0,77.5
2019-03-04,75.0,100.0
2019-03-05,75.0,70.0
2019-03-06,145.0,130.0
2019-03-07,115.0,145.0
2019-03-09,75.0,72.5
2019-03-10,75.0,55.0
2019-03-12,195.0,195.0
2019-03-13,75.0,85.0
2019-03-14,75.0,77.5
2019-03-15,75.0,77.5
2019-03-18,85.0,80.0
2019-03-19,85.0,80.0
2019-03-21,85.0,62.5
2019-03-22,75.0,75.0
2019-03-25,75.0,70.0
2019-03-26,75.0,75.0
2019-03-27,65.0,72.5
2019-03-28,75.0,75.0
2019-03-29,75.0,72.5
2019-04-01,92.5,75.0
2019-04-04,85.0,90.0
2019-04-06,145.0,150.0
2019-04-07,125.0,137.5
2019-04-09,75.0,80.0
2019-04-10,75.0,67.5
2019-04-11,190.0,175.0
2019-04-12,195.0,185.0
2019-04-17,95.0,72.5
2019-04-18,85.0,80.0
2019-04-23,75.0,85.0
2019-04-24,95.0,77.5
2019-04-25,75.0,85.0
2019-04-26,75.0,67.5
2019-04-29,85.0,72.5
2019-04-30,75.0,50.0
2019-05-02,75.0,70.0
2019-05-03,75.0,70.0
2019-05-04,85.0,72.5
2019-05-07,145.0,150.0
2019-05-09,75.0,77.5
2019-05-11,185.0,180.0
2019-05-12,195.0,220.0
2019-05-13,145.0,125.0
2019-05-14,125.0,130.0
2019-05-15,125.0,135.0
2019-05-16,125.0,155.0
2019-05-17,135.0,155.0
2019-05-21,165.0,162.5
2019-05-22,155.0,155.0
2019-05-23,155.0,162.5
2019-05-27,155.0,160.0
2019-05-28,135.0,140.0
2019-05-29,145.0,140.0
2019-05-30,145.0,115.0
2019-05-31,145.0,115.0
2019-06-02,75.0,75.0
2019-06-03,75.0,72.5
2019-06-05,75.0,80.0
2019-06-06,135.0,125.0
2019-06-08,95.0,75.0
2019-06-09,75.0,77.5
2019-06-11,185.0,170.0
2019-06-12,205.0,220.0
2019-06-13,135.0,130.0
2019-06-14,135.0,120.0
2019-06-17,135.0,130.0
2019-06-18,125.0,130.0
2019-06-19,135.0,130.0
2019-06-20,125.0,105.0
2019-06-21,135.0,100.0
2019-06-24,125.0,107.5
2019-06-25,125.0,95.0
2019-06-26,125.0,105.0
2019-06-27,125.0,95.0
2019-06-28,115.0,95.0
2019-07-01,75.0,72.5
2019-07-02,75.0,72.5
2019-07-03,75.0,67.5
2019-07-05,75.0,85.0
2019-07-06,135.0,130.0
2019-07-08,85.0,80.0
2019-07-10,92.5,90.0
2019-07-11,175.0,197.5
2019-07-15,125.0,125.0
2019-07-17,125.0,110.0
2019-07-18,125.0,105.0
2019-07-19,125.0,130.0
2019-07-23,115.0,85.0
2019-07-24,95.0,105.0
2019-07-25,92.5,80.0
2019-07-26,95.0,80.0
2019-07-29,95.0,90.0
2019-07-30,95.0,80.0
2019-08-01,75.0,60.0
2019-08-02,65.0,85.0
2019-08-03,75.0,72.5
2019-08-04,85.0,60.0
2019-08-05,85.0,67.5
2019-08-07,135.0,130.0
2019-08-08,75.0,75.0
2019-08-10,95.0,97.5
2019-08-11,205.0,175.0
2019-08-13,95.0,72.5
2019-08-15,85.0,72.5
2019-08-16,85.0,75.0
2019-08-19,75.0,57.5
2019-08-20,75.0,60.0
2019-08-21,75.0,60.0
2019-08-22,75.0,62.5
2019-08-23,75.0,80.0
2019-08-26,77.5,62.5
2019-08-27,67.5,60.0
2019-08-28,55.0,60.0
2019-08-29,65.0,60.0
2019-08-30,55.0,55.0
2019-09-01,75.0,67.5
2019-09-04,75.0,80.0
2019-09-05,105.0,115.0
2019-09-07,115.0,130.0
2019-09-08,75.0,82.5
2019-09-09,75.0,70.0
2019-09-10,105.0,95.0
2019-09-12,225.0,200.0
2019-09-16,75.0,67.5
2019-09-17,75.0,70.0
2019-09-18,75.0,70.0
2019-09-19,75.0,60.0
2019-09-20,75.0,60.0
2019-09-24,65.0,72.5
2019-09-25,65.0,57.5
2019-09-26,65.0,67.5
2019-09-27,65.0,60.0
2019-09-30,65.0,70.0
2019-10-01,75.0,57.5
2019-10-04,75.0,90.0
2019-10-05,105.0,150.0
2019-10-06,145.0,122.5
2019-10-07,115.0,127.5
2019-10-09,75.0,67.5
2019-10-10,105.0,95.0
2019-10-12,235.0,205.0
2019-10-14,105.0,102.5
2019-10-15,105.0,102.5
2019-10-16,95.0,87.5
2019-10-17,95.0,100.0
2019-10-18,95.0,105.0
2019-10-21,125.0,110.0
2019-10-22,115.0,110.0
2019-10-23,105.0,107.5
2019-10-24,125.0,125.0
2019-10-25,125.0,120.0
2019-10-28,185.0,195.0
2019-10-29,240.0,255.0
2019-10-30,230.0,175.0
2019-11-01,75.0,56.5
2019-11-02,75.0,85.0
2019-11-03,75.0,72.5
2019-11-04,75.0,80.0
2019-11-06,145.0,130.0
2019-11-07,115.0,115.0
2019-11-10,95.0,92.5
2019-11-11,235.0,210.0
2019-11-13,240.0,195.0
2019-11-14,230.0,185.0
2019-11-15,210.0,210.0
2019-11-18,,320.0
2019-11-19,260.0,230.0
2019-11-20,260.0,215.0
2019-11-21,230.0,190.0
2019-11-22,225.0,180.0
2019-11-25,210.0,170.0
2019-11-26,190.0,170.0
2019-11-27,190.0,170.0
2019-11-28,190.0,150.0
2019-11-29,195.0,195.0
2019-12-02,75.0,80.0
2019-12-03,75.0,62.5
2019-12-04,95.0,90.0
2019-12-06,125.0,130.0
2019-12-07,115.0,105.0
2019-12-09,75.0,65.0
2019-12-12,210.0,225.0
2019-12-13,235.0,230.0
2019-12-16,255.0,250.0
2019-12-17,255.0,240.0
2019-12-18,255.0,265.0
2019-12-19,285.0,240.0
2019-12-20,295.0,290.0
2019-12-23,265.0,180.0
2019-12-24,290.0,240.0
2019-12-26,290.0,257.5
2019-12-27,295.0,245.0
2019-12-30,310.0,245.0
2019-12-31,325.0,300.0
2020-01-01,,305.0
2020-01-07,125.0,110.0
2020-01-10,135.0,135.0
2020-01-12,155.0,170.0
2020-01-13,425.0,395.0
2020-01-14,365.0,355.0
2020-01-16,380.0,385.0
2020-01-17,390.0,400.0
2020-01-20,390.0,360.0
2020-01-21,370.0,330.0
2020-01-22,370.0,335.0
2020-01-23,360.0,380.0
2020-01-24,325.0,365.0
2020-01-27,360.0,305.0
2020-01-28,390.0,350.0
2020-01-29,440.0,410.0
2020-01-30,465.0,410.0
2020-01-31,465.0,420.0
2020-02-01,340.0,305.0
2020-02-03,125.0,130.0
2020-02-07,125.0,105.0
2020-02-09,115.0,105.0
2020-02-10,135.0,135.0
2020-02-11,115.0,85.0
2020-02-12,175.0,180.0
2020-02-14,260.0,275.0
2020-02-17,175.0,150.0
2020-02-18,155.0,115.0
2020-02-19,155.0,175.0
2020-02-20,160.0,145.0
2020-02-24,175.0,200.0
2020-02-25,190.0,170.0
2020-02-26,190.0,165.0
2020-02-27,170.0,135.0
2020-02-28,145.0,125.0
2020-03-01,375.0,375.0
2020-03-02,410.0,390.0
2020-03-03,125.0,125.0
2020-03-07,135.0,110.0
2020-03-09,115.0,105.0
2020-03-11,125.0,165.0
2020-03-12,155.0,165.0
2020-03-13,155.0,150.0
2020-04-03,135.0,125.0
2020-04-08,85.0,90.0
2020-04-09,115.0,120.0
2020-04-11,135.0,165.0
2020-04-12,165.0,185.0
2020-05-02,360.0,350.0
2020-05-03,185.0,155.0
2020-05-10,135.0,130.0
2020-05-11,135.0,140.0
2020-06-01,355.0,325.0
2020-06-03,175.0,160.0
2020-06-07,115.0,105.0
2020-06-08,,120.0
2020-06-10,135.0,125.0
2020-06-11,125.0,115.0
2020-06-15,145.0,115.0
2020-06-16,135.0,110.0
2020-06-17,125.0,115.0
2020-06-18,125.0,105.0
2020-06-19,115.0,85.0
2020-06-22,125.0,100.0
2020-06-23,125.0,130.0
2020-06-24,145.0,130.0
2020-06-25,155.0,135.0
2020-06-26,145.0,115.0
2020-06-29,135.0,120.0
2020-06-30,135.0,110.0
2020-07-01,340.0,315.0
2020-07-07,105.0,105.0
2020-07-08,125.0,125.0
2020-07-09,115.0,110.0
2020-07-10,125.0,145.0
2020-07-12,155.0,130.0
2020-07-13,115.0,100.0
2020-07-14,125.0,95.0
2020-07-15,105.0,92.5
2020-07-16,95.0,90.0
2020-07-17,105.0,92.5
2020-07-20,105.0,85.0
2020-07-21,105.0,75.0
2020-07-22,85.0,77.5
2020-07-23,95.0,85.0
2020-07-24,85.0,80.0
2020-07-27,95.0,85.0
2020-07-28,95.0,82.5
2020-07-29,75.0,85.0
2020-07-30,95.0,80.0
2020-07-31,105.0,87.5
2020-08-01,290.0,260.0
2020-08-07,105.0,100.0
2020-08-09,125.0,110.0
2020-08-10,135.0,125.0
2020-08-12,155.0,95.0
2020-08-13,85.0,85.0
2020-08-14,85.0,77.5
2020-08-17,75.0,80.0
2020-08-18,85.0,80.0
2020-08-19,95.0,67.5
2020-08-20,95.0,77.5
2020-08-21,85.0,85.0
2020-08-24,125.0,110.0
2020-08-25,135.0,110.0
2020-08-26,125.0,102.5
2020-08-27,125.0,115.0
2020-08-28,125.0,95.0
2020-09-01,305.0,300.0
2020-09-07,95.0,95.0
2020-09-09,115.0,115.0
2020-09-10,125.0,115.0
2020-09-11,125.0,125.0
2020-09-12,,125.0
2020-09-14,125.0,135.0
2020-09-15,135.0,135.0
2020-09-16,135.0,120.0
2020-09-17,145.0,130.0
2020-09-18,145.0,115.0
2020-09-21,155.0,150.0
2020-09-22,155.0,145.0
2020-09-23,145.0,135.0
2020-09-24,145.0,135.0
2020-09-25,145.0,145.0
2020-09-28,135.0,135.0
2020-09-29,135.0,135.0
2020-09-30,145.0,135.0
2020-10-03,155.0,145.0
2020-10-07,115.0,105.0
2020-10-08,85.0,62.5
2020-10-09,115.0,115.0
2020-10-11,135.0,150.0
2020-10-13,115.0,105.0
2020-10-14,115.0,105.0
2020-10-15,115.0,105.0
2020-10-16,115.0,125.0
2020-10-19,115.0,112.5
2020-10-20,110.0,115.0
2020-10-21,125.0,107.5
2020-10-22,135.0,115.0
2020-10-23,125.0,110.0
2020-10-26,135.0,120.0
2020-10-27,115.0,115.0
2020-10-28,115.0,105.0
2020-10-29,135.0,130.0
2020-11-03,145.0,140.0
2020-11-08,95.0,75.0
2020-11-09,115.0,125.0
2020-11-11,135.0,125.0
2020-11-12,155.0,135.0
2020-11-13,145.0,130.0
2020-11-16,165.0,190.0
2020-11-17,165.0,165.0
2020-11-18,155.0,137.5
2020-11-19,145.0,135.0
2020-11-20,145.0,115.0
2020-11-23,155.0,125.0
2020-11-24,155.0,125.0
2020-11-25,145.0,130.0
2020-11-26,145.0,132.5
2020-11-27,155.0,
2020-11-30,155.0,135.0
2020-12-03,145.0,140.0
2020-12-08,95.0,95.0
2020-12-10,135.0,105.0
2020-12-11,145.0,150.0
2020-12-14,145.0,155.0
2020-12-15,145.0,160.0
2020-12-16,135.0,160.0
2020-12-17,135.0,125.0
2020-12-18,135.0,150.0
2020-12-21,125.0,120.0
2020-12-22,125.0,120.0
2020-12-23,110.0,120.0
2020-12-24,135.0,100.0
2020-12-28,105.0,115.0
2020-12-30,115.0,100.0
2020-12-31,135.0,100.0
2021-01-01,125.0,150.0
2021-01-02,155.0,220.0
2021-01-03,165.0,180.0
2021-01-04,125.0,105.0
2021-01-07,125.0,135.0
2021-01-09,90.0,72.5
2021-01-10,115.0,82.5
2021-01-11,160.0,175.0
2021-01-12,225.0,180.0
2021-01-13,125.0,100.0
2021-01-15,125.0,105.0
2021-01-18,135.0,100.0
2021-01-19,135.0,115.0
2021-01-20,160.0,150.0
2021-01-21,135.0,135.0
2021-01-22,145.0,105.0
2021-01-25,135.0,120.0
2021-01-26,125.0,142.5
2021-01-27,145.0,190.0
2021-01-29,195.0,205.0
2021-02-02,155.0,150.0
2021-02-03,155.0,135.0
2021-02-07,125.0,135.0
2021-02-08,95.0,135.0
2021-02-09,85.0,80.0
2021-02-11,155.0,170.0
2021-02-12,230.0,200.0
2021-02-15,125.0,130.0
2021-02-16,145.0,135.0
2021-02-17,125.0,135.0
2021-02-18,135.0,120.0
2021-02-19,135.0,130.0
2021-02-22,125.0,115.0
2021-02-23,105.0,115.0
2021-02-24,115.0,115.0
2021-02-25,135.0,125.0
2021-03-02,135.0,155.0
2021-03-03,175.0,140.0
2021-03-05,135.0,
2021-03-08,105.0,120.0
2021-03-11,155.0,155.0
2021-03-12,225.0,235.0
2021-03-15,135.0,160.0
2021-03-16,135.0,135.0
2021-03-17,125.0,130.0
2021-03-18,125.0,140.0
2021-03-19,125.0,125.0
2021-03-22,135.0,125.0
2021-03-23,125.0,130.0
2021-03-24,125.0,120.0
2021-03-25,115.0,115.0
2021-03-26,125.0,125.0
2021-03-29,125.0,125.0
2021-03-30,125.0,115.0
2021-03-31,125.0,115.0
2021-04-01,110.0,100.0
2021-04-03,175.0,155.0
2021-04-05,125.0,
2021-04-08,95.0,115.0
2021-04-10,95.0,90.0
2021-04-19,135.0,145.0
2021-04-20,125.0,115.0
2021-04-21,135.0,115.0
2021-04-22,145.0,130.0
2021-04-23,135.0,135.0
2021-04-27,135.0,
2021-04-28,135.0,
2021-04-29,135.0,
2021-04-30,125.0,
2021-05-01,105.0,85.0
2021-05-02,135.0,150.0
2021-05-03,165.0,160.0
2021-05-04,135.0,100.0
2021-05-05,110.0,120.0
2021-05-07,110.0,135.0
2021-05-08,105.0,85.0
2021-05-10,85.0,85.0
2021-05-11,195.0,165.0
2021-05-13,125.0,125.0
2021-05-17,125.0,140.0
2021-05-18,125.0,150.0
2021-05-19,125.0,152.5
2021-05-20,135.0,150.0
2021-05-21,145.0,160.0
2021-06-01,105.0,95.0
2021-06-04,125.0,85.0
2021-06-05,105.0,110.0
2021-06-07,115.0,97.5
2021-06-08,115.0,100.0
2021-06-09,90.0,80.0
2021-06-10,85.0,85.0
2021-06-12,260.0,240.0
2021-06-18,135.0,125.0
2021-06-21,145.0,135.0
2021-06-22,145.0,145.0
2021-06-23,145.0,152.5
2021-06-25,165.0,145.0
2021-06-28,135.0,
2021-06-29,135.0,135.0
2021-06-30,125.0,130.0
2021-07-01,95.0,97.5
2021-07-04,125.0,95.0
2021-07-05,95.0,110.0
2021-07-07,110.0,110.0
2021-07-10,85.0,95.0
2021-07-12,275.0,270.0
2021-07-13,110.0,105.0
2021-07-14,110.0,100.0
2021-07-15,95.0,95.0
2021-07-16,105.0,100.0
2021-07-19,95.0,95.0
2021-07-20,105.0,100.0
2021-07-22,105.0,100.0
2021-07-26,125.0,115.0
2021-07-27,115.0,130.0
2021-07-28,135.0,135.0
2021-07-29,125.0,140.0
2021-07-30,105.0,120.0
2021-08-01,125.0,100.0
2021-08-02,165.0,150.0
2021-08-03,125.0,125.0
2021-08-04,125.0,105.0
2021-08-06,135.0,135.0
2021-08-07,110.0,100.0
2021-08-10,95.0,105.0
2021-08-11,185.0,185.0
2021-08-12,280.0,265.0
2021-08-13,95.0,110.0
2021-08-16,95.0,95.0
2021-08-17,85.0,75.0
2021-08-18,85.0,95.0
2021-08-19,85.0,105.0
2021-08-20,85.0,85.0
2021-08-24,90.0,110.0
2021-08-25,110.0,100.0
2021-09-02,135.0,125.0
2021-09-03,135.0,100.0
2021-09-04,125.0,115.0
2021-09-06,155.0,145.0
2021-09-07,105.0,120.0
2021-09-08,105.0,110.0
2021-09-09,95.0,80.0
2021-09-11,195.0,185.0
2021-09-12,275.0,285.0
2021-09-13,105.0,70.0
2021-09-14,95.0,70.0
2021-09-15,85.0,65.0
2021-09-16,85.0,80.0
2021-09-17,85.0,70.0
2021-09-21,85.0,75.0
2021-09-22,85.0,80.0
2021-09-23,85.0,77.5
2021-09-24,85.0,75.0
2021-09-27,75.0,77.5
2021-09-28,105.0,77.5
2021-09-29,115.0,100.0
2021-09-30,115.0,105.0
2021-10-02,155.0,155.0
2021-10-03,135.0,120.0
2021-10-05,95.0,120.0
2021-10-09,95.0,80.0
2021-10-11,170.0,175.0
2021-10-12,275.0,255.0
2021-10-13,105.0,85.0
2021-10-14,100.0,95.0
2021-10-15,95.0,97.5
2021-10-18,110.0,110.0
2021-10-21,110.0,130.0
2021-10-22,110.0,125.0
2021-10-25,115.0,115.0
2021-10-26,115.0,125.0
2021-10-27,125.0,135.0
2021-10-28,145.0,165.0
2021-10-29,145.0,160.0
2021-11-01,115.0,105.0
2021-11-02,155.0,135.0
2021-11-05,95.0,105.0
2021-11-08,105.0,110.0
2021-11-10,85.0,95.0
2021-11-11,235.0,235.0
2021-11-15,200.0,250.0
2021-11-16,235.0,270.0
2021-11-17,270.0,280.0
2021-11-19,275.0,270.0
2021-11-22,310.0,315.0
2021-11-23,305.0,265.0
2021-11-24,255.0,230.0
2021-11-25,310.0,335.0
2021-11-26,290.0,245.0
2021-11-29,285.0,240.0
2021-11-30,285.0,245.0
2021-12-02,145.0,155.0
2021-12-03,145.0,120.0
2021-12-05,125.0,125.0
2021-12-07,125.0,135.0
2021-12-08,95.0,105.0
2021-12-10,105.0,120.0
2021-12-11,240.0,210.0
2021-12-13,360.0,325.0
2021-12-14,375.0,375.0
2021-12-15,390.0,425.0
2021-12-16,390.0,320.0
2021-12-17,310.0,275.0
2021-12-20,390.0,325.0
2021-12-21,310.0,290.0
2021-12-22,310.0,325.0
2021-12-23,310.0,365.0
2021-12-24,345.0,330.0
2021-12-27,390.0,415.0
2021-12-28,390.0,325.0
2021-12-29,390.0,365.0
2021-12-30,400.0,400.0
2021-12-31,415.0,320.0
2022-01-02,360.0,330.0
2022-01-04,125.0,140.0
2022-01-06,290.0,280.0
2022-01-07,240.0,220.0
2022-01-08,255.0,200.0
2022-01-09,250.0,255.0
2022-01-11,290.0,285.0
2022-01-12,360.0,325.0
2022-01-13,290.0,310.0
2022-01-18,390.0,330.0
2022-01-19,390.0,330.0
2022-01-20,365.0,320.0
2022-01-21,365.0,310.0
2022-01-24,335.0,255.0
2022-01-25,335.0,350.0
2022-01-26,335.0,295.0
2022-01-27,320.0,305.0
2022-01-28,335.0,335.0
2022-01-31,335.0,335.0
2022-02-02,360.0,350.0
2022-02-03,270.0,240.0
2022-02-06,290.0,285.0
2022-02-08,210.0,170.0
2022-02-09,250.0,275.0
2022-02-11,310.0,250.0
2022-02-12,340.0,300.0
2022-02-14,415.0,350.0
2022-02-15,390.0,375.0
2022-02-17,410.0,410.0
2022-02-18,385.0,365.0
2022-02-21,360.0,320.0
2022-03-01,415.0,320.0
2022-03-02,360.0,345.0
2022-03-03,290.0,295.0
2022-03-06,295.0,250.0
2022-03-08,225.0,265.0
2022-03-10,315.0,315.0
2022-03-11,290.0,285.0
2022-03-14,190.0,215.0
2022-03-15,210.0,230.0
2022-03-16,210.0,230.0
2022-03-18,210.0,190.0
2022-03-21,170.0,170.0
2022-03-22,170.0,165.0
2022-03-23,170.0,180.0
2022-03-24,155.0,160.0
2022-03-25,150.0,155.0
2022-03-28,140.0,135.0
2022-03-29,130.0,120.0
2022-03-30,130.0,110.0
2022-03-31,125.0,110.0
2022-04-03,310.0,305.0
2022-04-04,145.0,165.0
2022-04-05,115.0,150.0
2022-04-07,245.0,265.0
2022-04-08,295.0,305.0
2022-04-10,290.0,295.0
2022-04-11,290.0,290.0
2022-04-18,125.0,110.0
2022-04-19,125.0,110.0
2022-04-20,95.0,80.0
2022-04-21,125.0,175.0
2022-04-22,105.0,115.0
2022-04-25,105.0,95.0
2022-04-26,105.0,90.0
2022-04-27,105.0,135.0
2022-04-29,110.0,110.0
2022-05-01,365.0,380.0
2022-05-04,170.0,175.0
2022-05-05,175.0,150.0
2022-05-07,250.0,200.0
2022-05-08,250.0,200.0
2022-05-09,255.0,265.0
2022-05-10,290.0,295.0
2022-05-12,265.0,275.0
2022-05-13,225.0,275.0
2022-05-17,235.0,225.0
2022-05-18,230.0,225.0
2022-05-19,240.0,275.0
2022-05-20,240.0,205.0
2022-05-23,245.0,225.0
2022-05-24,255.0,215.0
2022-05-25,255.0,220.0
2022-05-26,260.0,255.0
2022-05-27,270.0,250.0
2022-05-30,275.0,295.0
2022-05-31,285.0,235.0
2022-06-01,310.0,305.0
2022-06-04,140.0,155.0
2022-06-06,270.0,255.0
2022-06-07,260.0,225.0
2022-06-09,250.0,275.0
2022-06-10,290.0,275.0
2022-06-12,280.0,275.0
2022-06-13,270.0,290.0
2022-06-15,275.0,
2022-06-16,290.0,285.0
2022-06-17,285.0,245.0
2022-06-20,240.0,225.0
2022-06-21,260.0,220.0
2022-06-22,230.0,245.0
2022-06-23,240.0,235.0
2022-06-24,240.0,250.0
2022-06-27,245.0,225.0
2022-06-28,230.0,205.0
2022-06-29,240.0,200.0
2022-06-30,255.0,205.0
2022-07-01,370.0,300.0
2022-07-03,290.0,235.0
2022-07-04,125.0,120.0
2022-07-06,260.0,235.0
2022-07-07,255.0,225.0
2022-07-09,260.0,255.0
2022-07-10,310.0,215.0
2022-07-14,285.0,265.0
2022-07-15,280.0,240.0
2022-07-18,270.0,260.0
2022-07-19,255.0,240.0
2022-07-20,210.0,235.0
2022-07-21,265.0,235.0
2022-07-22,255.0,240.0
2022-07-25,255.0,200.0
2022-07-26,240.0,190.0
2022-07-27,255.0,205.0
2022-07-28,255.0,195.0
2022-07-29,210.0,215.0
2022-08-02,365.0,385.0
2022-08-03,270.0,200.0
2022-08-04,125.0,110.0
2022-08-06,260.0,250.0
2022-08-08,240.0,235.0
2022-08-09,260.0,275.0
2022-08-11,285.0,295.0
2022-08-15,295.0,290.0
2022-08-16,300.0,290.0
2022-08-17,290.0,250.0
2022-08-18,290.0,255.0
2022-08-19,265.0,240.0
2022-08-22,255.0,280.0
2022-08-23,230.0,275.0
2022-08-24,240.0,255.0
2022-08-25,270.0,270.0
2022-08-26,270.0,270.0
2022-08-29,270.0,275.0
2022-08-30,270.0,265.0
2022-09-02,360.0,390.0
2022-09-03,250.0,220.0
2022-09-05,170.0,155.0
2022-09-06,260.0,250.0
2022-09-08,260.0,235.0
2022-09-09,260.0,240.0
2022-09-11,300.0,325.0
2022-09-12,255.0,250.0
2022-09-13,340.0,300.0
2022-09-14,330.0,305.0
2022-09-15,290.0,305.0
2022-09-16,290.0,250.0
2022-09-19,310.0,280.0
2022-09-20,310.0,275.0
2022-09-21,330.0,265.0
2022-09-22,290.0,275.0
2022-09-23,290.0,300.0
2022-09-26,260.0,300.0
2022-09-27,290.0,280.0
2022-09-28,290.0,275.0
2022-09-29,310.0,275.0
2022-09-30,290.0,270.0
2022-10-01,310.0,250.0
2022-10-02,360.0,425.0
2022-10-03,250.0,175.0
2022-10-06,260.0,250.0
2022-10-08,255.0,235.0
2022-10-10,310.0,275.0
2022-10-11,330.0,300.0
2022-10-13,290.0,250.0
2022-10-14,290.0,260.0
2022-10-17,265.0,280.0
2022-10-18,265.0,250.0
2022-10-19,265.0,245.0
2022-10-20,265.0,235.0
2022-10-21,265.0,270.0
2022-10-25,280.0,290.0
2022-10-26,265.0,275.0
2022-10-27,270.0,275.0
2022-10-28,290.0,275.0
2022-10-31,265.0,310.0
2022-11-01,310.0,270.0
2022-11-02,385.0,430.0
2022-11-03,235.0,180.0
2022-11-07,260.0,250.0
2022-11-10,310.0,280.0
2022-11-11,325.0,260.0
2022-11-14,360.0,365.0
2022-11-15,390.0,340.0
2022-11-16,360.0,340.0
2022-11-17,360.0,340.0
2022-11-18,360.0,375.0
2022-11-21,340.0,370.0
2022-11-22,350.0,350.0
2022-11-23,375.0,355.0
2022-11-24,365.0,365.0
2022-11-25,370.0,350.0
2022-11-28,365.0,340.0
2022-11-29,350.0,315.0
2022-11-30,365.0,325.0
2022-12-01,270.0,290.0
2022-12-04,140.0,115.0
2022-12-05,,305.0
2022-12-07,340.0,280.0
2022-12-08,260.0,255.0
2022-12-09,290.0,290.0
2022-12-10,290.0,260.0
2022-12-12,270.0,260.0
2022-12-13,290.0,260.0
2022-12-14,290.0,255.0
2022-12-15,290.0,270.0
2022-12-16,290.0,275.0
2022-12-19,250.0,260.0
2022-12-20,250.0,245.0
2022-12-21,250.0,230.0
2022-12-22,210.0,225.0
2022-12-23,190.0,180.0
2022-12-26,290.0,265.0
2022-12-27,245.0,200.0
2022-12-28,210.0,200.0
2022-12-29,230.0,215.0
2022-12-30,225.0,200.0
2023-01-02,95.0,95.0
2023-01-03,105.0,100.0
2023-01-06,340.0,305.0
2023-01-09,260.0,260.0
2023-01-11,250.0,240.0
2023-01-12,300.0,270.0
2023-01-16,175.0,110.0
2023-01-17,155.0,135.0
2023-01-18,150.0,160.0
2023-01-19,150.0,120.0
2023-01-20,110.0,115.0
2023-01-23,115.0,115.0
2023-01-24,115.0,115.0
2023-01-25,140.0,115.0
2023-01-26,130.0,130.0
2023-01-27,110.0,115.0
2023-01-30,100.0,105.0
2023-02-01,235.0,200.0
2023-02-02,110.0,115.0
2023-02-03,110.0,105.0
2023-02-05,130.0,135.0
2023-02-06,325.0,305.0
2023-02-08,435.0,425.0
2023-02-10,215.0,205.0
2023-02-11,250.0,260.0
2023-02-13,110.0,105.0
2023-02-14,105.0,105.0
2023-02-15,110.0,110.0
2023-02-16,110.0,110.0
2023-02-17,140.0,130.0
2023-02-20,150.0,125.0
2023-02-21,120.0,140.0
2023-02-22,130.0,120.0
2023-02-23,110.0,110.0
2023-02-24,100.0,105.0
2023-02-27,105.0,90.0
2023-02-28,95.0,80.0
2023-03-01,210.0,200.0
2023-03-02,100.0,110.0
2023-03-03,110.0,100.0
2023-03-04,110.0,95.0
2023-03-05,130.0,140.0
2023-03-08,410.0,415.0
2023-03-10,190.0,200.0
2023-03-11,260.0,250.0
2023-03-13,100.0,85.0
2023-03-14,90.0,95.0
2023-03-15,95.0,80.0
2023-03-16,95.0,90.0
2023-03-17,92.5,95.0
2023-03-20,95.0,90.0
2023-03-21,95.0,80.0
2023-03-22,90.0,85.0
2023-03-23,90.0,85.0
2023-03-24,85.0,75.0
2023-03-27,95.0,110.0
2023-03-28,105.0,100.0
2023-03-29,105.0,100.0
2023-03-30,125.0,100.0
2023-03-31,120.0,95.0
2023-04-01,185.0,190.0
2023-04-04,105.0,95.0
2023-04-05,140.0,130.0
2023-04-07,425.0,375.0
2023-04-08,415.0,410.0
2023-04-09,205.0,205.0
2023-04-10,185.0,135.0
2023-04-12,290.0,275.0
2023-04-17,125.0,140.0
2023-04-18,135.0,125.0
2023-04-19,145.0,140.0
2023-04-20,140.0,130.0
2023-04-21,140.0,125.0
2023-04-24,135.0,130.0
2023-04-25,135.0,130.0
2023-04-26,135.0,135.0
2023-04-27,125.0,120.0
2023-04-28,115.0,115.0
2023-05-01,190.0,175.0
2023-05-06,340.0,270.0
2023-05-07,430.0,425.0
2023-05-09,190.0,205.0
2023-05-10,170.0,145.0
2023-05-12,290.0,300.0
2023-05-15,240.0,200.0
2023-05-16,230.0,200.0
2023-05-17,285.0,240.0
2023-05-18,285.0,280.0
2023-05-19,270.0,240.0
2023-05-22,270.0,260.0
2023-05-23,260.0,260.0
2023-05-24,260.0,245.0
2023-05-25,295.0,240.0
2023-05-26,290.0,255.0
2023-05-29,290.0,275.0
2023-05-30,310.0,305.0
2023-06-02,110.0,100.0
2023-06-04,105.0,85.0
2023-06-06,325.0,300.0
2023-06-07,410.0,425.0
2023-06-09,180.0,200.0
2023-06-10,180.0,150.0
2023-06-11,240.0,225.0
2023-06-12,300.0,240.0
2023-06-13,330.0,300.0
2023-06-14,315.0,280.0
2023-06-15,300.0,275.0
2023-06-16,310.0,295.0
2023-06-19,290.0,315.0
2023-06-20,290.0,300.0
2023-06-21,290.0,300.0
2023-06-22,340.0,335.0
2023-06-23,340.0,380.0
2023-06-26,365.0,350.0
2023-06-27,360.0,390.0
2023-06-28,390.0,410.0
2023-06-30,400.0,340.0
2023-07-02,120.0,110.0
2023-07-03,105.0,95.0
2023-07-06,290.0,300.0
2023-07-07,410.0,415.0
2023-07-08,400.0,420.0
2023-07-09,190.0,215.0
2023-07-11,240.0,225.0
2023-07-12,310.0,260.0
2023-07-13,310.0,315.0
2023-07-14,310.0,365.0
2023-07-17,410.0,375.0
2023-07-18,400.0,385.0
2023-07-19,395.0,410.0
2023-07-20,410.0,420.0
2023-07-21,390.0,415.0
2023-07-24,430.0,425.0
2023-07-25,455.0,425.0
2023-07-26,435.0,425.0
2023-07-27,430.0,405.0
2023-07-28,435.0,375.0
2023-08-02,115.0,120.0
2023-08-03,115.0,110.0
2023-08-05,130.0,135.0
2023-08-06,285.0,300.0
2023-08-08,390.0,425.0
2023-08-09,190.0,215.0
2023-08-11,240.0,215.0
2023-08-12,310.0,305.0
2023-08-14,370.0,375.0
2023-08-15,370.0,390.0
2023-08-16,370.0,400.0
2023-08-17,365.0,375.0
2023-08-18,335.0,325.0
2023-08-21,290.0,300.0
2023-08-22,290.0,285.0
2023-08-23,315.0,350.0
2023-08-24,310.0,325.0
2023-08-25,290.0,285.0
2023-08-28,275.0,260.0
2023-08-29,255.0,215.0
2023-08-31,270.0,250.0
2023-09-01,155.0,150.0
2023-09-02,110.0,105.0
2023-09-03,105.0,100.0
2023-09-05,140.0,130.0
2023-09-06,310.0,275.0
2023-09-08,410.0,425.0
2023-09-10,160.0,145.0
2023-09-11,250.0,240.0
2023-09-13,155.0,195.0
2023-09-14,155.0,195.0
2023-09-15,155.0,210.0
2023-09-18,155.0,150.0
2023-09-19,145.0,140.0
2023-09-20,135.0,135.0
2023-09-21,125.0,135.0
2023-09-22,130.0,130.0
2023-09-25,120.0,135.0
2023-09-26,120.0,115.0
2023-10-01,145.0,130.0
2023-10-02,115.0,110.0
2023-10-03,95.0,95.0
2023-10-04,110.0,100.0
2023-10-05,140.0,125.0
2023-10-07,390.0,375.0
2023-10-08,395.0,425.0
2023-10-10,150.0,150.0
2023-10-11,250.0,250.0
2023-10-13,155.0,150.0
2023-10-16,160.0,150.0
2023-10-17,160.0,150.0
2023-10-18,150.0,155.0
2023-10-19,165.0,165.0
2023-10-20,160.0,145.0
2023-10-23,175.0,175.0
2023-10-24,190.0,205.0
2023-10-25,170.0,210.0
2023-10-26,210.0,200.0
2023-10-27,230.0,210.0
2023-10-30,260.0,245.0
2023-10-31,260.0,260.0
2023-11-01,135.0,120.0
2023-11-04,110.0,115.0
2023-11-05,130.0,130.0
2023-11-07,350.0,315.0
2023-11-08,370.0,375.0
2023-11-09,190.0,205.0
2023-11-10,150.0,165.0
2023-11-12,310.0,340.0
2023-11-13,335.0,375.0
2023-11-14,335.0,375.0
2023-11-15,290.0,380.0
2023-11-16,290.0,325.0
2023-11-17,290.0,285.0
2023-11-20,280.0,315.0
2023-11-21,285.0,280.0
2023-11-22,250.0,275.0
2023-11-23,255.0,275.0
2023-11-24,290.0,260.0
2023-11-27,330.0,290.0
2023-11-28,290.0,280.0
2023-12-01,150.0,145.0
2023-12-05,130.0,140.0
2023-12-06,310.0,295.0
2023-12-07,310.0,290.0
2023-12-09,190.0,175.0
2023-12-10,160.0,150.0
2023-12-12,310.0,290.0
2023-12-13,290.0,310.0
2023-12-14,315.0,310.0
2023-12-15,340.0,365.0
2023-12-18,410.0,285.0
2023-12-19,360.0,410.0
2023-12-20,400.0,400.0
2023-12-21,400.0,450.0
2023-12-22,400.0,415.0
2023-12-27,565.0,550.0
2023-12-28,565.0,575.0
2023-12-29,625.0,725.0
