Item,Pettah,Kandy,Dambulla,Meegoda,Thambuththegama,Keppetipola
Beans,125.0,125.0,120.0,162.5,,
Beans,115.0,125.0,90.0,110.0,110.0,
Beans,55.0,45.0,65.0,82.5,57.5,
Beans,175.0,155.0,180.0,215.0,190.0,
Beans,145.0,125.0,125.0,172.5,,
Beans,150.0,145.0,175.0,175.0,,
Beans,125.0,115.0,135.0,155.0,,
Beans,200.0,145.0,150.0,175.0,,
Beans,210.0,205.0,185.0,250.0,,
Beans,155.0,170.0,170.0,205.0,170.0,
Beans,160.0,185.0,175.0,200.0,170.0,
Beans,190.0,185.0,175.0,225.0,190.0,
Beans,185.0,180.0,190.0,230.0,190.0,
Beans,155.0,175.0,165.0,200.0,190.0,
Beans,110.0,175.0,130.0,185.0,190.0,
Beans,110.0,135.0,135.0,170.0,155.0,
Beans,110.0,110.0,110.0,140.0,145.0,
Beans,90.0,90.0,100.0,110.0,125.0,
Beans,90.0,90.0,87.5,110.0,125.0,
Beans,90.0,85.0,110.0,105.0,125.0,
Beans,110.0,125.0,105.0,110.0,125.0,
Beans,110.0,105.0,120.0,150.0,,
Beans,110.0,105.0,92.5,110.0,100.0,
Beans,160.0,125.0,145.0,160.0,132.5,
Beans,140.0,140.0,155.0,195.0,167.5,
Beans,135.0,155.0,175.0,190.0,,
Beans,110.0,125.0,135.0,155.0,,
Beans,110.0,110.0,140.0,190.0,,
Beans,210.0,215.0,210.0,240.0,,
Beans,90.0,105.0,95.0,97.5,100.0,
Beans,85.0,105.0,95.0,107.5,100.0,
Beans,75.0,85.0,60.0,107.5,85.0,
Beans,55.0,85.0,57.5,92.5,77.5,
Beans,60.0,65.0,55.0,80.0,65.0,
Beans,105.0,105.0,110.0,,110.0,
Beans,125.0,125.0,120.0,130.0,110.0,
Beans,125.0,125.0,120.0,130.0,110.0,
Beans,115.0,125.0,105.0,135.0,115.0,
Beans,115.0,105.0,92.5,122.5,105.0,
Beans,90.0,125.0,82.5,132.5,,
Beans,110.0,115.0,95.0,110.0,110.0,
Beans,140.0,135.0,90.0,160.0,135.0,
Beans,135.0,155.0,140.0,155.0,125.0,
Beans,145.0,185.0,150.0,185.0,,
Beans,120.0,115.0,120.0,130.0,,
Beans,125.0,105.0,120.0,180.0,,
Beans,95.0,95.0,90.0,105.0,95.0,
Beans,95.0,95.0,90.0,115.0,90.0,
Beans,135.0,135.0,110.0,130.0,140.0,
Beans,75.0,75.0,70.0,105.0,90.0,
Beans,75.0,75.0,77.5,95.0,75.0,
Beans,90.0,75.0,75.0,95.0,92.5,
Beans,90.0,95.0,92.5,,115.0,
Beans,110.0,85.0,100.0,120.0,97.5,
Beans,105.0,95.0,90.0,122.5,115.0,
Beans,80.0,75.0,75.0,125.0,110.0,
Beans,55.0,45.0,77.5,105.0,85.0,
Beans,55.0,45.0,52.5,85.0,65.0,
Beans,170.0,215.0,185.0,230.0,210.0,
Beans,110.0,95.0,92.5,115.0,100.0,
Beans,70.0,65.0,55.0,87.5,70.0,
Beans,140.0,125.0,120.0,150.0,125.0,
Beans,165.0,145.0,135.0,162.5,,
Beans,135.0,195.0,160.0,190.0,,
Beans,145.0,115.0,110.0,149.0,,
Beans,130.0,105.0,90.0,155.0,,
Beans,95.0,55.0,85.0,125.0,110.0,
Beans,90.0,75.0,50.0,115.0,90.0,
Beans,90.0,115.0,100.0,115.0,100.0,
Beans,125.0,95.0,100.0,,105.0,
Beans,140.0,125.0,135.0,165.0,140.0,
Beans,165.0,115.0,140.0,170.0,170.0,
Beans,125.0,125.0,110.0,170.0,147.5,
Beans,135.0,115.0,110.0,160.0,155.0,
Beans,135.0,115.0,110.0,155.0,130.0,
Beans,190.0,195.0,140.0,230.0,170.0,
Beans,110.0,115.0,95.0,,,
Beans,75.0,65.0,52.5,85.0,82.5,
Beans,150.0,115.0,130.0,140.0,135.0,
Beans,175.0,145.0,150.0,182.5,,
Beans,130.0,165.0,167.5,185.0,,
Beans,115.0,125.0,135.0,150.0,,
Beans,135.0,125.0,120.0,145.0,,
Beans,200.0,235.0,210.0,260.0,,
Beans,130.0,105.0,120.0,142.5,135.0,
Beans,225.0,145.0,185.0,195.0,210.0,
Beans,135.0,145.0,130.0,195.0,190.0,
Beans,165.0,125.0,142.5,175.0,150.0,
Beans,190.0,115.0,140.0,205.0,190.0,
Beans,225.0,155.0,180.0,235.0,230.0,
Beans,225.0,190.0,165.0,,255.0,
Beans,225.0,195.0,210.0,255.0,210.0,
Beans,190.0,195.0,210.0,220.0,215.0,
Beans,240.0,205.0,230.0,255.0,245.0,
Beans,240.0,210.0,240.0,277.5,280.0,
Beans,200.0,210.0,190.0,262.5,230.0,
Beans,200.0,190.0,190.0,235.0,210.0,
Beans,165.0,190.0,165.0,215.0,170.0,
Beans,65.0,55.0,52.5,80.0,77.5,
Beans,145.0,115.0,130.0,140.0,142.5,
Beans,160.0,135.0,140.0,162.5,165.0,
Beans,130.0,110.0,110.0,145.0,,
Beans,125.0,125.0,135.0,150.0,,
Beans,130.0,115.0,120.0,155.0,,
Beans,200.0,155.0,205.0,255.0,,
Beans,135.0,135.0,125.0,147.5,145.0,
Beans,150.0,125.0,140.0,162.5,145.0,
Beans,130.0,125.0,110.0,155.0,135.0,
Beans,150.0,145.0,130.0,155.0,145.0,
Beans,145.0,135.0,150.0,155.0,142.5,
Beans,130.0,145.0,135.0,,,
Beans,140.0,145.0,135.0,175.0,155.0,
Beans,135.0,125.0,85.0,142.5,145.0,
Beans,135.0,142.5,100.0,142.5,140.0,
Beans,150.0,115.0,135.0,155.0,145.0,
Beans,165.0,165.0,160.0,175.0,98.0,
Beans,175.0,175.0,160.0,187.5,180.0,
Beans,160.0,175.0,142.5,187.5,180.0,
Beans,155.0,145.0,142.5,182.5,160.0,
Beans,170.0,190.0,180.0,232.5,165.0,
Beans,75.0,45.0,57.5,90.0,67.5,
Beans,155.0,145.0,155.0,162.5,150.0,
Beans,130.0,110.0,110.0,145.0,,
Beans,125.0,135.0,135.0,155.0,,
Beans,145.0,125.0,92.5,152.5,,
Beans,130.0,115.0,105.0,140.0,,
Beans,165.0,175.0,190.0,220.0,,
Beans,135.0,105.0,110.0,145.0,,
Beans,135.0,105.0,110.0,150.0,,
Beans,160.0,125.0,115.0,,,
Beans,140.0,125.0,125.0,175.0,,
Beans,135.0,135.0,115.0,160.0,,
Beans,135.0,145.0,145.0,175.0,,
Beans,145.0,125.0,142.5,180.0,,
Beans,110.0,115.0,105.0,170.0,,
Beans,95.0,125.0,120.0,145.0,,
Beans,165.0,190.0,185.0,215.0,165.0,
Beans,85.0,95.0,120.0,115.0,105.0,
Beans,90.0,80.0,85.0,115.0,110.0,
Beans,90.0,85.0,105.0,90.0,90.0,
Beans,145.0,135.0,145.0,155.0,145.0,
Beans,135.0,105.0,130.0,145.0,,
Beans,135.0,145.0,155.0,185.0,,
Beans,110.0,135.0,130.0,150.0,,
Beans,165.0,135.0,120.0,170.0,,
Beans,210.0,145.0,190.0,210.0,,
Beans,105.0,125.0,135.0,145.0,,
Beans,90.0,125.0,120.0,162.5,,
Beans,85.0,125.0,120.0,,,
Beans,90.0,115.0,110.0,120.0,,
Beans,110.0,115.0,125.0,135.0,,
Beans,110.0,95.0,120.0,137.5,,
Beans,110.0,95.0,100.0,137.5,,
Beans,115.0,125.0,115.0,160.0,,
Beans,125.0,135.0,117.5,155.0,,
Beans,125.0,125.0,135.0,162.5,,
Beans,90.0,95.0,90.0,115.0,95.0,
Beans,90.0,85.0,90.0,105.0,90.0,
Beans,120.0,105.0,120.0,150.0,120.0,
Beans,115.0,135.0,135.0,152.5,135.0,
Beans,135.0,145.0,155.0,185.0,,
Beans,115.0,135.0,135.0,150.0,,
Beans,160.0,145.0,125.0,165.0,,
Beans,175.0,155.0,130.0,207.5,,
Beans,115.0,135.0,130.0,162.5,,
Beans,110.0,135.0,110.0,150.0,,
Beans,105.0,110.0,115.0,150.0,,
Beans,95.0,105.0,95.0,145.0,,
Beans,110.0,85.0,90.0,140.0,,
Beans,95.0,95.0,95.0,130.0,,
Beans,100.0,95.0,77.5,125.0,,
Beans,90.0,75.0,95.0,120.0,,
Beans,115.0,105.0,100.0,125.0,,
Beans,135.0,115.0,110.0,135.0,,
Beans,110.0,135.0,105.0,132.5,,
Beans,115.0,105.0,115.0,137.5,,
Beans,115.0,105.0,115.0,137.5,,
Beans,75.0,85.0,100.0,115.0,95.0,
Beans,75.0,55.0,60.0,97.5,85.0,
Beans,130.0,110.0,120.0,152.5,115.0,
Beans,115.0,125.0,110.0,142.5,140.0,
Beans,105.0,125.0,140.0,175.0,,
Beans,145.0,145.0,125.0,165.0,,
Beans,190.0,135.0,110.0,190.0,,
Beans,140.0,135.0,120.0,150.0,,
Beans,140.0,135.0,130.0,152.5,,
Beans,125.0,115.0,110.0,155.0,,
Beans,130.0,95.0,105.0,152.5,,
Beans,125.0,115.0,110.0,145.0,,
Beans,140.0,95.0,120.0,155.0,,
Beans,140.0,115.0,110.0,155.0,,
Beans,180.0,125.0,150.0,185.0,,
Beans,170.0,135.0,145.0,185.0,,
Beans,130.0,135.0,135.0,180.0,,
Beans,110.0,125.0,140.0,155.0,,
Beans,130.0,145.0,135.0,170.0,,
Beans,200.0,155.0,140.0,190.0,,
Beans,170.0,190.0,155.0,195.0,170.0,
Beans,90.0,85.0,97.5,105.0,95.0,
Beans,75.0,75.0,65.0,90.0,80.0,
Beans,165.0,135.0,110.0,175.0,187.5,
Beans,110.0,100.0,110.0,135.0,125.0,
Beans,135.0,135.0,130.0,137.5,,
Beans,150.0,135.0,120.0,165.0,,
Beans,170.0,135.0,140.0,180.0,,
Beans,165.0,155.0,135.0,,,
Beans,145.0,135.0,145.0,195.0,,
Beans,98.5,135.0,125.0,190.0,,
Beans,98.5,145.0,140.0,170.0,,
Beans,190.0,145.0,160.0,200.0,,
Beans,180.0,145.0,165.0,200.0,,
Beans,170.0,165.0,160.0,195.0,,
Beans,180.0,165.0,155.0,200.0,,
Beans,210.0,155.0,170.0,195.0,,
Beans,215.0,215.0,205.0,245.0,,
Beans,215.0,210.0,200.0,245.0,,
Beans,220.0,185.0,195.0,260.0,,
Beans,160.0,185.0,175.0,200.0,170.0,
Beans,90.0,95.0,90.0,105.0,85.0,
Beans,125.0,100.0,115.0,132.5,115.0,
Beans,90.0,125.0,125.0,135.0,,
Beans,140.0,135.0,120.0,162.5,,
Beans,150.0,115.0,120.0,,,
Beans,140.0,110.0,115.0,180.0,,
Beans,140.0,95.0,110.0,180.0,,
Beans,100.0,85.0,55.0,145.0,,
Beans,85.0,55.0,62.5,130.0,,
Beans,75.0,65.0,57.5,110.0,,
Beans,65.0,65.0,60.0,100.0,,
Beans,90.0,45.0,70.0,97.5,,
Beans,100.0,115.0,100.0,135.0,,
Beans,85.0,95.0,97.5,142.5,,
Beans,65.0,75.0,80.0,135.0,,
Beans,60.0,65.0,52.5,105.0,,
Beans,75.0,55.0,65.0,85.0,,
Beans,95.0,95.0,75.0,92.5,75.0,
Beans,85.0,75.0,80.0,97.5,80.0,
Beans,90.0,105.0,110.0,132.5,125.0,
Beans,100.0,105.0,80.0,135.0,115.0,92.5
Beans,65.0,75.0,65.0,,80.0,
Beans,65.0,55.0,67.5,85.0,70.0,
Beans,65.0,60.0,65.0,87.5,70.0,
Beans,65.0,55.0,55.0,75.0,70.0,
Beans,60.0,55.0,45.0,72.5,70.0,
Beans,52.5,50.0,55.0,67.5,65.0,
Beans,40.0,37.5,35.0,75.0,55.0,
Beans,30.0,37.5,35.0,67.5,30.0,
Beans,45.0,42.5,27.5,55.0,35.0,
Beans,65.0,45.0,52.5,62.5,47.5,
Beans,55.0,45.0,45.0,62.5,42.5,
Beans,60.0,65.0,55.0,77.5,65.0,
Beans,60.0,95.0,80.0,92.5,72.5,
Beans,60.0,55.0,65.0,,,
Beans,80.0,85.0,90.0,115.0,90.0,
Beans,90.0,95.0,75.0,115.0,70.0,
Beans,115.0,95.0,110.0,125.0,125.0,90.0
Beans,125.0,135.0,130.0,145.0,135.0,
Beans,90.0,105.0,105.0,125.0,125.0,
Beans,150.0,135.0,150.0,175.0,165.0,137.5
Beans,90.0,75.0,67.5,110.0,115.0,
Beans,185.0,195.0,175.0,217.5,170.0,
Beans,165.0,155.0,155.0,215.0,170.0,
Beans,140.0,125.0,110.0,175.0,135.0,
Beans,115.0,95.0,92.5,142.5,135.0,
Beans,70.0,95.0,92.5,122.5,115.0,
Beans,90.0,95.0,92.5,112.5,100.0,
Beans,75.0,85.0,82.5,115.0,110.0,
Beans,80.0,75.0,77.5,87.5,95.0,
Beans,95.0,95.0,85.0,90.0,95.0,
Beans,75.0,65.0,90.0,115.0,95.0,
Beans,75.0,65.0,82.5,115.0,85.0,
Beans,55.0,45.0,62.5,85.0,,
Beans,95.0,95.0,85.0,115.0,87.5,
Beans,90.0,65.0,85.0,105.0,90.0,
Beans,135.0,85.0,85.0,115.0,112.5,90.0
Beans,110.0,85.0,95.0,127.5,115.0,85.0
Beans,145.0,135.0,145.0,155.0,180.0,
Beans,90.0,105.0,95.0,125.0,125.0,
Beans,145.0,125.0,145.0,185.0,155.0,110.0
Beans,100.0,115.0,100.0,,130.0,97.5
Beans,115.0,95.0,95.0,155.0,120.0,97.5
Beans,110.0,95.0,110.0,125.0,115.0,100.0
Beans,125.0,95.0,85.0,130.0,125.0,110.0
Beans,110.0,100.0,100.0,127.5,120.0,115.0
Beans,155.0,125.0,145.0,150.0,147.5,150.0
Beans,165.0,145.0,145.0,170.0,160.0,140.0
Beans,130.0,125.0,145.0,170.0,155.0,130.0
Beans,125.0,125.0,135.0,172.5,145.0,135.0
Beans,135.0,125.0,125.0,157.5,145.0,125.0
Beans,150.0,135.0,140.0,165.0,160.0,160.0
Beans,145.0,135.0,130.0,167.5,160.0,130.0
Beans,110.0,125.0,90.0,160.0,150.0,100.0
Beans,110.0,105.0,95.0,135.0,120.0,90.0
Beans,110.0,85.0,65.0,125.0,130.0,90.0
Beans,50.0,55.0,52.5,92.5,57.5,
Beans,90.0,75.0,85.0,125.0,125.0,80.0
Beans,90.0,95.0,95.0,132.5,115.0,85.0
Beans,135.0,135.0,140.0,165.0,165.0,
Beans,85.0,105.0,112.5,125.0,135.0,
Beans,85.0,125.0,85.0,115.0,125.0,97.5
Beans,90.0,110.0,90.0,155.0,125.0,87.5
Beans,180.0,155.0,150.0,,145.0,195.0
Beans,90.0,95.0,65.0,115.0,,
Beans,110.0,75.0,77.5,135.0,130.0,80.0
Beans,85.0,75.0,105.0,120.0,125.0,110.0
Beans,135.0,95.0,130.0,140.0,125.0,105.0
Beans,110.0,95.0,115.0,140.0,115.0,110.0
Beans,115.0,85.0,100.0,135.0,115.0,110.0
Beans,115.0,85.0,100.0,135.0,115.0,110.0
Beans,105.0,95.0,85.0,130.0,115.0,85.0
Beans,125.0,95.0,115.0,130.0,125.0,80.0
Beans,95.0,95.0,110.0,130.0,115.0,105.0
Beans,45.0,55.0,55.0,77.5,57.5,
Beans,97.5,105.0,100.0,130.0,120.0,92.5
Beans,155.0,110.0,135.0,145.0,155.0,
Beans,135.0,125.0,100.0,145.0,125.0,
Beans,225.0,185.0,155.0,215.0,210.0,195.0
Beans,130.0,115.0,125.0,130.0,120.0,
Beans,135.0,105.0,130.0,140.0,155.0,
Beans,135.0,115.0,135.0,150.0,140.0,
Beans,160.0,125.0,135.0,155.0,155.0,
Beans,155.0,125.0,135.0,155.0,145.0,
Beans,155.0,135.0,140.0,162.5,165.0,
Beans,145.0,135.0,145.0,157.5,140.0,
Beans,125.0,115.0,120.0,155.0,,
Beans,115.0,125.0,120.0,155.0,135.0,
Beans,140.0,115.0,130.0,155.0,135.0,135.0
Beans,150.0,125.0,130.0,155.0,140.0,
Beans,150.0,105.0,135.0,162.5,140.0,
Beans,75.0,55.0,65.0,75.0,57.5,
Beans,175.0,125.0,140.0,155.0,145.0,
Beans,160.0,105.0,122.5,165.0,140.0,
Beans,90.0,75.0,72.5,105.0,95.0,
Beans,150.0,130.0,135.0,155.0,155.0,
Beans,125.0,110.0,85.0,135.0,125.0,
Beans,82.5,115.0,85.0,,115.0,100.0
Beans,95.0,95.0,80.0,,127.5,87.5
Beans,90.0,85.0,85.0,120.0,95.0,72.5
Beans,190.0,175.0,165.0,230.0,210.0,155.0
Beans,145.0,125.0,145.0,152.5,145.0,
Beans,140.0,105.0,130.0,142.5,135.0,
Beans,135.0,115.0,105.0,132.5,130.0,
Beans,90.0,115.0,95.0,125.0,125.0,
Beans,110.0,115.0,85.0,97.5,95.0,
Beans,130.0,115.0,125.0,122.5,135.0,
Beans,120.0,115.0,95.0,127.5,135.0,
Beans,110.0,115.0,85.0,130.0,145.0,
Beans,105.0,,,140.0,145.0,
Beans,110.0,,,150.0,145.0,
Beans,115.0,125.0,125.0,122.5,135.0,
Beans,140.0,125.0,110.0,135.0,155.0,
Beans,155.0,115.0,125.0,135.0,145.0,
Beans,150.0,145.0,160.0,175.0,175.0,
Beans,160.0,105.0,122.5,165.0,140.0,
Beans,90.0,95.0,92.5,90.0,95.0,100.0
Beans,145.0,120.0,90.0,155.0,145.0,
Beans,110.0,105.0,95.0,130.0,130.0,
Beans,77.5,115.0,105.0,125.0,115.0,97.5
Beans,70.0,85.0,75.0,110.0,95.0,67.5
Beans,200.0,165.0,185.0,230.0,165.0,150.0
Beans,100.0,95.0,67.5,95.0,105.0,
Beans,110.0,95.0,90.0,105.0,100.0,
Beans,110.0,105.0,100.0,125.0,125.0,
Beans,110.0,105.0,105.0,125.0,120.0,
Beans,97.5,95.0,105.0,125.0,125.0,
Beans,100.0,95.0,95.0,125.0,125.0,
Beans,90.0,85.0,80.0,115.0,110.0,
Beans,105.0,105.0,95.0,120.0,125.0,
Beans,90.0,95.0,110.0,125.0,135.0,
Beans,90.0,95.0,107.5,125.0,125.0,
Beans,90.0,105.0,92.5,135.0,125.0,
Beans,85.0,105.0,105.0,125.0,125.0,
Beans,90.0,105.0,100.0,125.0,135.0,
Beans,155.0,145.0,165.0,195.0,155.0,
Beans,135.0,105.0,125.0,162.5,155.0,125.0
Beans,125.0,115.0,100.0,135.0,135.0,110.0
Beans,105.0,155.0,130.0,,195.0,
Beans,90.0,95.0,90.0,135.0,115.0,100.0
Beans,75.0,75.0,100.0,105.0,95.0,75.0
Beans,210.0,155.0,185.0,225.0,190.0,210.0
Beans,145.0,125.0,160.0,175.0,185.0,170.0
Beans,125.0,135.0,135.0,185.0,180.0,160.0
Beans,110.0,135.0,115.0,165.0,140.0,122.5
Beans,110.0,125.0,110.0,135.0,125.0,140.0
Beans,110.0,125.0,115.0,145.0,155.0,145.0
Beans,100.0,115.0,100.0,145.0,145.0,130.0
Beans,95.0,115.0,110.0,130.0,155.0,112.5
Beans,100.0,105.0,110.0,122.5,125.0,115.0
Beans,100.0,115.0,112.5,125.0,135.0,122.5
Beans,90.0,110.0,100.0,125.0,125.0,117.5
Beans,110.0,115.0,110.0,135.0,157.5,135.0
Beans,100.0,105.0,125.0,145.0,145.0,127.5
Beans,90.0,105.0,105.0,137.5,135.0,112.5
Beans,65.0,75.0,77.5,95.0,72.5,
Beans,150.0,155.0,165.0,195.0,155.0,
Beans,140.0,105.0,120.0,165.0,145.0,115.0
Beans,115.0,105.0,110.0,140.0,130.0,
Beans,130.0,155.0,,,,
Beans,105.0,155.0,135.0,160.0,155.0,140.0
Beans,100.0,55.0,72.5,105.0,95.0,82.5
Beans,110.0,75.0,90.0,105.0,100.0,77.5
Beans,110.0,115.0,110.0,137.5,135.0,125.0
Beans,100.0,115.0,135.0,130.0,145.0,117.5
Beans,115.0,115.0,120.0,142.5,145.0,122.5
Beans,150.0,135.0,160.0,175.0,185.0,170.0
Beans,115.0,135.0,155.0,195.0,210.0,165.0
Beans,125.0,155.0,145.0,175.0,205.0,150.0
Beans,130.0,145.0,155.0,175.0,175.0,155.0
Beans,135.0,135.0,135.0,175.0,185.0,155.0
Beans,165.0,155.0,165.0,185.0,195.0,180.0
Beans,170.0,155.0,160.0,205.0,205.0,175.0
Beans,145.0,155.0,155.0,195.0,195.0,155.0
Beans,130.0,115.0,155.0,,165.0,110.0
Beans,125.0,115.0,155.0,155.0,145.0,145.0
Beans,65.0,55.0,77.5,90.0,72.5,
Beans,115.0,105.0,100.0,150.0,140.0,115.0
Beans,90.0,95.0,75.0,122.5,115.0,
Beans,105.0,145.0,120.0,152.5,155.0,155.0
Beans,90.0,55.0,65.0,95.0,115.0,85.0
Beans,115.0,85.0,80.0,105.0,95.0,90.0
Beans,110.0,85.0,90.0,110.0,110.0,105.0
Beans,115.0,110.0,85.0,125.0,125.0,115.0
Beans,115.0,85.0,75.0,135.0,125.0,95.0
Beans,115.0,95.0,100.0,115.0,125.0,95.0
Beans,115.0,95.0,110.0,135.0,125.0,95.0
Beans,130.0,125.0,122.5,132.5,135.0,110.0
Beans,140.0,125.0,125.0,155.0,130.0,110.0
Beans,135.0,125.0,120.0,145.0,130.0,125.0
Beans,135.0,135.0,105.0,145.0,135.0,122.5
Beans,130.0,95.0,105.0,142.5,125.0,122.5
Beans,110.0,110.0,90.0,135.0,135.0,115.0
Beans,120.0,110.0,92.5,137.5,130.0,115.0
Beans,65.0,65.0,65.0,87.5,75.0,
Beans,170.0,150.0,175.0,197.5,210.0,190.0
Beans,70.0,85.0,77.5,122.5,105.0,
Beans,150.0,165.0,145.0,155.0,175.0,160.0
Beans,110.0,95.0,110.0,145.0,150.0,132.5
Beans,100.0,75.0,80.0,95.0,115.0,85.0
Beans,265.0,225.0,260.0,260.0,230.0,230.0
Beans,150.0,135.0,145.0,160.0,155.0,145.0
Beans,160.0,135.0,155.0,175.0,155.0,140.0
Beans,155.0,155.0,125.0,165.0,155.0,155.0
Beans,170.0,145.0,145.0,170.0,165.0,155.0
Beans,160.0,145.0,155.0,185.0,175.0,155.0
Beans,150.0,125.0,100.0,175.0,165.0,110.0
Beans,130.0,85.0,75.0,140.0,130.0,75.0
Beans,135.0,85.0,77.5,120.0,110.0,75.0
Beans,95.0,85.0,75.0,95.0,85.0,75.0
Beans,100.0,75.0,85.0,100.0,105.0,95.0
Beans,110.0,115.0,92.5,120.0,85.0,125.0
Beans,140.0,115.0,95.0,122.5,,105.0
Beans,105.0,125.0,110.0,140.0,115.0,110.0
Beans,105.0,135.0,110.0,142.5,135.0,105.0
Beans,180.0,155.0,205.0,215.0,225.0,190.0
Beans,110.0,125.0,120.0,,150.0,
Beans,115.0,135.0,120.0,152.5,135.0,
Beans,75.0,75.0,77.5,95.0,105.0,
Beans,120.0,105.0,110.0,140.0,145.0,130.0
Beans,110.0,95.0,80.0,110.0,110.0,87.5
Beans,260.0,225.0,220.0,290.0,250.0,225.0
Beans,255.0,190.0,195.0,275.0,270.0,220.0
Beans,245.0,195.0,220.0,275.0,255.0,230.0
Beans,210.0,205.0,185.0,260.0,210.0,220.0
Beans,200.0,155.0,190.0,230.0,,200.0
Beans,190.0,165.0,170.0,225.0,210.0,175.0
Beans,170.0,165.0,160.0,210.0,190.0,205.0
Beans,175.0,175.0,130.0,205.0,140.0,190.0
Beans,170.0,175.0,175.0,220.0,185.0,160.0
Beans,275.0,245.0,215.0,255.0,190.0,210.0
Beans,210.0,225.0,210.0,265.0,210.0,240.0
Beans,220.0,205.0,190.0,265.0,175.0,190.0
Beans,220.0,195.0,170.0,270.0,170.0,195.0
Beans,110.0,145.0,110.0,,130.0,90.0
Beans,140.0,125.0,160.0,,145.0,105.0
Beans,140.0,125.0,160.0,,145.0,105.0
Beans,145.0,145.0,170.0,225.0,205.0,195.0
Beans,100.0,75.0,75.0,125.0,115.0,
Beans,210.0,195.0,200.0,240.0,215.0,
Beans,140.0,190.0,120.0,165.0,,122.5
Beans,130.0,145.0,135.0,160.0,135.0,105.0
Beans,105.0,135.0,110.0,150.0,130.0,107.5
Beans,110.0,135.0,130.0,145.0,135.0,110.0
Beans,125.0,145.0,145.0,145.0,135.0,155.0
Beans,140.0,175.0,125.0,185.0,,110.0
Beans,115.0,135.0,120.0,165.0,145.0,
Beans,115.0,110.0,120.0,135.0,130.0,
Beans,110.0,110.0,120.0,130.0,125.0,102.5
Beans,110.0,145.0,115.0,132.5,125.0,125.0
Beans,150.0,165.0,145.0,155.0,125.0,135.0
Beans,130.0,155.0,140.0,175.0,125.0,
Beans,235.0,255.0,230.0,,,210.0
Beans,95.0,105.0,110.0,135.0,115.0,102.5
Beans,70.0,65.0,85.0,,95.0,67.5
Beans,40.0,45.0,42.5,65.0,70.0,32.5
Beans,110.0,110.0,125.0,145.0,140.0,105.0
Beans,110.0,110.0,125.0,145.0,140.0,105.0
Beans,190.0,230.0,190.0,235.0,255.0,240.0
Beans,125.0,145.0,145.0,205.0,210.0,185.0
Beans,100.0,75.0,70.0,125.0,115.0,
Beans,215.0,170.0,190.0,235.0,225.0,
Beans,170.0,125.0,100.0,145.0,135.0,115.0
Beans,140.0,125.0,130.0,150.0,120.0,125.0
Beans,145.0,165.0,135.0,177.5,145.0,145.0
Beans,145.0,125.0,155.0,155.0,,127.5
Beans,120.0,125.0,135.0,155.0,155.0,115.0
Beans,140.0,125.0,145.0,145.0,145.0,135.0
Beans,160.0,145.0,145.0,165.0,160.0,137.5
Beans,145.0,155.0,135.0,165.0,160.0,142.5
Beans,135.0,125.0,150.0,150.0,,82.5
Beans,85.0,85.0,75.0,122.5,125.0,65.0
Beans,70.0,75.0,60.0,100.0,95.0,
Beans,180.0,195.0,160.0,290.0,155.0,185.0
Beans,27.5,45.0,30.0,60.0,50.0,27.5
Beans,115.0,95.0,100.0,145.0,140.0,115.0
Beans,115.0,95.0,100.0,145.0,140.0,115.0
Beans,235.0,210.0,200.0,260.0,270.0,195.0
Beans,130.0,135.0,170.0,165.0,185.0,145.0
Beans,75.0,95.0,85.0,107.5,90.0,
Beans,85.0,72.5,70.0,110.0,110.0,
Beans,110.0,85.0,90.0,125.0,85.0,
Beans,135.0,95.0,75.0,115.0,110.0,75.0
Beans,75.0,85.0,85.0,115.0,110.0,77.5
Beans,80.0,75.0,75.0,105.0,105.0,82.5
Beans,90.0,105.0,82.5,105.0,95.0,95.0
Beans,90.0,105.0,85.0,127.5,125.0,95.0
Beans,90.0,95.0,85.0,125.0,125.0,65.0
Beans,90.0,85.0,75.0,105.0,100.0,72.5
Beans,90.0,75.0,72.5,105.0,100.0,72.5
Beans,75.0,85.0,90.0,102.5,105.0,80.0
Beans,95.0,85.0,82.5,105.0,110.0,77.5
Beans,85.0,75.0,82.5,105.0,95.0,65.0
Beans,65.0,65.0,40.0,95.0,75.0,45.0
Beans,160.0,175.0,135.0,245.0,140.0,160.0
Beans,35.0,40.0,42.5,45.0,45.0,32.5
Beans,140.0,110.0,120.0,155.0,135.0,132.5
Beans,140.0,110.0,120.0,155.0,135.0,132.5
Beans,235.0,210.0,195.0,230.0,210.0,225.0
Beans,75.0,95.0,85.0,105.0,90.0,
Beans,95.0,85.0,75.0,107.5,105.0,
Beans,110.0,95.0,90.0,130.0,90.0,
Beans,,65.0,52.5,,,72.5
Beans,55.0,45.0,32.5,132.5,80.0,60.0
Beans,85.0,35.0,50.0,115.0,60.0,65.0
Beans,80.0,45.0,70.0,115.0,70.0,82.5
Beans,110.0,95.0,140.0,130.0,145.0,110.0
Beans,140.0,115.0,140.0,150.0,145.0,122.5
Beans,135.0,95.0,120.0,145.0,125.0,105.0
Beans,140.0,105.0,120.0,142.5,130.0,115.0
Beans,135.0,105.0,67.0,142.5,140.0,115.0
Beans,180.0,165.0,135.0,190.0,140.0,185.0
Beans,115.0,145.0,130.0,150.0,130.0,110.0
Beans,90.0,95.0,70.0,125.0,,95.0
Beans,50.0,37.5,45.0,47.5,52.5,45.0
Beans,225.0,275.0,240.0,295.0,295.0,190.0
Beans,215.0,190.0,195.0,235.0,210.0,245.0
Beans,70.0,75.0,82.5,102.5,75.0,
Beans,85.0,75.0,75.0,110.0,105.0,
Beans,215.0,190.0,190.0,255.0,255.0,
Beans,115.0,110.0,110.0,140.0,80.0,
Beans,130.0,115.0,120.0,145.0,140.0,122.5
Beans,130.0,115.0,120.0,145.0,140.0,122.5
Beans,130.0,105.0,125.0,145.0,125.0,105.0
Beans,130.0,105.0,125.0,145.0,125.0,105.0
Beans,130.0,125.0,125.0,152.5,115.0,
Beans,130.0,125.0,125.0,152.5,115.0,
Beans,120.0,125.0,110.0,155.0,130.0,122.5
Beans,120.0,125.0,110.0,155.0,130.0,122.5
Beans,160.0,125.0,147.5,165.0,155.0,145.0
Beans,160.0,125.0,147.5,165.0,155.0,145.0
Beans,225.0,175.0,200.0,165.0,215.0,150.0
Beans,225.0,175.0,200.0,165.0,215.0,150.0
Beans,170.0,175.0,145.0,235.0,210.0,155.0
Beans,170.0,175.0,145.0,235.0,210.0,155.0
Beans,170.0,165.0,185.0,225.0,195.0,190.0
Beans,170.0,165.0,185.0,225.0,195.0,190.0
Beans,185.0,165.0,190.0,225.0,215.0,205.0
Beans,185.0,165.0,190.0,225.0,215.0,205.0
Beans,225.0,195.0,245.0,265.0,225.0,
Beans,225.0,195.0,245.0,265.0,225.0,
Beans,220.0,235.0,270.0,,290.0,245.0
Beans,220.0,235.0,270.0,,290.0,245.0
Beans,225.0,260.0,270.0,305.0,270.0,260.0
Beans,225.0,260.0,270.0,305.0,270.0,260.0
Beans,85.0,75.0,60.0,115.0,,75.0
Beans,50.0,45.0,42.5,57.5,55.0,42.5
Beans,185.0,195.0,180.0,225.0,195.0,175.0
Beans,235.0,210.0,195.0,230.0,235.0,245.0
Beans,135.0,145.0,120.0,152.5,170.0,145.0
Beans,60.0,75.0,75.0,87.5,75.0,
Beans,135.0,110.0,95.0,155.0,95.0,
Beans,195.0,195.0,205.0,205.0,180.0,180.0
Beans,195.0,195.0,220.0,205.0,210.0,165.0
Beans,190.0,190.0,200.0,190.0,190.0,175.0
Beans,210.0,225.0,205.0,222.5,210.0,195.0
Beans,230.0,210.0,205.0,205.0,195.0,210.0
Beans,210.0,210.0,225.0,235.0,255.0,245.0
Beans,265.0,255.0,235.0,245.0,270.0,260.0
Beans,265.0,205.0,250.0,275.0,260.0,205.0
Beans,220.0,225.0,160.0,285.0,275.0,
Beans,215.0,235.0,,,,185.0
Beans,195.0,190.0,155.0,230.0,210.0,165.0
Beans,115.0,105.0,110.0,135.0,115.0,95.0
Beans,90.0,95.0,75.0,110.0,,85.0
Beans,195.0,195.0,180.0,225.0,195.0,175.0
Beans,135.0,155.0,140.0,155.0,150.0,
Beans,55.0,75.0,75.0,72.5,75.0,
Beans,225.0,235.0,215.0,275.0,270.0,
Beans,130.0,115.0,110.0,150.0,95.0,
Beans,220.0,170.0,190.0,225.0,235.0,225.0
Beans,245.0,245.0,245.0,265.0,290.0,265.0
Beans,265.0,245.0,255.0,275.0,265.0,255.0
Beans,190.0,225.0,235.0,265.0,260.0,240.0
Beans,210.0,225.0,215.0,255.0,265.0,255.0
Beans,260.0,210.0,230.0,255.0,245.0,235.0
Beans,225.0,225.0,230.0,265.0,265.0,245.0
Beans,250.0,195.0,195.0,255.0,275.0,225.0
Beans,225.0,175.0,180.0,255.0,245.0,200.0
Beans,170.0,135.0,150.0,235.0,225.0,
Beans,185.0,145.0,130.0,195.0,225.0,215.0
Beans,190.0,155.0,140.0,235.0,195.0,205.0
Beans,220.0,225.0,190.0,265.0,235.0,215.0
Beans,110.0,115.0,110.0,130.0,115.0,100.0
Beans,80.0,,80.0,100.0,,85.0
Beans,90.0,110.0,115.0,135.0,125.0,75.0
Beans,90.0,110.0,115.0,135.0,125.0,75.0
Beans,195.0,195.0,180.0,225.0,195.0,175.0
Beans,145.0,115.0,125.0,152.5,135.0,
Beans,140.0,115.0,127.5,125.0,115.0,
Beans,210.0,190.0,185.0,265.0,225.0,
Beans,155.0,165.0,140.0,145.0,140.0,
Beans,140.0,175.0,145.0,152.5,145.0,
Beans,135.0,175.0,135.0,147.5,145.0,
Beans,120.0,165.0,135.0,152.5,150.0,
Beans,115.0,155.0,145.0,147.5,140.0,
Beans,135.0,145.0,145.0,147.5,130.0,
Beans,115.0,175.0,200.0,165.0,140.0,
Beans,80.0,125.0,62.5,132.5,105.0,
Beans,215.0,215.0,210.0,265.0,205.0,190.0
Beans,115.0,125.0,150.0,135.0,115.0,95.0
Beans,90.0,,75.0,95.0,,92.5
Beans,50.0,45.0,42.5,67.5,,60.0
Beans,85.0,95.0,100.0,125.0,120.0,85.0
Beans,85.0,95.0,100.0,125.0,120.0,85.0
Beans,220.0,225.0,240.0,255.0,235.0,235.0
Beans,110.0,115.0,160.0,145.0,145.0,
Beans,140.0,115.0,105.0,140.0,130.0,
Beans,180.0,190.0,150.0,265.0,230.0,
Beans,70.0,95.0,65.0,102.5,75.0,
Beans,70.0,75.0,75.0,97.5,90.0,
Beans,80.0,75.0,67.5,92.5,75.0,
Beans,70.0,75.0,75.0,97.5,75.0,
Beans,70.0,85.0,67.5,92.5,75.0,
Beans,60.0,75.0,75.0,85.0,75.0,
Beans,65.0,75.0,70.0,82.5,75.0,
Beans,77.5,75.0,72.5,,80.0,
Beans,80.0,65.0,72.5,95.0,75.0,
Beans,85.0,65.0,65.0,105.0,75.0,
Beans,80.0,75.0,67.5,95.0,77.5,
Beans,190.0,230.0,190.0,240.0,210.0,175.0
Beans,45.0,45.0,50.0,82.5,55.0,75.0
Beans,90.0,95.0,97.5,125.0,115.0,85.0
Beans,90.0,95.0,97.5,125.0,115.0,85.0
Beans,210.0,190.0,200.0,255.0,250.0,200.0
Beans,135.0,125.0,155.0,145.0,145.0,
Beans,100.0,95.0,100.0,102.5,75.0,
Beans,140.0,115.0,100.0,160.0,135.0,
Beans,180.0,175.0,155.0,200.0,95.0,
Beans,185.0,190.0,180.0,255.0,205.0,
Beans,185.0,175.0,185.0,255.0,195.0,
Beans,175.0,175.0,185.0,235.0,195.0,
Beans,170.0,175.0,185.0,212.5,205.0,
Beans,170.0,175.0,175.0,215.0,210.0,
Beans,205.0,175.0,180.0,245.0,235.0,
Beans,190.0,185.0,170.0,245.0,210.0,
Beans,185.0,175.0,185.0,,225.0,
Beans,190.0,175.0,160.0,235.0,210.0,
Beans,190.0,185.0,175.0,245.0,215.0,
Beans,200.0,170.0,175.0,242.5,210.0,
Beans,215.0,170.0,190.0,235.0,215.0,
Beans,160.0,190.0,190.0,225.0,190.0,145.0
Beans,100.0,55.0,70.0,95.0,100.0,95.0
Beans,90.0,85.0,110.0,122.5,125.0,100.0
Beans,90.0,85.0,110.0,122.5,125.0,100.0
Beans,170.0,190.0,145.0,185.0,175.0,175.0
Beans,205.0,210.0,170.0,235.0,235.0,205.0
Beans,80.0,95.0,90.0,122.5,80.0,
Beans,150.0,125.0,100.0,185.0,175.0,
Beans,190.0,165.0,160.0,200.0,135.0,
Beans,260.0,210.0,175.0,310.0,290.0,
Beans,240.0,245.0,230.0,285.0,280.0,
Beans,260.0,275.0,250.0,300.0,300.0,
Beans,260.0,240.0,235.0,290.0,285.0,
Beans,145.0,160.0,190.0,260.0,205.0,
Beans,140.0,135.0,110.0,175.0,135.0,
Beans,190.0,145.0,115.0,,155.0,
Beans,145.0,145.0,145.0,190.0,145.0,
Beans,135.0,135.0,140.0,210.0,125.0,
Beans,110.0,110.0,75.0,185.0,115.0,
Beans,90.0,90.0,77.5,135.0,90.0,
Beans,75.0,75.0,80.0,125.0,105.0,
Beans,135.0,150.0,150.0,190.0,195.0,130.0
Beans,190.0,175.0,145.0,210.0,,145.0
Beans,100.0,95.0,75.0,97.5,100.0,95.0
Beans,80.0,75.0,75.0,110.0,97.5,95.0
Beans,220.0,210.0,185.0,205.0,190.0,165.0
Beans,190.0,190.0,185.0,232.5,210.0,205.0
Beans,80.0,105.0,80.0,112.5,85.0,
Beans,160.0,115.0,165.0,192.5,175.0,
Beans,235.0,190.0,190.0,290.0,225.0,
Beans,210.0,175.0,175.0,215.0,140.0,
Beans,200.0,205.0,170.0,220.0,155.0,
Beans,200.0,215.0,175.0,220.0,155.0,
Beans,195.0,210.0,180.0,240.0,145.0,
Beans,165.0,190.0,190.0,210.0,145.0,
Beans,135.0,160.0,155.0,190.0,135.0,
Beans,115.0,155.0,130.0,200.0,125.0,
Beans,140.0,155.0,130.0,165.0,95.0,
Beans,95.0,125.0,130.0,165.0,85.0,
Beans,100.0,145.0,105.0,120.0,90.0,
Beans,110.0,135.0,95.0,140.0,85.0,
Beans,85.0,110.0,92.5,130.0,90.0,
Beans,125.0,145.0,110.0,145.0,105.0,
Beans,90.0,,110.0,162.5,105.0,
Beans,75.0,75.0,67.5,82.5,55.0,62.5
Beans,60.0,65.0,55.0,77.5,67.5,65.0
Beans,100.0,85.0,85.0,97.5,105.0,95.0
Beans,85.0,85.0,85.0,87.5,102.5,85.0
Beans,175.0,125.0,105.0,185.0,185.0,155.0
Beans,105.0,110.0,90.0,135.0,110.0,105.0
Beans,115.0,95.0,100.0,130.0,95.0,80.0
Beans,90.0,85.0,100.0,110.0,70.0,75.0
Beans,90.0,85.0,70.0,110.0,70.0,75.0
Beans,90.0,95.0,75.0,100.0,70.0,85.0
Beans,135.0,,100.0,,95.0,115.0
Beans,110.0,115.0,95.0,130.0,72.5,110.0
Beans,90.0,95.0,90.0,130.0,75.0,75.0
Beans,95.0,85.0,75.0,115.0,70.0,67.5
Beans,90.0,85.0,77.5,95.0,75.0,77.5
Beans,80.0,75.0,67.5,90.0,65.0,55.0
Beans,60.0,75.0,62.5,90.0,70.0,50.0
Beans,65.0,75.0,75.0,80.0,60.0,55.0
Beans,70.0,65.0,65.0,75.0,55.0,57.5
Beans,95.0,110.0,105.0,145.0,90.0,
Beans,95.0,85.0,85.0,107.5,100.0,95.0
Beans,235.0,235.0,260.0,295.0,235.0,195.0
Beans,90.0,85.0,70.0,92.5,,80.0
Beans,95.0,115.0,150.0,125.0,125.0,125.0
Beans,170.0,135.0,125.0,185.0,175.0,145.0
Beans,100.0,95.0,80.0,152.5,125.0,105.0
Beans,60.0,65.0,60.0,67.5,57.5,52.5
Beans,65.0,65.0,65.0,72.5,65.0,57.5
Beans,60.0,65.0,65.0,75.0,57.5,60.0
Beans,70.0,75.0,65.0,82.5,70.0,
Beans,70.0,75.0,75.0,,70.0,60.0
Beans,70.0,75.0,75.0,95.0,72.5,65.0
Beans,95.0,85.0,77.5,95.0,72.5,92.5
Beans,90.0,95.0,100.0,122.5,,95.0
Beans,90.0,85.0,100.0,117.5,97.5,
Beans,80.0,75.0,75.0,110.0,97.5,85.0
Beans,85.0,75.0,60.0,90.0,77.5,55.0
Beans,75.0,95.0,72.5,115.0,70.0,60.0
Beans,85.0,85.0,95.0,105.0,95.0,85.0
Beans,235.0,225.0,220.0,240.0,235.0,205.0
Beans,145.0,145.0,170.0,162.5,170.0,145.0
Beans,85.0,75.0,85.0,87.5,95.0,72.5
Beans,195.0,210.0,200.0,235.0,230.0,205.0
Beans,165.0,125.0,130.0,182.5,170.0,
Beans,95.0,115.0,85.0,182.5,160.0,145.0
Beans,60.0,55.0,60.0,77.5,55.0,55.0
Beans,60.0,65.0,60.0,77.5,60.0,62.5
Beans,75.0,65.0,75.0,77.5,60.0,67.5
Beans,70.0,75.0,65.0,105.0,72.5,70.0
Beans,60.0,65.0,55.0,97.5,70.0,
Beans,60.0,65.0,62.5,,70.0,57.5
Beans,60.0,65.0,77.5,87.5,95.0,75.0
Beans,85.0,75.0,80.0,87.5,80.0,75.0
Beans,70.0,75.0,75.0,92.5,80.0,75.0
Beans,105.0,75.0,75.0,85.0,80.0,77.5
Beans,90.0,75.0,80.0,102.5,90.0,85.0
Beans,90.0,85.0,90.0,105.0,85.0,102.5
Beans,70.0,75.0,75.0,95.0,75.0,65.0
Beans,90.0,75.0,75.0,105.0,95.0,85.0
Beans,,175.0,190.0,175.0,175.0,145.0
Beans,60.0,75.0,72.5,85.0,85.0,67.5
Beans,200.0,195.0,210.0,220.0,215.0,195.0
Beans,160.0,135.0,125.0,180.0,170.0,145.0
Beans,150.0,125.0,110.0,160.0,170.0,145.0
Beans,150.0,115.0,110.0,175.0,150.0,155.0
Beans,90.0,135.0,80.0,,200.0,100.0
Beans,170.0,115.0,120.0,,170.0,
Beans,275.0,175.0,190.0,,245.0,230.0
Beans,310.0,205.0,210.0,272.5,310.0,270.0
Beans,300.0,235.0,240.0,295.0,310.0,290.0
Beans,290.0,225.0,245.0,305.0,290.0,270.0
Beans,275.0,245.0,255.0,315.0,250.0,255.0
Beans,275.0,245.0,235.0,320.0,265.0,240.0
Beans,60.0,65.0,60.0,,60.0,50.0
Beans,70.0,65.0,60.0,85.0,70.0,55.0
Beans,85.0,75.0,72.5,95.0,95.0,85.0
Beans,60.0,75.0,75.0,77.5,87.5,67.5
Beans,185.0,180.0,215.0,215.0,215.0,205.0
Beans,130.0,135.0,100.0,170.0,140.0,110.0
Beans,130.0,95.0,145.0,167.5,175.0,175.0
Beans,165.0,170.0,180.0,,225.0,190.0
Beans,150.0,145.0,155.0,,190.0,110.0
Beans,135.0,125.0,120.0,165.0,135.0,105.0
Beans,135.0,110.0,165.0,135.0,165.0,115.0
Beans,130.0,145.0,145.0,145.0,155.0,
Beans,110.0,135.0,140.0,152.5,145.0,95.0
Beans,110.0,125.0,120.0,105.0,,115.0
Beans,110.0,125.0,150.0,152.5,165.0,135.0
Beans,155.0,135.0,155.0,155.0,175.0,145.0
Beans,190.0,165.0,170.0,162.5,,145.0
Beans,155.0,165.0,190.0,155.0,185.0,155.0
Beans,145.0,145.0,185.0,157.5,170.0,152.5
Beans,145.0,145.0,145.0,165.0,170.0,145.0
Beans,40.0,45.0,35.0,85.0,50.0,40.0
Beans,60.0,55.0,57.5,77.5,65.0,47.5
Beans,270.0,255.0,265.0,280.0,275.0,250.0
Beans,125.0,145.0,175.0,155.0,155.0,125.0
Beans,110.0,115.0,100.0,145.0,145.0,115.0
Beans,185.0,180.0,215.0,215.0,215.0,205.0
Beans,115.0,125.0,75.0,140.0,130.0,85.0
Beans,150.0,135.0,145.0,215.0,190.0,165.0
Beans,110.0,125.0,135.0,127.5,130.0,105.0
Beans,110.0,125.0,105.0,125.0,135.0,107.5
Beans,120.0,125.0,140.0,,,105.0
Beans,110.0,115.0,90.0,125.0,130.0,80.0
Beans,90.0,85.0,90.0,97.5,,67.5
Beans,85.0,75.0,77.5,95.0,,90.0
Beans,105.0,110.0,105.0,95.0,,125.0
Beans,70.0,75.0,80.0,105.0,,75.0
Beans,65.0,65.0,65.0,105.0,,65.0
Beans,70.0,65.0,75.0,85.0,,57.5
Beans,70.0,65.0,65.0,82.5,82.5,65.0
Beans,70.0,65.0,62.5,82.5,,75.0
Beans,135.0,115.0,120.0,140.0,80.0,125.0
Beans,40.0,45.0,32.5,65.0,52.5,27.5
Beans,65.0,55.0,52.5,72.5,70.0,52.5
Beans,270.0,245.0,260.0,295.0,270.0,245.0
Beans,115.0,125.0,130.0,135.0,155.0,125.0
Beans,90.0,105.0,110.0,132.5,125.0,107.5
Beans,160.0,135.0,140.0,175.0,160.0,150.0
Beans,90.0,110.0,90.0,135.0,115.0,85.0
Beans,70.0,75.0,90.0,105.0,110.0,
Beans,75.0,75.0,77.5,,100.0,85.0
Beans,70.0,95.0,92.5,112.5,100.0,95.0
Beans,95.0,85.0,95.0,115.0,100.0,110.0
Beans,115.0,125.0,135.0,157.5,160.0,130.0
Beans,120.0,125.0,140.0,147.5,160.0,130.0
Beans,120.0,135.0,140.0,162.5,170.0,145.0
Beans,130.0,135.0,185.0,157.5,165.0,155.0
Beans,145.0,145.0,180.0,215.0,210.0,210.0
Beans,145.0,125.0,170.0,220.0,210.0,175.0
Beans,150.0,125.0,125.0,145.0,105.0,125.0
Beans,45.0,45.0,50.0,55.0,42.5,45.0
Beans,50.0,55.0,55.0,72.5,70.0,55.0
Beans,90.0,75.0,70.0,132.5,105.0,105.0
Beans,210.0,235.0,260.0,275.0,270.0,205.0
Beans,90.0,75.0,85.0,82.5,95.0,82.5
Beans,90.0,95.0,125.0,132.5,130.0,112.5
Beans,160.0,145.0,120.0,185.0,155.0,135.0
Beans,130.0,110.0,85.0,125.0,120.0,105.0
Beans,120.0,135.0,135.0,162.5,170.0,
Beans,130.0,145.0,165.0,,165.0,145.0
Beans,145.0,135.0,165.0,165.0,150.0,145.0
Beans,210.0,175.0,190.0,215.0,215.0,190.0
Beans,190.0,155.0,160.0,225.0,210.0,190.0
Beans,175.0,145.0,165.0,170.0,190.0,190.0
Beans,155.0,145.0,165.0,195.0,210.0,205.0
Beans,180.0,125.0,170.0,222.5,210.0,210.0
Beans,175.0,175.0,190.0,215.0,230.0,210.0
Beans,175.0,190.0,190.0,235.0,240.0,235.0
Beans,220.0,195.0,195.0,240.0,240.0,210.0
Beans,185.0,185.0,205.0,245.0,245.0,210.0
Beans,190.0,185.0,190.0,242.5,230.0,230.0
Beans,140.0,125.0,115.0,145.0,90.0,125.0
Beans,110.0,85.0,110.0,145.0,105.0,155.0
Beans,235.0,235.0,240.0,265.0,265.0,210.0
Beans,82.5,75.0,85.0,95.0,110.0,95.0
Beans,110.0,85.0,125.0,132.5,125.0,105.0
Beans,215.0,175.0,155.0,215.0,200.0,205.0
Beans,150.0,135.0,110.0,175.0,155.0,135.0
Beans,300.0,210.0,195.0,280.0,260.0,245.0
Beans,190.0,145.0,150.0,212.5,200.0,165.0
Beans,165.0,140.0,120.0,205.0,190.0,165.0
Beans,140.0,130.0,130.0,175.0,180.0,135.0
Beans,120.0,125.0,125.0,170.0,155.0,125.0
Beans,145.0,115.0,130.0,155.0,150.0,130.0
Beans,145.0,125.0,125.0,157.5,155.0,125.0
Beans,110.0,125.0,105.0,157.5,150.0,105.0
Beans,85.0,115.0,50.0,145.0,110.0,95.0
Beans,140.0,105.0,85.0,122.5,125.0,95.0
Beans,130.0,95.0,120.0,127.5,110.0,110.0
Beans,170.0,135.0,140.0,182.5,185.0,155.0
Beans,115.0,145.0,110.0,145.0,100.0,105.0
Beans,170.0,145.0,140.0,162.5,190.0,190.0
Beans,220.0,225.0,245.0,270.0,265.0,210.0
Beans,115.0,125.0,140.0,125.0,135.0,102.5
Beans,70.0,75.0,100.0,100.0,95.0,87.5
Beans,190.0,175.0,185.0,235.0,200.0,190.0
Beans,160.0,135.0,120.0,175.0,155.0,145.0
Beans,300.0,245.0,235.0,275.0,240.0,
Beans,150.0,135.0,100.0,,160.0,135.0
Beans,145.0,125.0,95.0,175.0,155.0,110.0
Beans,115.0,125.0,105.0,165.0,140.0,105.0
Beans,110.0,95.0,105.0,135.0,135.0,100.0
Beans,95.0,85.0,90.0,125.0,125.0,95.0
Beans,85.0,85.0,77.5,125.0,115.0,85.0
Beans,70.0,85.0,70.0,,105.0,75.0
Beans,70.0,75.0,72.5,112.5,95.0,65.0
Beans,100.0,75.0,65.0,102.5,95.0,85.0
Beans,100.0,75.0,75.0,105.0,110.0,95.0
Beans,135.0,115.0,90.0,147.5,125.0,135.0
Beans,145.0,115.0,90.0,182.5,145.0,130.0
Beans,115.0,125.0,95.0,175.0,155.0,102.5
Beans,105.0,100.0,95.0,145.0,155.0,95.0
Beans,110.0,115.0,105.0,135.0,100.0,115.0
Beans,50.0,65.0,65.0,82.5,60.0,55.0
Beans,70.0,55.0,50.0,72.5,65.0,62.5
Beans,190.0,155.0,165.0,195.0,205.0,195.0
Beans,125.0,115.0,155.0,125.0,135.0,105.0
Beans,70.0,75.0,85.0,95.0,90.0,82.5
Beans,140.0,135.0,130.0,175.0,160.0,145.0
Beans,115.0,110.0,90.0,135.0,130.0,
Beans,110.0,105.0,105.0,,130.0,105.0
Beans,110.0,95.0,85.0,130.0,130.0,115.0
Beans,90.0,75.0,60.0,135.0,140.0,95.0
Beans,120.0,,110.0,,160.0,105.0
Beans,90.0,55.0,42.5,135.0,130.0,60.0
Beans,60.0,45.0,30.0,97.5,90.0,32.5
Beans,40.0,37.5,30.0,82.5,50.0,32.5
Beans,45.0,55.0,55.0,72.5,70.0,85.0
Beans,55.0,55.0,55.0,95.0,67.5,55.0
Beans,55.0,55.0,32.5,90.0,70.0,60.0
Beans,70.0,55.0,52.5,85.0,70.0,80.0
Beans,90.0,65.0,60.0,95.0,90.0,90.0
Beans,100.0,65.0,75.0,115.0,85.0,105.0
Beans,55.0,65.0,55.0,85.0,55.0,55.0
Beans,60.0,55.0,50.0,77.5,70.0,60.0
Beans,220.0,155.0,185.0,215.0,300.0,220.0
Beans,110.0,125.0,145.0,125.0,135.0,105.0
Beans,70.0,75.0,72.5,85.0,90.0,75.0
Beans,170.0,160.0,180.0,215.0,205.0,
Beans,290.0,290.0,235.0,,290.0,270.0
Beans,290.0,290.0,255.0,325.0,295.0,290.0
Beans,325.0,310.0,290.0,390.0,330.0,
Beans,300.0,290.0,310.0,365.0,295.0,
Beans,270.0,260.0,185.0,355.0,320.0,
Beans,270.0,275.0,175.0,370.0,260.0,
Beans,240.0,285.0,245.0,275.0,210.0,
Beans,290.0,280.0,220.0,330.0,265.0,
Beans,325.0,290.0,240.0,330.0,275.0,
Beans,325.0,345.0,290.0,345.0,290.0,
Beans,275.0,325.0,310.0,345.0,290.0,
Beans,325.0,310.0,310.0,375.0,300.0,
Beans,335.0,310.0,275.0,365.0,285.0,
Beans,325.0,,315.0,382.5,290.0,
Beans,110.0,95.0,100.0,145.0,140.0,125.0
Beans,200.0,190.0,165.0,,210.0,
Beans,,225.0,175.0,265.0,255.0,245.0
Beans,265.0,255.0,260.0,250.0,255.0,
Beans,265.0,255.0,260.0,265.0,285.0,
Beans,265.0,235.0,265.0,260.0,260.0,
Beans,290.0,310.0,255.0,272.5,260.0,
Beans,235.0,240.0,255.0,295.0,250.0,
Beans,235.0,245.0,190.0,265.0,215.0,
Beans,205.0,210.0,185.0,240.0,190.0,
Beans,210.0,190.0,172.5,240.0,190.0,
Beans,210.0,210.0,210.0,225.0,210.0,
Beans,310.0,260.0,255.0,285.0,290.0,
Beans,300.0,290.0,300.0,332.5,340.0,
Beans,315.0,290.0,310.0,325.0,330.0,
Beans,290.0,290.0,285.0,332.5,310.0,
Beans,290.0,310.0,275.0,332.5,310.0,
Beans,315.0,340.0,315.0,382.5,335.0,
Beans,155.0,155.0,110.0,165.0,170.0,145.0
Beans,110.0,95.0,100.0,140.0,140.0,102.5
Beans,200.0,185.0,165.0,,215.0,
Beans,200.0,190.0,165.0,,210.0,
Beans,,95.0,85.0,,150.0,75.0
Beans,,210.0,235.0,255.0,245.0,215.0
Beans,150.0,160.0,165.0,222.5,190.0,105.0
Beans,160.0,155.0,115.0,162.5,170.0,135.0
Beans,180.0,155.0,135.0,170.0,170.0,145.0
Beans,170.0,155.0,150.0,160.0,165.0,155.0
Beans,170.0,155.0,155.0,175.0,175.0,145.0
Beans,140.0,145.0,130.0,155.0,160.0,125.0
Beans,150.0,125.0,145.0,152.5,150.0,115.0
Beans,150.0,145.0,110.0,135.0,145.0,125.0
Beans,150.0,155.0,110.0,155.0,150.0,145.0
Beans,170.0,175.0,125.0,155.0,165.0,155.0
Beans,325.0,340.0,310.0,375.0,310.0,
Beans,240.0,270.0,250.0,285.0,290.0,
Beans,135.0,145.0,120.0,165.0,155.0,105.0
Beans,105.0,95.0,100.0,125.0,135.0,
Beans,210.0,195.0,160.0,222.5,200.0,
Beans,,95.0,105.0,,120.0,95.0
Beans,,175.0,150.0,235.0,240.0,200.0
Beans,75.0,75.0,75.0,85.0,75.0,65.0
Beans,90.0,125.0,110.0,145.0,130.0,85.0
Beans,155.0,195.0,180.0,,235.0,165.0
Beans,190.0,175.0,150.0,215.0,200.0,
Beans,,95.0,130.0,,125.0,130.0
Beans,,175.0,170.0,185.0,210.0,165.0
Beans,210.0,245.0,190.0,,230.0,
Beans,90.0,110.0,70.0,,95.0,75.0
Beans,235.0,190.0,175.0,245.0,225.0,
Beans,,115.0,130.0,,165.0,135.0
Beans,270.0,270.0,255.0,305.0,290.0,
Beans,90.0,95.0,75.0,92.5,85.0,85.0
Beans,110.0,75.0,85.0,125.0,115.0,100.0
Beans,160.0,,170.0,,195.0,225.0
Beans,235.0,190.0,175.0,245.0,225.0,
Beans,,115.0,135.0,,160.0,130.0
Beans,130.0,135.0,120.0,145.0,145.0,125.0
Beans,125.0,125.0,140.0,145.0,140.0,110.0
Beans,120.0,115.0,95.0,127.5,115.0,95.0
Beans,115.0,95.0,125.0,125.0,110.0,85.0
Beans,105.0,95.0,105.0,115.0,110.0,87.5
Beans,90.0,85.0,90.0,95.0,100.0,80.0
Beans,95.0,75.0,92.5,95.0,100.0,75.0
Beans,90.0,75.0,80.0,85.0,90.0,75.0
Beans,110.0,85.0,80.0,95.0,95.0,95.0
Beans,115.0,95.0,90.0,115.0,110.0,95.0
Beans,105.0,95.0,90.0,127.5,110.0,115.0
Beans,110.0,95.0,77.5,145.0,135.0,122.5
Beans,245.0,310.0,270.0,300.0,285.0,
Beans,110.0,75.0,90.0,125.0,110.0,105.0
Beans,190.0,255.0,205.0,280.0,270.0,225.0
Beans,220.0,175.0,190.0,225.0,210.0,
Beans,200.0,190.0,185.0,225.0,215.0,
Beans,,145.0,145.0,195.0,210.0,175.0
Beans,135.0,110.0,110.0,140.0,130.0,135.0
Beans,150.0,125.0,110.0,165.0,140.0,135.0
Beans,150.0,125.0,120.0,165.0,150.0,145.0
Beans,165.0,115.0,120.0,175.0,145.0,145.0
Beans,155.0,115.0,110.0,165.0,150.0,147.5
Beans,150.0,125.0,135.0,155.0,165.0,127.5
Beans,140.0,135.0,105.0,150.0,175.0,135.0
Beans,150.0,135.0,105.0,145.0,160.0,125.0
Beans,140.0,135.0,130.0,147.5,150.0,135.0
Beans,135.0,135.0,125.0,155.0,165.0,155.0
Beans,190.0,175.0,180.0,205.0,220.0,190.0
Beans,185.0,155.0,175.0,212.5,220.0,190.0
Beans,160.0,155.0,175.0,200.0,205.0,190.0
Beans,155.0,185.0,205.0,205.0,220.0,205.0
Beans,160.0,190.0,170.0,205.0,220.0,195.0
Beans,235.0,250.0,225.0,275.0,250.0,
Beans,110.0,85.0,90.0,125.0,120.0,105.0
Beans,230.0,195.0,170.0,240.0,215.0,
Beans,180.0,175.0,145.0,205.0,215.0,
Beans,,165.0,190.0,215.0,220.0,185.0
Beans,175.0,255.0,240.0,240.0,255.0,205.0
Beans,210.0,225.0,240.0,245.0,245.0,205.0
Beans,215.0,225.0,230.0,272.5,255.0,225.0
Beans,210.0,225.0,230.0,225.0,260.0,205.0
Beans,190.0,190.0,220.0,235.0,245.0,205.0
Beans,190.0,210.0,180.0,225.0,225.0,205.0
Beans,190.0,190.0,155.0,220.0,230.0,205.0
Beans,190.0,190.0,175.0,220.0,230.0,190.0
Beans,190.0,190.0,180.0,235.0,225.0,190.0
Beans,185.0,155.0,190.0,220.0,215.0,175.0
Beans,170.0,155.0,185.0,225.0,200.0,165.0
Beans,165.0,175.0,140.0,205.0,210.0,165.0
Beans,245.0,245.0,245.0,265.0,205.0,
Beans,105.0,95.0,90.0,125.0,110.0,105.0
Beans,220.0,165.0,185.0,225.0,210.0,
Beans,145.0,170.0,160.0,190.0,200.0,
Beans,,125.0,110.0,,160.0,115.0
Beans,,,160.0,195.0,215.0,155.0
Beans,235.0,210.0,220.0,245.0,255.0,
Beans,240.0,210.0,215.0,255.0,255.0,
Beans,210.0,175.0,210.0,255.0,245.0,
Beans,190.0,175.0,220.0,245.0,225.0,
Beans,190.0,200.0,170.0,245.0,235.0,
Beans,200.0,210.0,200.0,235.0,240.0,
Beans,200.0,215.0,165.0,227.5,215.0,
Beans,160.0,205.0,165.0,205.0,210.0,
Beans,170.0,155.0,160.0,205.0,210.0,
Beans,200.0,160.0,180.0,205.0,210.0,
Beans,210.0,195.0,150.0,210.0,210.0,
Beans,220.0,195.0,155.0,210.0,210.0,
Beans,215.0,190.0,150.0,210.0,210.0,
Beans,70.0,75.0,55.0,,80.0,55.0
Beans,100.0,95.0,105.0,125.0,125.0,115.0
Beans,180.0,155.0,140.0,205.0,200.0,205.0
Beans,220.0,190.0,185.0,225.0,220.0,
Beans,,125.0,135.0,,155.0,122.5
Beans,140.0,145.0,130.0,160.0,175.0,
Beans,110.0,115.0,115.0,140.0,160.0,
Beans,115.0,110.0,110.0,140.0,145.0,
Beans,110.0,110.0,130.0,130.0,145.0,
Beans,190.0,155.0,175.0,165.0,185.0,
Beans,185.0,155.0,185.0,185.0,210.0,190.0
Beans,190.0,175.0,165.0,215.0,225.0,120.0
Beans,165.0,145.0,105.0,195.0,150.0,105.0
Beans,,115.0,105.0,175.0,155.0,130.0
Beans,,125.0,155.0,195.0,200.0,185.0
Beans,,115.0,150.0,210.0,190.0,180.0
Beans,,125.0,135.0,185.0,190.0,165.0
Beans,,145.0,155.0,,195.0,
Beans,385.0,65.0,65.0,77.5,75.0,72.5
Beans,190.0,175.0,145.0,235.0,250.0,235.0
Beans,235.0,195.0,180.0,235.0,225.0,
Beans,,125.0,135.0,155.0,160.0,170.0
Beans,,190.0,165.0,185.0,190.0,155.0
Beans,,145.0,165.0,195.0,210.0,145.0
Beans,,190.0,220.0,235.0,230.0,220.0
Beans,,210.0,210.0,270.0,255.0,190.0
Beans,,185.0,175.0,255.0,210.0,170.0
Beans,,165.0,175.0,225.0,195.0,175.0
Beans,,165.0,155.0,225.0,230.0,200.0
Beans,,195.0,215.0,245.0,230.0,220.0
Beans,,210.0,210.0,255.0,235.0,210.0
Beans,,210.0,210.0,255.0,220.0,205.0
Beans,,190.0,230.0,255.0,230.0,220.0
Beans,,205.0,,245.0,235.0,
Beans,,230.0,210.0,,255.0,230.0
Beans,80.0,75.0,65.0,87.5,85.0,67.5
Beans,190.0,225.0,195.0,230.0,250.0,235.0
Beans,165.0,155.0,95.0,160.0,175.0,
Beans,,135.0,170.0,195.0,200.0,160.0
Beans,,155.0,135.0,205.0,210.0,145.0
Beans,,175.0,135.0,195.0,190.0,155.0
Beans,,155.0,155.0,185.0,180.0,130.0
Beans,,145.0,145.0,185.0,200.0,125.0
Beans,160.0,135.0,145.0,175.0,160.0,125.0
Beans,155.0,145.0,140.0,165.0,160.0,
Beans,135.0,155.0,145.0,155.0,160.0,
Beans,130.0,145.0,135.0,165.0,150.0,110.0
Beans,110.0,135.0,135.0,155.0,145.0,105.0
Beans,195.0,185.0,145.0,235.0,230.0,
Beans,135.0,155.0,145.0,,190.0,170.0
Beans,145.0,175.0,90.0,225.0,190.0,175.0
Beans,115.0,155.0,130.0,230.0,170.0,125.0
Beans,125.0,125.0,145.0,165.0,150.0,105.0
Beans,125.0,115.0,110.0,135.0,135.0,117.5
Beans,150.0,145.0,145.0,175.0,190.0,155.0
Beans,115.0,135.0,165.0,175.0,170.0,125.0
Beans,170.0,190.0,185.0,,230.0,165.0
Beans,170.0,170.0,155.0,215.0,230.0,210.0
Beans,175.0,170.0,120.0,220.0,190.0,150.0
Beans,105.0,115.0,90.0,155.0,145.0,110.0
Beans,155.0,125.0,125.0,165.0,155.0,135.0
Beans,160.0,165.0,180.0,195.0,190.0,190.0
Beans,185.0,195.0,190.0,225.0,210.0,200.0
Beans,210.0,215.0,210.0,235.0,220.0,205.0
Beans,170.0,225.0,230.0,235.0,210.0,175.0
Beans,210.0,215.0,200.0,235.0,190.0,195.0
Beans,215.0,190.0,225.0,235.0,210.0,195.0
Beans,210.0,225.0,185.0,235.0,220.0,190.0
Beans,255.0,210.0,210.0,235.0,220.0,
Beans,180.0,205.0,175.0,,200.0,190.0
Beans,110.0,135.0,110.0,135.0,150.0,85.0
Beans,130.0,115.0,140.0,150.0,155.0,115.0
Beans,90.0,125.0,120.0,145.0,155.0,135.0
Beans,260.0,215.0,240.0,265.0,270.0,235.0
Beans,170.0,145.0,200.0,215.0,220.0,145.0
Beans,235.0,170.0,170.0,195.0,200.0,155.0
Beans,290.0,230.0,240.0,330.0,275.0,255.0
Beans,135.0,155.0,130.0,195.0,180.0,155.0
Beans,110.0,135.0,140.0,195.0,190.0,125.0
Beans,115.0,135.0,170.0,175.0,150.0,125.0
Beans,105.0,135.0,125.0,175.0,150.0,115.0
Beans,130.0,135.0,130.0,175.0,160.0,135.0
Beans,130.0,135.0,150.0,155.0,160.0,125.0
Beans,125.0,125.0,155.0,147.5,140.0,115.0
Beans,130.0,110.0,85.0,135.0,150.0,110.0
Beans,100.0,115.0,110.0,135.0,140.0,
Beans,110.0,115.0,90.0,125.0,110.0,90.0
Beans,140.0,125.0,125.0,145.0,155.0,130.0
Beans,170.0,110.0,,165.0,170.0,135.0
Beans,255.0,215.0,240.0,255.0,265.0,225.0
Beans,215.0,175.0,200.0,205.0,190.0,175.0
Beans,290.0,255.0,245.0,335.0,285.0,270.0
Beans,210.0,190.0,185.0,205.0,215.0,190.0
Beans,230.0,175.0,160.0,235.0,235.0,190.0
Beans,190.0,190.0,190.0,235.0,230.0,205.0
Beans,190.0,175.0,185.0,235.0,230.0,205.0
Beans,200.0,175.0,195.0,205.0,210.0,190.0
Beans,175.0,175.0,145.0,195.0,210.0,190.0
Beans,170.0,155.0,150.0,205.0,200.0,165.0
Beans,190.0,165.0,152.5,205.0,190.0,175.0
Beans,190.0,155.0,160.0,205.0,200.0,170.0
Beans,190.0,155.0,165.0,205.0,210.0,165.0
Beans,210.0,175.0,170.0,,210.0,190.0
Beans,215.0,175.0,165.0,205.0,210.0,170.0
Beans,210.0,155.0,155.0,195.0,,
Beans,90.0,95.0,105.0,185.0,140.0,90.0
Beans,125.0,125.0,110.0,145.0,150.0,130.0
Beans,155.0,95.0,,175.0,160.0,110.0
Beans,250.0,225.0,235.0,255.0,260.0,225.0
Beans,210.0,210.0,220.0,265.0,250.0,230.0
Beans,95.0,65.0,45.0,115.0,70.0,55.0
Beans,85.0,55.0,45.0,115.0,80.0,65.0
Beans,110.0,65.0,72.5,100.0,95.0,70.0
Beans,90.0,85.0,105.0,120.0,105.0,75.0
Beans,95.0,115.0,110.0,115.0,110.0,95.0
Beans,225.0,95.0,,,145.0,125.0
Beans,135.0,115.0,,155.0,140.0,145.0
Beans,135.0,95.0,,175.0,150.0,145.0
Beans,115.0,125.0,,165.0,160.0,115.0
Beans,85.0,85.0,95.0,155.0,115.0,85.0
Beans,105.0,125.0,110.0,,115.0,90.0
Beans,130.0,135.0,125.0,145.0,150.0,125.0
Beans,130.0,165.0,110.0,165.0,170.0,125.0
Beans,135.0,85.0,140.0,155.0,145.0,75.0
Beans,130.0,145.0,155.0,145.0,170.0,125.0
Beans,255.0,190.0,225.0,245.0,270.0,190.0
Beans,210.0,210.0,260.0,265.0,285.0,245.0
Beans,280.0,210.0,210.0,225.0,230.0,165.0
Beans,140.0,135.0,115.0,125.0,145.0,110.0
Beans,160.0,125.0,145.0,,180.0,105.0
Beans,170.0,125.0,155.0,145.0,155.0,125.0
Beans,310.0,125.0,165.0,155.0,210.0,255.0
Beans,290.0,210.0,240.0,270.0,290.0,180.0
Beans,275.0,210.0,270.0,270.0,240.0,155.0
Beans,90.0,85.0,125.0,137.5,110.0,95.0
Beans,130.0,105.0,105.0,165.0,160.0,95.0
Beans,110.0,85.0,75.0,115.0,115.0,75.0
Beans,135.0,125.0,110.0,155.0,160.0,125.0
Beans,190.0,210.0,215.0,225.0,230.0,195.0
Beans,140.0,130.0,120.0,175.0,145.0,125.0
Beans,240.0,210.0,245.0,275.0,300.0,255.0
Beans,320.0,290.0,290.0,380.0,325.0,275.0
Beans,185.0,190.0,200.0,195.0,195.0,160.0
Beans,290.0,275.0,290.0,,290.0,250.0
Beans,240.0,260.0,220.0,275.0,270.0,240.0
Beans,240.0,230.0,165.0,225.0,240.0,155.0
Beans,210.0,185.0,240.0,,,175.0
Beans,205.0,165.0,,185.0,195.0,190.0
Beans,200.0,165.0,145.0,215.0,215.0,175.0
Beans,135.0,145.0,135.0,185.0,180.0,155.0
Beans,145.0,85.0,80.0,147.5,110.0,125.0
Beans,100.0,95.0,85.0,125.0,115.0,70.0
Beans,125.0,75.0,95.0,105.0,110.0,75.0
Beans,145.0,125.0,125.0,145.0,160.0,125.0
Beans,255.0,225.0,235.0,295.0,295.0,270.0
Beans,390.0,290.0,290.0,,320.0,290.0
Beans,190.0,205.0,185.0,215.0,215.0,205.0
Beans,210.0,205.0,200.0,215.0,225.0,215.0
Beans,195.0,200.0,250.0,225.0,265.0,230.0
Beans,230.0,200.0,225.0,255.0,265.0,230.0
Beans,265.0,210.0,250.0,235.0,250.0,225.0
Beans,255.0,235.0,240.0,255.0,265.0,225.0
Beans,250.0,265.0,240.0,245.0,290.0,
Beans,255.0,245.0,175.0,245.0,270.0,245.0
Beans,235.0,215.0,235.0,245.0,270.0,225.0
Beans,230.0,235.0,250.0,230.0,265.0,225.0
Beans,210.0,225.0,245.0,235.0,250.0,210.0
Beans,255.0,210.0,245.0,235.0,260.0,240.0
Beans,135.0,115.0,110.0,175.0,130.0,155.0
Beans,110.0,145.0,110.0,135.0,120.0,125.0
Beans,150.0,135.0,125.0,155.0,150.0,125.0
Beans,90.0,85.0,82.5,115.0,105.0,90.0
Beans,180.0,130.0,140.0,,140.0,130.0
Beans,140.0,135.0,140.0,145.0,155.0,135.0
Beans,290.0,245.0,270.0,305.0,310.0,250.0
Beans,210.0,230.0,265.0,305.0,315.0,280.0
Beans,365.0,290.0,270.0,365.0,305.0,315.0
Beans,200.0,210.0,215.0,235.0,225.0,225.0
Beans,210.0,195.0,230.0,255.0,270.0,225.0
Beans,220.0,220.0,230.0,255.0,255.0,210.0
Beans,230.0,185.0,190.0,215.0,,190.0
Beans,210.0,190.0,230.0,215.0,,175.0
Beans,225.0,190.0,190.0,205.0,,175.0
Beans,190.0,155.0,135.0,,190.0,115.0
Beans,200.0,170.0,155.0,195.0,170.0,145.0
Beans,125.0,145.0,110.0,155.0,130.0,127.5
Beans,130.0,125.0,120.0,155.0,140.0,110.0
Beans,110.0,85.0,145.0,105.0,120.0,145.0
Beans,190.0,165.0,210.0,155.0,170.0,165.0
Beans,140.0,135.0,135.0,145.0,155.0,145.0
Beans,190.0,190.0,195.0,225.0,230.0,195.0
Beans,110.0,145.0,135.0,,160.0,125.0
Beans,240.0,235.0,265.0,305.0,315.0,250.0
Beans,325.0,315.0,280.0,,335.0,320.0
Beans,140.0,135.0,115.0,175.0,165.0,135.0
Beans,80.0,115.0,90.0,165.0,160.0,115.0
Beans,110.0,125.0,110.0,145.0,140.0,115.0
Beans,100.0,95.0,90.0,125.0,135.0,105.0
Beans,110.0,95.0,95.0,125.0,115.0,105.0
Beans,90.0,125.0,105.0,,125.0,85.0
Beans,100.0,110.0,115.0,125.0,120.0,95.0
Beans,110.0,115.0,110.0,125.0,145.0,125.0
Beans,145.0,110.0,105.0,135.0,160.0,135.0
Beans,220.0,125.0,150.0,185.0,190.0,175.0
Beans,210.0,125.0,155.0,215.0,210.0,190.0
Beans,210.0,155.0,170.0,215.0,205.0,170.0
Beans,185.0,155.0,160.0,215.0,210.0,190.0
Beans,125.0,155.0,110.0,145.0,130.0,110.0
Beans,130.0,115.0,110.0,145.0,135.0,115.0
Beans,105.0,95.0,95.0,105.0,100.0,65.0
Beans,100.0,140.0,130.0,155.0,165.0,135.0
Beans,275.0,245.0,265.0,315.0,295.0,250.0
Beans,375.0,310.0,290.0,405.0,345.0,320.0
Beans,90.0,195.0,145.0,250.0,180.0,145.0
Beans,155.0,155.0,155.0,210.0,190.0,165.0
Beans,170.0,170.0,142.5,190.0,210.0,167.5
Beans,245.0,240.0,190.0,250.0,240.0,175.0
Beans,170.0,220.0,230.0,,240.0,210.0
Beans,210.0,210.0,165.0,255.0,225.0,190.0
Beans,185.0,160.0,165.0,210.0,220.0,190.0
Beans,190.0,160.0,180.0,220.0,230.0,190.0
Beans,175.0,190.0,175.0,220.0,210.0,175.0
Beans,190.0,190.0,190.0,220.0,220.0,175.0
Beans,90.0,135.0,115.0,195.0,170.0,105.0
Beans,125.0,155.0,115.0,155.0,130.0,110.0
Beans,110.0,105.0,85.0,115.0,110.0,85.0
Beans,205.0,190.0,215.0,215.0,230.0,190.0
Beans,290.0,275.0,260.0,330.0,305.0,290.0
Beans,375.0,290.0,300.0,325.0,310.0,245.0
Beans,475.0,390.0,415.0,465.0,445.0,400.0
Beans,460.0,395.0,340.0,485.0,435.0,375.0
Beans,460.0,345.0,310.0,465.0,410.0,
Beans,310.0,310.0,265.0,,335.0,285.0
Beans,275.0,350.0,300.0,355.0,375.0,300.0
Beans,290.0,290.0,300.0,345.0,325.0,260.0
Beans,230.0,240.0,215.0,310.0,245.0,225.0
Beans,200.0,240.0,210.0,255.0,205.0,140.0
Beans,210.0,210.0,195.0,230.0,150.0,145.0
Beans,210.0,210.0,230.0,240.0,245.0,265.0
Beans,425.0,230.0,235.0,295.0,270.0,260.0
Beans,115.0,135.0,90.0,125.0,145.0,105.0
Beans,115.0,155.0,110.0,155.0,130.0,135.0
Beans,140.0,135.0,105.0,155.0,145.0,135.0
Beans,140.0,125.0,105.0,115.0,135.0,105.0
Beans,210.0,175.0,190.0,185.0,200.0,195.0
Beans,210.0,215.0,230.0,235.0,225.0,205.0
Beans,255.0,250.0,230.0,310.0,260.0,190.0
Beans,315.0,365.0,305.0,335.0,345.0,350.0
Beans,375.0,370.0,340.0,410.0,375.0,355.0
Beans,375.0,360.0,340.0,430.0,350.0,355.0
Beans,340.0,340.0,310.0,410.0,300.0,310.0
Beans,335.0,340.0,275.0,395.0,325.0,275.0
Beans,425.0,305.0,215.0,320.0,320.0,
Beans,410.0,370.0,250.0,445.0,400.0,375.0
Beans,375.0,345.0,265.0,435.0,385.0,375.0
Beans,375.0,355.0,310.0,415.0,385.0,390.0
Beans,290.0,360.0,325.0,465.0,405.0,420.0
Beans,375.0,360.0,325.0,445.0,355.0,350.0
Beans,410.0,410.0,325.0,470.0,350.0,390.0
Beans,350.0,390.0,300.0,450.0,380.0,340.0
Beans,360.0,390.0,290.0,385.0,360.0,335.0
Beans,390.0,340.0,335.0,380.0,335.0,315.0
Beans,225.0,335.0,190.0,365.0,280.0,305.0
Beans,,190.0,165.0,205.0,180.0,150.0
Beans,,95.0,150.0,165.0,145.0,105.0
Beans,,515.0,550.0,590.0,565.0,525.0
Beans,,290.0,225.0,325.0,290.0,255.0
Beans,,290.0,325.0,365.0,375.0,360.0
Beans,,290.0,275.0,315.0,315.0,275.0
Beans,,365.0,370.0,470.0,435.0,300.0
Beans,,225.0,135.0,235.0,195.0,190.0
Beans,,315.0,320.0,365.0,340.0,315.0
Beans,,335.0,305.0,,385.0,320.0
Beans,,315.0,300.0,390.0,370.0,290.0
Beans,,350.0,340.0,390.0,360.0,310.0
Beans,,355.0,345.0,390.0,370.0,350.0
Beans,,415.0,390.0,435.0,435.0,400.0
Beans,,415.0,425.0,460.0,440.0,375.0
Beans,,340.0,375.0,445.0,415.0,345.0
Beans,,335.0,370.0,390.0,390.0,300.0
Beans,,265.0,325.0,335.0,295.0,220.0
Beans,,190.0,165.0,225.0,230.0,155.0
Beans,,170.0,165.0,185.0,165.0,145.0
Beans,,210.0,210.0,230.0,245.0,220.0
Beans,,465.0,480.0,600.0,560.0,510.0
Beans,,335.0,375.0,415.0,395.0,325.0
Beans,,290.0,290.0,320.0,320.0,280.0
Beans,,285.0,275.0,390.0,360.0,220.0
Beans,,220.0,145.0,235.0,210.0,200.0
Beans,,170.0,165.0,200.0,190.0,155.0
Beans,,170.0,175.0,185.0,190.0,150.0
Beans,,170.0,165.0,,190.0,165.0
Beans,,210.0,180.0,210.0,220.0,205.0
Beans,,210.0,190.0,255.0,240.0,160.0
Beans,,335.0,190.0,365.0,280.0,305.0
Beans,,170.0,150.0,185.0,170.0,155.0
Beans,,210.0,240.0,250.0,260.0,235.0
Beans,,490.0,575.0,550.0,560.0,490.0
Beans,,360.0,365.0,410.0,400.0,325.0
Beans,,285.0,300.0,320.0,310.0,240.0
Beans,,275.0,245.0,345.0,310.0,230.0
Beans,,190.0,180.0,215.0,195.0,160.0
Beans,,160.0,170.0,205.0,190.0,135.0
Beans,,160.0,170.0,205.0,190.0,135.0
Beans,,170.0,160.0,,185.0,130.0
Beans,,170.0,140.0,210.0,185.0,170.0
Beans,,160.0,155.0,225.0,210.0,180.0
Beans,,160.0,160.0,210.0,210.0,170.0
Beans,,160.0,190.0,195.0,200.0,170.0
Beans,,140.0,150.0,200.0,200.0,145.0
Beans,,130.0,140.0,190.0,170.0,150.0
Beans,,140.0,150.0,185.0,180.0,105.0
Beans,,110.0,140.0,160.0,165.0,135.0
Beans,,110.0,140.0,150.0,165.0,135.0
Beans,,240.0,205.0,245.0,255.0,195.0
Beans,,140.0,145.0,,,140.0
Beans,,340.0,415.0,450.0,435.0,375.0
Beans,,310.0,315.0,340.0,305.0,290.0
Beans,,370.0,330.0,440.0,415.0,375.0
Beans,,265.0,325.0,310.0,305.0,235.0
Beans,,275.0,300.0,310.0,295.0,235.0
Beans,,185.0,150.0,,255.0,220.0
Beans,,185.0,150.0,310.0,270.0,210.0
Beans,,170.0,275.0,340.0,395.0,240.0
Beans,,215.0,300.0,350.0,385.0,295.0
Beans,,265.0,325.0,430.0,365.0,360.0
Beans,,240.0,300.0,465.0,390.0,395.0
Beans,,290.0,365.0,440.0,410.0,335.0
Beans,,365.0,365.0,,,380.0
Beans,,190.0,160.0,225.0,195.0,160.0
Beans,,140.0,135.0,190.0,205.0,150.0
Beans,,340.0,305.0,440.0,390.0,305.0
Beans,,310.0,250.0,340.0,295.0,260.0
Beans,,360.0,425.0,425.0,455.0,425.0
Beans,,375.0,425.0,465.0,485.0,415.0
Beans,,240.0,225.0,285.0,300.0,255.0
Beans,,135.0,115.0,,200.0,160.0
Beans,,390.0,375.0,,380.0,340.0
Beans,,340.0,325.0,,450.0,290.0
Beans,,360.0,475.0,395.0,445.0,340.0
Beans,,365.0,455.0,425.0,505.0,425.0
Beans,,440.0,410.0,470.0,520.0,465.0
Beans,,435.0,525.0,485.0,470.0,415.0
Beans,,440.0,550.0,540.0,530.0,400.0
Beans,,440.0,575.0,475.0,490.0,425.0
Beans,,525.0,575.0,490.0,500.0,405.0
Beans,,465.0,575.0,515.0,490.0,410.0
Beans,,515.0,550.0,625.0,600.0,525.0
Beans,,510.0,585.0,635.0,585.0,495.0
Beans,,215.0,155.0,225.0,185.0,160.0
Beans,,540.0,575.0,650.0,685.0,600.0
Beans,,335.0,315.0,325.0,290.0,240.0
Beans,,360.0,415.0,465.0,420.0,320.0
Beans,,265.0,325.0,340.0,295.0,290.0
Beans,,150.0,115.0,220.0,190.0,
Beans,,565.0,575.0,620.0,595.0,
Beans,,590.0,,,,535.0
Beans,,565.0,475.0,610.0,605.0,525.0
Beans,,525.0,375.0,590.0,575.0,460.0
Beans,,540.0,425.0,565.0,595.0,475.0
Beans,,535.0,425.0,575.0,540.0,415.0
Beans,,540.0,425.0,565.0,545.0,525.0
Beans,,515.0,425.0,565.0,560.0,500.0
Beans,,475.0,435.0,565.0,575.0,475.0
Beans,,425.0,375.0,460.0,495.0,435.0
Beans,,375.0,300.0,440.0,395.0,340.0
Beans,,290.0,225.0,355.0,325.0,255.0
Beans,,310.0,225.0,290.0,290.0,255.0
Beans,,220.0,170.0,255.0,200.0,200.0
Beans,,190.0,200.0,225.0,230.0,190.0
Beans,,110.0,142.5,190.0,175.0,150.0
Beans,,575.0,575.0,625.0,590.0,525.0
Beans,,290.0,275.0,325.0,285.0,240.0
Beans,,365.0,325.0,430.0,385.0,310.0
Beans,,290.0,290.0,335.0,365.0,320.0
Beans,,310.0,275.0,,280.0,240.0
Beans,,310.0,325.0,290.0,405.0,290.0
Beans,,335.0,375.0,410.0,385.0,375.0
Beans,,335.0,375.0,410.0,375.0,365.0
Beans,,335.0,365.0,390.0,410.0,305.0
Beans,,290.0,305.0,335.0,395.0,320.0
Beans,,310.0,375.0,310.0,365.0,335.0
Beans,,280.0,325.0,370.0,385.0,325.0
Beans,,265.0,325.0,375.0,390.0,345.0
Beans,,310.0,325.0,390.0,400.0,375.0
Beans,,340.0,325.0,390.0,380.0,325.0
Beans,,290.0,325.0,375.0,355.0,300.0
Beans,,170.0,185.0,210.0,190.0,150.0
Beans,,210.0,175.0,230.0,235.0,190.0
Beans,,140.0,130.0,190.0,200.0,240.0
Beans,,575.0,585.0,585.0,515.0,475.0
Beans,,415.0,475.0,540.0,550.0,525.0
Beans,,365.0,400.0,390.0,385.0,335.0
Beans,,290.0,250.0,,320.0,275.0
Beans,,440.0,325.0,470.0,480.0,325.0
Beans,,415.0,325.0,400.0,425.0,275.0
Beans,,290.0,250.0,300.0,345.0,240.0
Beans,,275.0,275.0,275.0,305.0,215.0
Beans,,240.0,225.0,280.0,300.0,205.0
Beans,,190.0,215.0,260.0,235.0,180.0
Beans,,235.0,190.0,255.0,245.0,190.0
Beans,,180.0,210.0,235.0,255.0,170.0
Beans,,185.0,185.0,215.0,190.0,165.0
Beans,,190.0,215.0,220.0,225.0,225.0
Beans,,260.0,225.0,270.0,245.0,235.0
Beans,,285.0,240.0,280.0,265.0,255.0
Beans,,155.0,165.0,175.0,175.0,125.0
Beans,,190.0,155.0,235.0,215.0,175.0
Beans,,310.0,310.0,440.0,360.0,290.0
Beans,,465.0,550.0,560.0,540.0,475.0
Beans,,490.0,525.0,,635.0,
Beans,,345.0,390.0,,405.0,
Beans,,310.0,265.0,365.0,325.0,290.0
Beans,,165.0,165.0,250.0,165.0,355.0
Beans,,410.0,425.0,510.0,455.0,395.0
Beans,,410.0,425.0,500.0,435.0,375.0
Beans,,365.0,465.0,470.0,440.0,375.0
Beans,,365.0,375.0,465.0,415.0,360.0
Beans,,335.0,340.0,415.0,390.0,330.0
Beans,,275.0,275.0,410.0,385.0,290.0
Beans,,240.0,225.0,350.0,320.0,250.0
Beans,,240.0,260.0,310.0,285.0,200.0
Beans,,240.0,305.0,310.0,285.0,220.0
Beans,,240.0,265.0,335.0,295.0,255.0
Beans,,240.0,215.0,315.0,285.0,210.0
Beans,,230.0,200.0,290.0,240.0,180.0
Beans,,290.0,225.0,270.0,245.0,180.0
Beans,,235.0,185.0,265.0,250.0,215.0
Beans,,280.0,250.0,375.0,310.0,290.0
Beans,,155.0,150.0,175.0,180.0,150.0
Beans,,190.0,170.0,185.0,205.0,160.0
Beans,,540.0,500.0,480.0,560.0,430.0
Beans,,515.0,515.0,,545.0,
Beans,,365.0,365.0,,365.0,320.0
Beans,,315.0,265.0,370.0,315.0,275.0
Beans,,270.0,225.0,290.0,275.0,230.0
Beans,,265.0,225.0,310.0,290.0,245.0
Beans,,260.0,265.0,335.0,335.0,290.0
Beans,,260.0,265.0,350.0,345.0,290.0
Beans,,265.0,250.0,345.0,350.0,290.0
Beans,,265.0,260.0,360.0,335.0,310.0
Beans,,270.0,230.0,350.0,320.0,290.0
Beans,,235.0,240.0,370.0,370.0,335.0
Beans,,275.0,275.0,355.0,355.0,315.0
Beans,,290.0,280.0,410.0,345.0,340.0
Beans,,290.0,260.0,390.0,355.0,320.0
Beans,,385.0,380.0,505.0,465.0,410.0
Beans,,270.0,285.0,360.0,320.0,280.0
Beans,,170.0,180.0,185.0,185.0,170.0
Beans,,170.0,165.0,185.0,190.0,185.0
Beans,,315.0,275.0,325.0,315.0,220.0
Beans,,290.0,315.0,390.0,360.0,260.0
Beans,,315.0,295.0,375.0,310.0,290.0
Beans,,340.0,325.0,,375.0,325.0
Beans,,340.0,335.0,415.0,375.0,310.0
Beans,,330.0,320.0,375.0,335.0,305.0
Beans,,290.0,315.0,365.0,380.0,280.0
Beans,,290.0,305.0,390.0,400.0,310.0
Beans,,365.0,335.0,425.0,380.0,355.0
Beans,,365.0,325.0,400.0,390.0,320.0
Beans,,380.0,335.0,375.0,385.0,340.0
Beans,,350.0,325.0,365.0,380.0,325.0
Beans,,365.0,305.0,375.0,335.0,280.0
Beans,,310.0,255.0,360.0,290.0,210.0
Beans,,255.0,180.0,290.0,240.0,180.0
Beans,,240.0,190.0,255.0,205.0,145.0
Beans,,310.0,265.0,360.0,325.0,315.0
Beans,,290.0,285.0,410.0,420.0,325.0
Beans,,,415.0,,430.0,240.0
Beans,,315.0,275.0,335.0,270.0,
Beans,,490.0,475.0,,540.0,515.0
Beans,,390.0,475.0,525.0,440.0,410.0
Beans,,290.0,245.0,355.0,300.0,245.0
Beans,,425.0,340.0,460.0,330.0,475.0
Beans,,425.0,375.0,475.0,335.0,525.0
Beans,,460.0,305.0,475.0,325.0,525.0
Beans,,415.0,375.0,530.0,325.0,500.0
Beans,,425.0,325.0,530.0,325.0,460.0
Beans,,440.0,425.0,515.0,335.0,425.0
Beans,,465.0,425.0,535.0,325.0,425.0
Beans,,465.0,425.0,535.0,355.0,475.0
Beans,,425.0,375.0,515.0,365.0,500.0
Beans,,465.0,425.0,540.0,355.0,525.0
Beans,,590.0,525.0,640.0,415.0,525.0
Beans,,565.0,425.0,650.0,375.0,505.0
Beans,,450.0,325.0,550.0,375.0,425.0
Beans,,510.0,425.0,510.0,395.0,525.0
Beans,,550.0,475.0,585.0,425.0,560.0
Beans,,645.0,550.0,,435.0,625.0
Beans,,635.0,575.0,700.0,500.0,600.0
Beans,,525.0,565.0,655.0,475.0,625.0
Beans,,500.0,525.0,640.0,495.0,
Beans,,220.0,275.0,265.0,235.0,170.0
Beans,,325.0,275.0,425.0,325.0,375.0
Beans,,325.0,315.0,435.0,325.0,375.0
Beans,,425.0,325.0,425.0,335.0,425.0
Beans,,240.0,365.0,410.0,375.0,310.0
Beans,,515.0,400.0,465.0,365.0,465.0
Beans,,475.0,485.0,625.0,535.0,520.0
Beans,,435.0,425.0,525.0,350.0,410.0
Beans,,375.0,375.0,495.0,325.0,325.0
Beans,,275.0,290.0,410.0,285.0,225.0
Beans,,275.0,275.0,300.0,225.0,210.0
Beans,,275.0,275.0,290.0,175.0,255.0
Beans,,375.0,385.0,525.0,250.0,375.0
Beans,,410.0,275.0,485.0,275.0,335.0
Beans,,375.0,270.0,390.0,265.0,375.0
Beans,,360.0,335.0,425.0,235.0,365.0
Beans,,375.0,405.0,460.0,275.0,410.0
Beans,,435.0,360.0,465.0,325.0,365.0
Beans,,375.0,340.0,415.0,315.0,365.0
Beans,,375.0,300.0,415.0,285.0,325.0
Beans,,390.0,340.0,415.0,285.0,290.0
Beans,,390.0,365.0,,325.0,300.0
Beans,,375.0,325.0,410.0,300.0,290.0
Beans,,365.0,325.0,,385.0,330.0
Beans,,360.0,355.0,355.0,305.0,315.0
Beans,,390.0,355.0,370.0,325.0,325.0
Beans,,390.0,425.0,415.0,325.0,335.0
Beans,,235.0,235.0,315.0,335.0,310.0
Beans,,240.0,325.0,365.0,375.0,310.0
Beans,,365.0,385.0,440.0,395.0,380.0
Beans,,375.0,365.0,440.0,375.0,310.0
Beans,,325.0,375.0,380.0,385.0,290.0
Beans,,350.0,375.0,390.0,340.0,290.0
Beans,,365.0,375.0,345.0,335.0,310.0
Beans,,315.0,295.0,380.0,315.0,255.0
Beans,,290.0,325.0,375.0,300.0,190.0
Beans,,240.0,200.0,290.0,220.0,190.0
Beans,,190.0,225.0,230.0,245.0,175.0
Beans,,210.0,230.0,245.0,225.0,200.0
Beans,,215.0,165.0,250.0,230.0,175.0
Beans,,210.0,210.0,230.0,220.0,170.0
Beans,,245.0,205.0,220.0,215.0,170.0
Beans,,240.0,215.0,245.0,210.0,170.0
Beans,,210.0,200.0,235.0,210.0,160.0
Beans,,210.0,205.0,,240.0,190.0
Beans,,215.0,245.0,260.0,215.0,210.0
Beans,,335.0,325.0,335.0,360.0,330.0
Beans,,210.0,215.0,265.0,240.0,205.0
Beans,,235.0,200.0,265.0,250.0,220.0
Beans,,235.0,275.0,360.0,380.0,325.0
Beans,,300.0,275.0,385.0,360.0,310.0
Beans,,210.0,175.0,295.0,235.0,165.0
Beans,,190.0,200.0,200.0,220.0,175.0
Beans,,185.0,210.0,215.0,220.0,160.0
Beans,,180.0,225.0,225.0,210.0,165.0
Beans,,160.0,165.0,215.0,220.0,160.0
Beans,,160.0,165.0,175.0,170.0,110.0
Beans,,130.0,140.0,165.0,155.0,105.0
Beans,,130.0,125.0,155.0,130.0,105.0
Beans,,125.0,125.0,140.0,120.0,85.0
Beans,,110.0,115.0,135.0,130.0,100.0
Beans,,130.0,140.0,150.0,145.0,120.0
Beans,,140.0,140.0,170.0,140.0,110.0
Beans,,130.0,130.0,160.0,140.0,105.0
Beans,,125.0,140.0,155.0,130.0,105.0
Beans,,125.0,85.0,140.0,130.0,90.0
Beans,,120.0,90.0,140.0,110.0,85.0
Beans,,130.0,110.0,145.0,115.0,
Beans,,110.0,80.0,,85.0,90.0
Beans,,300.0,315.0,325.0,365.0,325.0
Beans,,240.0,205.0,265.0,240.0,210.0
Beans,,265.0,325.0,355.0,390.0,365.0
Beans,,190.0,200.0,215.0,230.0,210.0
Beans,,190.0,200.0,245.0,245.0,210.0
Beans,,475.0,475.0,600.0,605.0,565.0
Beans,,110.0,105.0,,135.0,90.0
Beans,,90.0,85.0,95.0,115.0,65.0
Beans,,110.0,85.0,125.0,115.0,160.0
Beans,,130.0,265.0,150.0,190.0,190.0
Beans,,130.0,130.0,220.0,210.0,140.0
Beans,,150.0,130.0,215.0,175.0,130.0
Beans,,130.0,150.0,210.0,165.0,145.0
Beans,,145.0,165.0,215.0,155.0,140.0
Beans,,145.0,150.0,200.0,165.0,130.0
Beans,,160.0,175.0,225.0,180.0,160.0
Beans,,230.0,235.0,325.0,290.0,290.0
Beans,,260.0,240.0,345.0,300.0,270.0
Beans,,260.0,260.0,330.0,280.0,
Beans,,290.0,310.0,365.0,335.0,265.0
Beans,,235.0,265.0,275.0,265.0,240.0
Beans,,340.0,265.0,375.0,340.0,300.0
Beans,,390.0,325.0,385.0,425.0,410.0
Beans,,265.0,300.0,365.0,380.0,360.0
Beans,,390.0,325.0,475.0,410.0,355.0
Beans,,475.0,475.0,590.0,540.0,575.0
Beans,,375.0,375.0,505.0,405.0,355.0
Beans,,435.0,430.0,485.0,475.0,410.0
Beans,,375.0,360.0,485.0,440.0,390.0
Beans,,375.0,275.0,435.0,415.0,325.0
Beans,,325.0,375.0,380.0,405.0,315.0
Beans,,325.0,330.0,360.0,355.0,240.0
Beans,,265.0,215.0,295.0,275.0,200.0
Beans,,210.0,235.0,275.0,255.0,200.0
Beans,,215.0,215.0,290.0,255.0,190.0
Beans,,240.0,215.0,280.0,265.0,
Beans,,265.0,325.0,300.0,,245.0
Beans,,310.0,225.0,425.0,375.0,315.0
Beans,,310.0,325.0,385.0,355.0,300.0
Beans,,290.0,265.0,350.0,320.0,260.0
Beans,,310.0,305.0,315.0,320.0,260.0
Beans,,300.0,305.0,315.0,310.0,
Beans,,290.0,285.0,325.0,310.0,240.0
Beans,,275.0,325.0,315.0,,240.0
Beans,,310.0,315.0,300.0,275.0,275.0
Beans,,315.0,300.0,315.0,370.0,335.0
Beans,,235.0,215.0,275.0,275.0,255.0
Beans,,340.0,350.0,365.0,375.0,300.0
Beans,,260.0,325.0,395.0,375.0,365.0
Beans,,265.0,285.0,400.0,390.0,375.0
Beans,,375.0,415.0,375.0,410.0,365.0
Beans,,475.0,425.0,615.0,450.0,525.0
Beans,,360.0,365.0,380.0,400.0,360.0
Beans,,360.0,375.0,365.0,390.0,360.0
Beans,,375.0,375.0,385.0,390.0,355.0
Beans,,340.0,375.0,400.0,400.0,345.0
Beans,,390.0,375.0,415.0,440.0,410.0
Beans,,390.0,390.0,445.0,460.0,415.0
Beans,,415.0,375.0,460.0,465.0,425.0
Beans,,385.0,380.0,425.0,460.0,415.0
Beans,,390.0,415.0,460.0,470.0,420.0
Beans,,415.0,425.0,510.0,505.0,465.0
Beans,,425.0,425.0,520.0,520.0,465.0
Beans,,465.0,440.0,525.0,525.0,475.0
Beans,,360.0,335.0,425.0,455.0,360.0
Beans,,315.0,275.0,,425.0,375.0
Beans,,290.0,300.0,,425.0,365.0
Beans,,325.0,290.0,,415.0,375.0
Beans,,340.0,275.0,,415.0,340.0
Beans,,335.0,315.0,355.0,360.0,315.0
Beans,,240.0,305.0,280.0,285.0,260.0
Beans,,410.0,400.0,,500.0,410.0
Beans,,300.0,275.0,410.0,,
Beans,,410.0,340.0,,515.0,465.0
Beans,,390.0,325.0,,505.0,425.0
Beans,,525.0,355.0,590.0,400.0,525.0
Beans,,340.0,350.0,,475.0,415.0
Beans,,325.0,375.0,,465.0,390.0
Beans,,325.0,375.0,410.0,460.0,385.0
Beans,,325.0,370.0,405.0,430.0,365.0
Beans,,285.0,325.0,365.0,390.0,335.0
Beans,,285.0,275.0,340.0,375.0,290.0
Beans,,275.0,325.0,305.0,360.0,300.0
Beans,,365.0,325.0,365.0,375.0,355.0
Beans,,365.0,355.0,410.0,380.0,355.0
Beans,,325.0,330.0,380.0,365.0,315.0
Beans,,335.0,325.0,365.0,365.0,330.0
Beans,,335.0,335.0,315.0,335.0,315.0
Beans,,290.0,325.0,360.0,365.0,340.0
Beans,,265.0,275.0,340.0,325.0,285.0
Beans,,375.0,315.0,395.0,400.0,390.0
Beans,,525.0,375.0,,375.0,500.0
Beans,,355.0,375.0,365.0,385.0,340.0
Beans,,335.0,365.0,410.0,375.0,340.0
Beans,,335.0,375.0,365.0,360.0,360.0
Beans,,330.0,325.0,380.0,380.0,345.0
Beans,,335.0,365.0,390.0,365.0,315.0
Beans,,315.0,375.0,385.0,385.0,355.0
Beans,,310.0,330.0,405.0,390.0,365.0
Beans,,335.0,375.0,380.0,380.0,345.0
Beans,,315.0,360.0,385.0,365.0,340.0
Beans,,310.0,340.0,360.0,350.0,300.0
Beans,,290.0,285.0,365.0,350.0,305.0
Beans,,265.0,305.0,360.0,350.0,
Beans,,230.0,265.0,,280.0,210.0
Beans,,310.0,325.0,350.0,360.0,310.0
Beans,,315.0,340.0,410.0,375.0,300.0
Beans,,375.0,280.0,415.0,400.0,365.0
Beans,,335.0,365.0,435.0,385.0,310.0
Beans,,325.0,360.0,375.0,380.0,310.0
Beans,,265.0,330.0,355.0,355.0,290.0
Beans,,340.0,310.0,395.0,365.0,330.0
Beans,,315.0,310.0,385.0,385.0,330.0
Beans,,285.0,225.0,385.0,350.0,290.0
Beans,,240.0,305.0,355.0,315.0,230.0
Beans,,215.0,195.0,330.0,305.0,240.0
Beans,,235.0,260.0,380.0,340.0,260.0
Beans,,265.0,275.0,325.0,325.0,285.0
Beans,,315.0,340.0,350.0,360.0,290.0
Beans,,300.0,305.0,365.0,380.0,335.0
Beans,,365.0,275.0,400.0,400.0,340.0
Beans,,315.0,365.0,350.0,375.0,315.0
Beans,,335.0,375.0,365.0,375.0,375.0
Beans,,365.0,375.0,410.0,385.0,375.0
Beans,,340.0,380.0,375.0,395.0,390.0
Beans,,340.0,425.0,415.0,400.0,340.0
Beans,,390.0,315.0,455.0,400.0,390.0
Beans,,400.0,475.0,515.0,480.0,500.0
Beans,,410.0,475.0,545.0,550.0,475.0
Beans,,460.0,475.0,545.0,540.0,475.0
Beans,,490.0,515.0,625.0,550.0,515.0
Beans,,510.0,525.0,610.0,590.0,
Beans,,375.0,475.0,595.0,540.0,400.0
Beans,,275.0,315.0,550.0,435.0,325.0
Beans,,315.0,325.0,365.0,350.0,290.0
Beans,,350.0,315.0,435.0,440.0,425.0
Beans,,290.0,350.0,370.0,385.0,340.0
Beans,,425.0,325.0,575.0,375.0,475.0
Beans,,315.0,375.0,415.0,455.0,390.0
Beans,,365.0,325.0,400.0,440.0,365.0
Beans,,300.0,330.0,390.0,435.0,360.0
Beans,,315.0,325.0,385.0,405.0,345.0
Beans,,360.0,340.0,410.0,385.0,365.0
Beans,,435.0,375.0,500.0,475.0,425.0
Beans,,425.0,400.0,510.0,490.0,435.0
Beans,,475.0,375.0,500.0,500.0,465.0
Beans,,465.0,475.0,515.0,510.0,500.0
Beans,,475.0,475.0,575.0,555.0,515.0
Beans,,560.0,505.0,,575.0,565.0
Beans,,565.0,515.0,590.0,,525.0
Beans,,345.0,325.0,450.0,440.0,400.0
Beans,,300.0,325.0,370.0,380.0,315.0
Beans,,325.0,250.0,425.0,325.0,425.0
Beans,,325.0,275.0,375.0,255.0,375.0
Beans,,325.0,310.0,475.0,275.0,375.0
Beans,,365.0,315.0,425.0,340.0,425.0
Beans,,375.0,315.0,465.0,325.0,475.0
Beans,,375.0,275.0,500.0,325.0,525.0
Beans,,425.0,360.0,550.0,325.0,525.0
Beans,,475.0,375.0,625.0,350.0,525.0
Beans,,525.0,415.0,595.0,325.0,525.0
Beans,,575.0,500.0,,490.0,525.0
Beans,,525.0,550.0,605.0,435.0,575.0
Beans,,590.0,475.0,550.0,465.0,575.0
