Date,rain_sum
1/1/2010,0
1/2/2010,0
1/3/2010,0.1
1/4/2010,0.6
1/5/2010,0
1/6/2010,0
1/7/2010,0.3
1/8/2010,0.8
1/9/2010,10
1/10/2010,9.6
1/11/2010,1
1/12/2010,4
1/13/2010,2.5
1/14/2010,0.2
1/15/2010,0
1/16/2010,0.4
1/17/2010,4
1/18/2010,0.7
1/19/2010,0.4
1/20/2010,0
1/21/2010,0
1/22/2010,0
1/23/2010,0
1/24/2010,0
1/25/2010,0
1/26/2010,0
1/27/2010,0.6
1/28/2010,0.1
1/29/2010,0
1/30/2010,10.4
1/31/2010,4.2
2/1/2010,1.1
2/2/2010,2
2/3/2010,0
2/4/2010,0
2/5/2010,0
2/6/2010,0
2/7/2010,0
2/8/2010,0
2/9/2010,0.7
2/10/2010,5.5
2/11/2010,0
2/12/2010,1.4
2/13/2010,0.2
2/14/2010,0
2/15/2010,0
2/16/2010,9.4
2/17/2010,0.7
2/18/2010,0
2/19/2010,0.9
2/20/2010,2.1
2/21/2010,0
2/22/2010,0
2/23/2010,0
2/24/2010,0
2/25/2010,0
2/26/2010,0
2/27/2010,0
2/28/2010,0
3/1/2010,0
3/2/2010,0
3/3/2010,0
3/4/2010,0.3
3/5/2010,0
3/6/2010,0
3/7/2010,0
3/8/2010,0
3/9/2010,0
3/10/2010,0
3/11/2010,0
3/12/2010,2.1
3/13/2010,1.8
3/14/2010,0
3/15/2010,0
3/16/2010,0
3/17/2010,0
3/18/2010,0.9
3/19/2010,0
3/20/2010,0
3/21/2010,0
3/22/2010,0.1
3/23/2010,1.8
3/24/2010,29.5
3/25/2010,4.7
3/26/2010,10.4
3/27/2010,26.3
3/28/2010,4.7
3/29/2010,12.7
3/30/2010,11.6
3/31/2010,6.1
4/1/2010,1.3
4/2/2010,0
4/3/2010,0.4
4/4/2010,18.1
4/5/2010,26.8
4/6/2010,5.6
4/7/2010,17.7
4/8/2010,5.3
4/9/2010,17.2
4/10/2010,3
4/11/2010,4.6
4/12/2010,2.1
4/13/2010,3.2
4/14/2010,3.7
4/15/2010,1.8
4/16/2010,26.7
4/17/2010,35.1
4/18/2010,17.9
4/19/2010,2.8
4/20/2010,2.6
4/21/2010,2.3
4/22/2010,0.8
4/23/2010,14.6
4/24/2010,23
4/25/2010,5.5
4/26/2010,18.5
4/27/2010,18.3
4/28/2010,7
4/29/2010,10.2
4/30/2010,76.4
5/1/2010,3.6
5/2/2010,3.3
5/3/2010,5.7
5/4/2010,2.1
5/5/2010,1.9
5/6/2010,2.6
5/7/2010,5.1
5/8/2010,7.6
5/9/2010,15.3
5/10/2010,5.6
5/11/2010,4.4
5/12/2010,2.3
5/13/2010,2.3
5/14/2010,3.3
5/15/2010,3
5/16/2010,2.9
5/17/2010,3.6
5/18/2010,2.6
5/19/2010,1.7
5/20/2010,32.7
5/21/2010,2.2
5/22/2010,3.3
5/23/2010,6.1
5/24/2010,3.7
5/25/2010,2.1
5/26/2010,3.4
5/27/2010,0.6
5/28/2010,2.2
5/29/2010,1.2
5/30/2010,1.9
5/31/2010,2
6/1/2010,0
6/2/2010,1.7
6/3/2010,3.6
6/4/2010,2.1
6/5/2010,3.1
6/6/2010,3.8
6/7/2010,10.8
6/8/2010,1.9
6/9/2010,7.9
6/10/2010,39.4
6/11/2010,19.1
6/12/2010,10.2
6/13/2010,1.5
6/14/2010,6.4
6/15/2010,3.4
6/16/2010,1.5
6/17/2010,1.1
6/18/2010,1.1
6/19/2010,2.7
6/20/2010,6.5
6/21/2010,5.9
6/22/2010,2.2
6/23/2010,4.4
6/24/2010,10.3
6/25/2010,5.5
6/26/2010,4.4
6/27/2010,2.9
6/28/2010,4.6
6/29/2010,2.4
6/30/2010,5.8
7/1/2010,9.2
7/2/2010,2.9
7/3/2010,3.6
7/4/2010,1.9
7/5/2010,18.8
7/6/2010,1.5
7/7/2010,13.2
7/8/2010,17.5
7/9/2010,21.6
7/10/2010,26
7/11/2010,2.2
7/12/2010,1
7/13/2010,0.5
7/14/2010,4.1
7/15/2010,3
7/16/2010,22.8
7/17/2010,4.6
7/18/2010,6.4
7/19/2010,10.2
7/20/2010,2.8
7/21/2010,0.6
7/22/2010,1.4
7/23/2010,1.5
7/24/2010,2.6
7/25/2010,1.2
7/26/2010,1.5
7/27/2010,3.3
7/28/2010,5.9
7/29/2010,2.9
7/30/2010,5.9
7/31/2010,0.7
8/1/2010,0.6
8/2/2010,0.7
8/3/2010,2.7
8/4/2010,2
8/5/2010,2
8/6/2010,2.7
8/7/2010,2.2
8/8/2010,2
8/9/2010,6.4
8/10/2010,0.2
8/11/2010,2.5
8/12/2010,3.4
8/13/2010,13.5
8/14/2010,7.2
8/15/2010,12
8/16/2010,7.3
8/17/2010,9.9
8/18/2010,3.1
8/19/2010,3.8
8/20/2010,15.6
8/21/2010,10.8
8/22/2010,2.2
8/23/2010,7.6
8/24/2010,16.2
8/25/2010,4.5
8/26/2010,4.8
8/27/2010,0.3
8/28/2010,1.9
8/29/2010,17.5
8/30/2010,17.8
8/31/2010,0
9/1/2010,0
9/2/2010,0.2
9/3/2010,1.3
9/4/2010,2.5
9/5/2010,0
9/6/2010,1.5
9/7/2010,3.1
9/8/2010,2.8
9/9/2010,1.7
9/10/2010,2
9/11/2010,3.1
9/12/2010,1.7
9/13/2010,2.9
9/14/2010,2.6
9/15/2010,4.3
9/16/2010,3.1
9/17/2010,2.8
9/18/2010,10.5
9/19/2010,2.6
9/20/2010,5.9
9/21/2010,5.7
9/22/2010,16.6
9/23/2010,13.7
9/24/2010,17.8
9/25/2010,3
9/26/2010,14.1
9/27/2010,28.4
9/28/2010,27.2
9/29/2010,6.3
9/30/2010,7.9
10/1/2010,66.1
10/2/2010,73.9
10/3/2010,11.4
10/4/2010,3.1
10/5/2010,11
10/6/2010,14.3
10/7/2010,8.2
10/8/2010,3.6
10/9/2010,4.1
10/10/2010,0.3
10/11/2010,2.3
10/12/2010,0.6
10/13/2010,0
10/14/2010,0.3
10/15/2010,1.2
10/16/2010,3.3
10/17/2010,2.3
10/18/2010,2.9
10/19/2010,3.6
10/20/2010,0.2
10/21/2010,0.3
10/22/2010,1.2
10/23/2010,0
10/24/2010,0.5
10/25/2010,3.3
10/26/2010,1
10/27/2010,6.7
10/28/2010,18.4
10/29/2010,30.4
10/30/2010,12.5
10/31/2010,13.4
11/1/2010,2.6
11/2/2010,0
11/3/2010,0.4
11/4/2010,16
11/5/2010,30.6
11/6/2010,12.9
11/7/2010,12
11/8/2010,0
11/9/2010,9.1
11/10/2010,37.1
11/11/2010,8.7
11/12/2010,1.2
11/13/2010,4.8
11/14/2010,3.5
11/15/2010,5.9
11/16/2010,2.8
11/17/2010,31
11/18/2010,14.5
11/19/2010,13.4
11/20/2010,25.6
11/21/2010,25.7
11/22/2010,29.9
11/23/2010,21.7
11/24/2010,13.2
11/25/2010,32.9
11/26/2010,45.8
11/27/2010,4.8
11/28/2010,10.2
11/29/2010,4.6
11/30/2010,28.9
12/1/2010,63
12/2/2010,24.4
12/3/2010,48.8
12/4/2010,45.7
12/5/2010,9.9
12/6/2010,4.5
12/7/2010,8.7
12/8/2010,13.4
12/9/2010,18.2
12/10/2010,3.2
12/11/2010,1.9
12/12/2010,1.3
12/13/2010,0
12/14/2010,0.4
12/15/2010,5.2
12/16/2010,6.3
12/17/2010,1.9
12/18/2010,0.9
12/19/2010,0
12/20/2010,17.8
12/21/2010,3.4
12/22/2010,22.2
12/23/2010,56.9
12/24/2010,21.5
12/25/2010,60.3
12/26/2010,1.8
12/27/2010,2
12/28/2010,13.5
12/29/2010,2.6
12/30/2010,3.7
12/31/2010,9
1/1/2011,26.3
1/2/2011,19.8
1/3/2011,6.1
1/4/2011,13.5
1/5/2011,7.4
1/6/2011,6.1
1/7/2011,20.7
1/8/2011,72.1
1/9/2011,124.1
1/10/2011,29.1
1/11/2011,2.4
1/12/2011,10
1/13/2011,80.3
1/14/2011,5.9
1/15/2011,2.1
1/16/2011,1.1
1/17/2011,1.8
1/18/2011,1.5
1/19/2011,0
1/20/2011,0
1/21/2011,0
1/22/2011,0
1/23/2011,0
1/24/2011,0
1/25/2011,0.2
1/26/2011,1.6
1/27/2011,2.5
1/28/2011,2.2
1/29/2011,0.3
1/30/2011,0.8
1/31/2011,5.2
2/1/2011,48.7
2/2/2011,51.9
2/3/2011,89.3
2/4/2011,36.1
2/5/2011,28.5
2/6/2011,2.2
2/7/2011,9.1
2/8/2011,1.7
2/9/2011,1.2
2/10/2011,2.1
2/11/2011,0
2/12/2011,0
2/13/2011,0
2/14/2011,3
2/15/2011,0.4
2/16/2011,0
2/17/2011,0.2
2/18/2011,0.8
2/19/2011,2.4
2/20/2011,2
2/21/2011,5.9
2/22/2011,0
2/23/2011,0
2/24/2011,0
2/25/2011,0
2/26/2011,0
2/27/2011,0
2/28/2011,1.2
3/1/2011,2.9
3/2/2011,0.3
3/3/2011,4.1
3/4/2011,26
3/5/2011,6.6
3/6/2011,0
3/7/2011,0
3/8/2011,0
3/9/2011,0
3/10/2011,0
3/11/2011,0
3/12/2011,2.1
3/13/2011,2.8
3/14/2011,2.8
3/15/2011,1.7
3/16/2011,0.2
3/17/2011,0
3/18/2011,0
3/19/2011,0.7
3/20/2011,5.7
3/21/2011,3.7
3/22/2011,0
3/23/2011,2.8
3/24/2011,3
3/25/2011,1.7
3/26/2011,3.2
3/27/2011,3.2
3/28/2011,4.4
3/29/2011,1.6
3/30/2011,0
3/31/2011,0
4/1/2011,0
4/2/2011,0.1
4/3/2011,1.4
4/4/2011,0
4/5/2011,0.3
4/6/2011,0
4/7/2011,7.5
4/8/2011,16.4
4/9/2011,4.8
4/10/2011,2.9
4/11/2011,16.6
4/12/2011,27.3
4/13/2011,11
4/14/2011,3.3
4/15/2011,4.3
4/16/2011,13.8
4/17/2011,14.9
4/18/2011,16.5
4/19/2011,24.4
4/20/2011,23.2
4/21/2011,10.6
4/22/2011,19.8
4/23/2011,4.7
4/24/2011,9.3
4/25/2011,3.5
4/26/2011,5.5
4/27/2011,6.8
4/28/2011,3.2
4/29/2011,2.8
4/30/2011,2.9
5/1/2011,1.9
5/2/2011,2.4
5/3/2011,2.2
5/4/2011,1.9
5/5/2011,2.5
5/6/2011,1.2
5/7/2011,2.1
5/8/2011,0.4
5/9/2011,0
5/10/2011,0.2
5/11/2011,1.9
5/12/2011,4.2
5/13/2011,2.1
5/14/2011,0
5/15/2011,1.7
5/16/2011,30.2
5/17/2011,7.4
5/18/2011,1.4
5/19/2011,2.1
5/20/2011,0
5/21/2011,0.2
5/22/2011,1.3
5/23/2011,2.9
5/24/2011,3.3
5/25/2011,5.7
5/26/2011,5.1
5/27/2011,4
5/28/2011,5.2
5/29/2011,3.7
5/30/2011,3.6
5/31/2011,3.3
6/1/2011,5.7
6/2/2011,0.1
6/3/2011,0.4
6/4/2011,3.1
6/5/2011,0.5
6/6/2011,1.9
6/7/2011,0.9
6/8/2011,1.3
6/9/2011,1.4
6/10/2011,0.4
6/11/2011,0.5
6/12/2011,0.9
6/13/2011,2.4
6/14/2011,3.3
6/15/2011,1.1
6/16/2011,4.1
6/17/2011,4.9
6/18/2011,2.9
6/19/2011,0.1
6/20/2011,1.3
6/21/2011,0
6/22/2011,0.8
6/23/2011,2.5
6/24/2011,3
6/25/2011,5.1
6/26/2011,1.5
6/27/2011,5.2
6/28/2011,0.7
6/29/2011,1.2
6/30/2011,0
7/1/2011,3.4
7/2/2011,2.2
7/3/2011,0
7/4/2011,0.5
7/5/2011,5.1
7/6/2011,4.6
7/7/2011,1.1
7/8/2011,5.3
7/9/2011,4.9
7/10/2011,3.8
7/11/2011,3.8
7/12/2011,15
7/13/2011,4.5
7/14/2011,4.6
7/15/2011,1.2
7/16/2011,6.2
7/17/2011,2.6
7/18/2011,0.6
7/19/2011,1.1
7/20/2011,3.8
7/21/2011,1.9
7/22/2011,1.9
7/23/2011,3.4
7/24/2011,5
7/25/2011,6
7/26/2011,4.2
7/27/2011,2.9
7/28/2011,3.5
7/29/2011,2.4
7/30/2011,3.1
7/31/2011,0.1
8/1/2011,2.4
8/2/2011,1.9
8/3/2011,0.8
8/4/2011,0.2
8/5/2011,3.6
8/6/2011,3.4
8/7/2011,2.4
8/8/2011,2.9
8/9/2011,3.6
8/10/2011,3.1
8/11/2011,2.6
8/12/2011,4.3
8/13/2011,5.3
8/14/2011,0
8/15/2011,4.4
8/16/2011,6.4
8/17/2011,7.7
8/18/2011,2
8/19/2011,2.9
8/20/2011,5.8
8/21/2011,1
8/22/2011,2.6
8/23/2011,2.9
8/24/2011,2.2
8/25/2011,3.1
8/26/2011,1.2
8/27/2011,3
8/28/2011,1.9
8/29/2011,1.2
8/30/2011,3
8/31/2011,1.2
9/1/2011,4
9/2/2011,4.3
9/3/2011,0.7
9/4/2011,0.7
9/5/2011,4
9/6/2011,3.5
9/7/2011,3.7
9/8/2011,2.7
9/9/2011,5.9
9/10/2011,6.9
9/11/2011,12.9
9/12/2011,6
9/13/2011,23.7
9/14/2011,10.2
9/15/2011,4
9/16/2011,2.3
9/17/2011,0.8
9/18/2011,0.1
9/19/2011,0
9/20/2011,0
9/21/2011,4.5
9/22/2011,3.8
9/23/2011,0
9/24/2011,0
9/25/2011,0
9/26/2011,0.5
9/27/2011,0
9/28/2011,0.4
9/29/2011,0.3
9/30/2011,7.3
10/1/2011,1.9
10/2/2011,0
10/3/2011,1.5
10/4/2011,4.2
10/5/2011,0.6
10/6/2011,0.3
10/7/2011,0.3
10/8/2011,0.6
10/9/2011,2
10/10/2011,0.4
10/11/2011,3.6
10/12/2011,2.8
10/13/2011,1.9
10/14/2011,4.2
10/15/2011,10.2
10/16/2011,0.3
10/17/2011,3.8
10/18/2011,2.3
10/19/2011,9.7
10/20/2011,13.4
10/21/2011,27.1
10/22/2011,44.6
10/23/2011,54.4
10/24/2011,26.4
10/25/2011,66.9
10/26/2011,53.6
10/27/2011,37.2
10/28/2011,5.4
10/29/2011,33.4
10/30/2011,54.4
10/31/2011,6
11/1/2011,16.2
11/2/2011,6.6
11/3/2011,2.5
11/4/2011,1
11/5/2011,2.2
11/6/2011,3.1
11/7/2011,5.7
11/8/2011,2.5
11/9/2011,0
11/10/2011,0
11/11/2011,0
11/12/2011,0
11/13/2011,0
11/14/2011,0
11/15/2011,0
11/16/2011,0.7
11/17/2011,17.7
11/18/2011,5.6
11/19/2011,0.3
11/20/2011,1.4
11/21/2011,6.7
11/22/2011,0.2
11/23/2011,2.9
11/24/2011,14.8
11/25/2011,12.7
11/26/2011,21.3
11/27/2011,12.2
11/28/2011,0.4
11/29/2011,10.5
11/30/2011,3.2
12/1/2011,3.6
12/2/2011,2.3
12/3/2011,0
12/4/2011,0
12/5/2011,0
12/6/2011,0
12/7/2011,0
12/8/2011,0.1
12/9/2011,2.9
12/10/2011,4.2
12/11/2011,6.6
12/12/2011,25.6
12/13/2011,9.1
12/14/2011,6.3
12/15/2011,12
12/16/2011,0
12/17/2011,24.3
12/18/2011,17.8
12/19/2011,43.3
12/20/2011,22.1
12/21/2011,2.7
12/22/2011,7.3
12/23/2011,29.9
12/24/2011,0.8
12/25/2011,0
12/26/2011,0
12/27/2011,0
12/28/2011,0
12/29/2011,0
12/30/2011,4.8
12/31/2011,0.8
1/1/2012,0
1/2/2012,0
1/3/2012,0
1/4/2012,2
1/5/2012,1.3
1/6/2012,2.5
1/7/2012,14.8
1/8/2012,8.6
1/9/2012,0.2
1/10/2012,0
1/11/2012,0
1/12/2012,0
1/13/2012,0
1/14/2012,0
1/15/2012,0
1/16/2012,0
1/17/2012,0
1/18/2012,0
1/19/2012,0
1/20/2012,0
1/21/2012,0
1/22/2012,1
1/23/2012,0
1/24/2012,0
1/25/2012,0
1/26/2012,0
1/27/2012,0
1/28/2012,0
1/29/2012,0
1/30/2012,0
1/31/2012,0
2/1/2012,0
2/2/2012,0.2
2/3/2012,0.5
2/4/2012,0.7
2/5/2012,2.7
2/6/2012,1.1
2/7/2012,7.8
2/8/2012,11.8
2/9/2012,16.7
2/10/2012,0.9
2/11/2012,0
2/12/2012,0
2/13/2012,0
2/14/2012,18.8
2/15/2012,19.7
2/16/2012,3.3
2/17/2012,1.3
2/18/2012,0
2/19/2012,0
2/20/2012,0
2/21/2012,0
2/22/2012,0
2/23/2012,0
2/24/2012,0
2/25/2012,0
2/26/2012,0.3
2/27/2012,13.6
2/28/2012,24.6
2/29/2012,3.2
3/1/2012,1
3/2/2012,0
3/3/2012,0
3/4/2012,0.8
3/5/2012,0.7
3/6/2012,0.4
3/7/2012,0
3/8/2012,0
3/9/2012,0
3/10/2012,0.8
3/11/2012,0
3/12/2012,0.8
3/13/2012,4.8
3/14/2012,6.5
3/15/2012,11.5
3/16/2012,11.5
3/17/2012,0.5
3/18/2012,0
3/19/2012,0
3/20/2012,0
3/21/2012,0.2
3/22/2012,0
3/23/2012,0.8
3/24/2012,0.4
3/25/2012,0
3/26/2012,1.1
3/27/2012,6.6
3/28/2012,17.9
3/29/2012,5.8
3/30/2012,1.4
3/31/2012,0.4
4/1/2012,0.3
4/2/2012,3.8
4/3/2012,9.7
4/4/2012,11.7
4/5/2012,2.2
4/6/2012,4
4/7/2012,4.2
4/8/2012,13.7
4/9/2012,8.3
4/10/2012,5.8
4/11/2012,8.7
4/12/2012,2.9
4/13/2012,7.1
4/14/2012,9
4/15/2012,20.8
4/16/2012,24
4/17/2012,11.1
4/18/2012,3.6
4/19/2012,2.7
4/20/2012,0.4
4/21/2012,0
4/22/2012,5.1
4/23/2012,6.1
4/24/2012,14.2
4/25/2012,2.7
4/26/2012,1.4
4/27/2012,0.3
4/28/2012,0
4/29/2012,1.3
4/30/2012,1.1
5/1/2012,0
5/2/2012,0
5/3/2012,0
5/4/2012,0
5/5/2012,0
5/6/2012,0.5
5/7/2012,1.4
5/8/2012,1.3
5/9/2012,2.2
5/10/2012,0
5/11/2012,0.8
5/12/2012,0.1
5/13/2012,0.9
5/14/2012,0.7
5/15/2012,0.1
5/16/2012,0
5/17/2012,0
5/18/2012,0.6
5/19/2012,2.4
5/20/2012,2.2
5/21/2012,2.5
5/22/2012,1.3
5/23/2012,1.6
5/24/2012,0.7
5/25/2012,1.2
5/26/2012,0.4
5/27/2012,1
5/28/2012,0.5
5/29/2012,0.4
5/30/2012,0
5/31/2012,0.2
6/1/2012,1.7
6/2/2012,0.5
6/3/2012,5.8
6/4/2012,2.1
6/5/2012,2.3
6/6/2012,3.6
6/7/2012,5.1
6/8/2012,3.4
6/9/2012,2.7
6/10/2012,1.1
6/11/2012,0.8
6/12/2012,0
6/13/2012,1.7
6/14/2012,3.8
6/15/2012,2.1
6/16/2012,2.3
6/17/2012,2.3
6/18/2012,4.4
6/19/2012,2.5
6/20/2012,2.1
6/21/2012,1.4
6/22/2012,1.5
6/23/2012,2.7
6/24/2012,0.6
6/25/2012,0.5
6/26/2012,0.5
6/27/2012,1.4
6/28/2012,4.1
6/29/2012,3.3
6/30/2012,2.6
7/1/2012,4.4
7/2/2012,12.2
7/3/2012,4.3
7/4/2012,2.7
7/5/2012,1.3
7/6/2012,2.6
7/7/2012,2.3
7/8/2012,3
7/9/2012,16.1
7/10/2012,4.5
7/11/2012,0.5
7/12/2012,1.1
7/13/2012,1.5
7/14/2012,1.9
7/15/2012,0.7
7/16/2012,1.6
7/17/2012,0
7/18/2012,0.3
7/19/2012,0
7/20/2012,1.7
7/21/2012,4.5
7/22/2012,3.7
7/23/2012,3.7
7/24/2012,2.3
7/25/2012,3
7/26/2012,2.9
7/27/2012,1.6
7/28/2012,1.6
7/29/2012,1.1
7/30/2012,0.5
7/31/2012,0.4
8/1/2012,0.1
8/2/2012,0
8/3/2012,0.4
8/4/2012,1.3
8/5/2012,1.6
8/6/2012,2.2
8/7/2012,0.1
8/8/2012,1
8/9/2012,0.2
8/10/2012,2.4
8/11/2012,5.7
8/12/2012,1.2
8/13/2012,1.2
8/14/2012,1.7
8/15/2012,2.3
8/16/2012,3
8/17/2012,9.9
8/18/2012,9.6
8/19/2012,3.3
8/20/2012,0.1
8/21/2012,0
8/22/2012,0
8/23/2012,1
8/24/2012,3.3
8/25/2012,6
8/26/2012,3.7
8/27/2012,4.3
8/28/2012,2.9
8/29/2012,6.4
8/30/2012,4
8/31/2012,0.7
9/1/2012,1
9/2/2012,2.9
9/3/2012,2.9
9/4/2012,4.8
9/5/2012,0
9/6/2012,1.2
9/7/2012,5
9/8/2012,4.6
9/9/2012,6.4
9/10/2012,5.4
9/11/2012,1.5
9/12/2012,1
9/13/2012,0.7
9/14/2012,1.8
9/15/2012,1.2
9/16/2012,2.7
9/17/2012,0.9
9/18/2012,0.4
9/19/2012,0.4
9/20/2012,4.2
9/21/2012,1.5
9/22/2012,6.4
9/23/2012,0.8
9/24/2012,2.4
9/25/2012,1.9
9/26/2012,0.1
9/27/2012,1
9/28/2012,3.7
9/29/2012,0.7
9/30/2012,0.5
10/1/2012,0.2
10/2/2012,0
10/3/2012,0.2
10/4/2012,0
10/5/2012,0
10/6/2012,1.1
10/7/2012,2.8
10/8/2012,1.8
10/9/2012,3.2
10/10/2012,5.2
10/11/2012,6.3
10/12/2012,41.6
10/13/2012,31.3
10/14/2012,35.1
10/15/2012,25.7
10/16/2012,15.8
10/17/2012,9.6
10/18/2012,21.3
10/19/2012,21.7
10/20/2012,87.3
10/21/2012,30.7
10/22/2012,54.8
10/23/2012,34.3
10/24/2012,39.8
10/25/2012,8.1
10/26/2012,2.3
10/27/2012,55.4
10/28/2012,27.9
10/29/2012,79.4
10/30/2012,14
10/31/2012,13.6
11/1/2012,11.3
11/2/2012,2
11/3/2012,1.9
11/4/2012,1.2
11/5/2012,9.2
11/6/2012,8
11/7/2012,41.9
11/8/2012,35
11/9/2012,12.5
11/10/2012,13.1
11/11/2012,9.6
11/12/2012,6.1
11/13/2012,5.7
11/14/2012,5.3
11/15/2012,61.9
11/16/2012,6.6
11/17/2012,0
11/18/2012,0
11/19/2012,0
11/20/2012,0
11/21/2012,0
11/22/2012,0.8
11/23/2012,3.7
11/24/2012,80.7
11/25/2012,14.3
11/26/2012,24.6
11/27/2012,115.4
11/28/2012,15.8
11/29/2012,0
11/30/2012,0
12/1/2012,0
12/2/2012,0
12/3/2012,0.4
12/4/2012,15.1
12/5/2012,3.9
12/6/2012,2.1
12/7/2012,0
12/8/2012,5
12/9/2012,0
12/10/2012,0
12/11/2012,0
12/12/2012,0.2
12/13/2012,0
12/14/2012,0
12/15/2012,3.4
12/16/2012,24.4
12/17/2012,19.1
12/18/2012,15.9
12/19/2012,2.7
12/20/2012,0.4
12/21/2012,2.6
12/22/2012,37.5
12/23/2012,5.1
12/24/2012,5.8
12/25/2012,18.8
12/26/2012,8.6
12/27/2012,13.2
12/28/2012,23.4
12/29/2012,0.2
12/30/2012,5.3
12/31/2012,1
1/1/2013,1
1/2/2013,0
1/3/2013,29.3
1/4/2013,13.7
1/5/2013,1.1
1/6/2013,7.6
1/7/2013,158.6
1/8/2013,0.8
1/9/2013,8.2
1/10/2013,11.5
1/11/2013,0.5
1/12/2013,0
1/13/2013,0
1/14/2013,0
1/15/2013,0
1/16/2013,0
1/17/2013,0
1/18/2013,0
1/19/2013,0
1/20/2013,0
1/21/2013,0
1/22/2013,0
1/23/2013,12.6
1/24/2013,10.7
1/25/2013,9.6
1/26/2013,0.1
1/27/2013,0
1/28/2013,0
1/29/2013,0
1/30/2013,0
1/31/2013,0
2/1/2013,0
2/2/2013,0
2/3/2013,0.1
2/4/2013,6
2/5/2013,0.8
2/6/2013,2.9
2/7/2013,1.3
2/8/2013,0
2/9/2013,1
2/10/2013,0.2
2/11/2013,11.7
2/12/2013,16.9
2/13/2013,14.8
2/14/2013,73.3
2/15/2013,7.3
2/16/2013,8.1
2/17/2013,2.5
2/18/2013,2.4
2/19/2013,4.8
2/20/2013,0
2/21/2013,0
2/22/2013,0
2/23/2013,0
2/24/2013,0
2/25/2013,0
2/26/2013,0
2/27/2013,0
2/28/2013,0
3/1/2013,0
3/2/2013,0
3/3/2013,2.2
3/4/2013,29.7
3/5/2013,8.6
3/6/2013,21.9
3/7/2013,1.2
3/8/2013,16.4
3/9/2013,26.1
3/10/2013,0
3/11/2013,0.2
3/12/2013,3.9
3/13/2013,1.5
3/14/2013,7.4
3/15/2013,38.1
3/16/2013,10.4
3/17/2013,3
3/18/2013,0
3/19/2013,0.1
3/20/2013,0
3/21/2013,0.1
3/22/2013,0
3/23/2013,2.2
3/24/2013,74.6
3/25/2013,27.1
3/26/2013,16.4
3/27/2013,2.1
3/28/2013,3.2
3/29/2013,7.2
3/30/2013,0.6
3/31/2013,0.5
4/1/2013,0.2
4/2/2013,0
4/3/2013,0
4/4/2013,2.3
4/5/2013,0.9
4/6/2013,2.1
4/7/2013,0.7
4/8/2013,0.6
4/9/2013,0
4/10/2013,5
4/11/2013,2.2
4/12/2013,3
4/13/2013,30.3
4/14/2013,1.8
4/15/2013,7.5
4/16/2013,0.4
4/17/2013,0.6
4/18/2013,1.8
4/19/2013,0.9
4/20/2013,1.4
4/21/2013,2.4
4/22/2013,0.9
4/23/2013,6.1
4/24/2013,3.2
4/25/2013,21.5
4/26/2013,5.9
4/27/2013,5.9
4/28/2013,3.5
4/29/2013,4.9
4/30/2013,6.4
5/1/2013,31.9
5/2/2013,9
5/3/2013,10.6
5/4/2013,5.9
5/5/2013,14.1
5/6/2013,24.4
5/7/2013,9.1
5/8/2013,0.4
5/9/2013,2.5
5/10/2013,1.4
5/11/2013,1.9
5/12/2013,1.8
5/13/2013,7.2
5/14/2013,2.2
5/15/2013,0
5/16/2013,0.5
5/17/2013,0.2
5/18/2013,2.3
5/19/2013,6
5/20/2013,3.3
5/21/2013,1.2
5/22/2013,0.2
5/23/2013,1.3
5/24/2013,1.9
5/25/2013,2.3
5/26/2013,2.8
5/27/2013,0.4
5/28/2013,1.9
5/29/2013,2.2
5/30/2013,2.6
5/31/2013,14.2
6/1/2013,2.2
6/2/2013,13.9
6/3/2013,7.4
6/4/2013,5.6
6/5/2013,3.9
6/6/2013,2.1
6/7/2013,16.7
6/8/2013,33.2
6/9/2013,4.5
6/10/2013,5
6/11/2013,10.3
6/12/2013,20.5
6/13/2013,15.1
6/14/2013,8.2
6/15/2013,15.8
6/16/2013,3
6/17/2013,17.6
6/18/2013,4.9
6/19/2013,7.3
6/20/2013,6.9
6/21/2013,12.1
6/22/2013,22.7
6/23/2013,17.2
6/24/2013,3.9
6/25/2013,2.3
6/26/2013,3.1
6/27/2013,0.9
6/28/2013,2.9
6/29/2013,5.7
6/30/2013,4.2
7/1/2013,3.4
7/2/2013,6.3
7/3/2013,3.7
7/4/2013,3.4
7/5/2013,4.1
7/6/2013,12.7
7/7/2013,7.3
7/8/2013,10.5
7/9/2013,12.8
7/10/2013,28.4
7/11/2013,1.3
7/12/2013,3.2
7/13/2013,1.8
7/14/2013,1.5
7/15/2013,3.5
7/16/2013,7.8
7/17/2013,2.2
7/18/2013,3.3
7/19/2013,3
7/20/2013,0.9
7/21/2013,3
7/22/2013,11.6
7/23/2013,4.1
7/24/2013,2.3
7/25/2013,3.3
7/26/2013,3.8
7/27/2013,0.5
7/28/2013,0.7
7/29/2013,1.6
7/30/2013,0.6
7/31/2013,0
8/1/2013,1.9
8/2/2013,6.8
8/3/2013,6.3
8/4/2013,72.6
8/5/2013,14.4
8/6/2013,2.5
8/7/2013,2.2
8/8/2013,3.8
8/9/2013,3.7
8/10/2013,2.9
8/11/2013,5.1
8/12/2013,5.6
8/13/2013,2.6
8/14/2013,2.1
8/15/2013,1.1
8/16/2013,0
8/17/2013,1.4
8/18/2013,0.9
8/19/2013,0
8/20/2013,0.1
8/21/2013,5
8/22/2013,1.9
8/23/2013,0.5
8/24/2013,0.8
8/25/2013,1.3
8/26/2013,2.7
8/27/2013,0
8/28/2013,18.5
8/29/2013,30.7
8/30/2013,6.8
8/31/2013,9.8
9/1/2013,2.3
9/2/2013,3.6
9/3/2013,4.4
9/4/2013,0.3
9/5/2013,2
9/6/2013,8.3
9/7/2013,3.3
9/8/2013,6.9
9/9/2013,10.2
9/10/2013,7.3
9/11/2013,6.6
9/12/2013,8
9/13/2013,5.2
9/14/2013,8.4
9/15/2013,1.6
9/16/2013,2.2
9/17/2013,11.8
9/18/2013,16.5
9/19/2013,3.2
9/20/2013,4.3
9/21/2013,2.8
9/22/2013,0.3
9/23/2013,0
9/24/2013,0
9/25/2013,0.5
9/26/2013,0
9/27/2013,0
9/28/2013,0
9/29/2013,0
9/30/2013,1.2
10/1/2013,2.9
10/2/2013,1.6
10/3/2013,0
10/4/2013,2.2
10/5/2013,1.6
10/6/2013,0
10/7/2013,0.8
10/8/2013,0
10/9/2013,1.7
10/10/2013,2.7
10/11/2013,4.6
10/12/2013,3.6
10/13/2013,1.9
10/14/2013,0
10/15/2013,0
10/16/2013,6.3
10/17/2013,23.4
10/18/2013,7.3
10/19/2013,26.1
10/20/2013,14.3
10/21/2013,6.1
10/22/2013,3.3
10/23/2013,1.9
10/24/2013,0
10/25/2013,1.8
10/26/2013,0
10/27/2013,2.2
10/28/2013,1.7
10/29/2013,2.3
10/30/2013,18.5
10/31/2013,19.2
11/1/2013,7.3
11/2/2013,12.8
11/3/2013,1.9
11/4/2013,1.4
11/5/2013,0.7
11/6/2013,1.2
11/7/2013,6.9
11/8/2013,0
11/9/2013,3.5
11/10/2013,6.3
11/11/2013,8.1
11/12/2013,2.5
11/13/2013,1.7
11/14/2013,0
11/15/2013,4
11/16/2013,8.7
11/17/2013,11.5
11/18/2013,3.3
11/19/2013,16.2
11/20/2013,0.1
11/21/2013,0
11/22/2013,6.2
11/23/2013,95.5
11/24/2013,10
11/25/2013,2.4
11/26/2013,0.5
11/27/2013,0
11/28/2013,0
11/29/2013,0
11/30/2013,8.8
12/1/2013,12.7
12/2/2013,6.2
12/3/2013,2.8
12/4/2013,5.2
12/5/2013,23.2
12/6/2013,10.7
12/7/2013,1.5
12/8/2013,3.1
12/9/2013,0.4
12/10/2013,0
12/11/2013,0
12/12/2013,6.7
12/13/2013,17.6
12/14/2013,6.2
12/15/2013,6.6
12/16/2013,0
12/17/2013,0.2
12/18/2013,0.2
12/19/2013,5
12/20/2013,1.5
12/21/2013,0.1
12/22/2013,0
12/23/2013,0
12/24/2013,3.5
12/25/2013,1.2
12/26/2013,0
12/27/2013,0
12/28/2013,0
12/29/2013,0
12/30/2013,0
12/31/2013,0
1/1/2014,0
1/2/2014,7.5
1/3/2014,0.3
1/4/2014,0.4
1/5/2014,5.2
1/6/2014,4.6
1/7/2014,11.9
1/8/2014,0.3
1/9/2014,0.5
1/10/2014,0
1/11/2014,0
1/12/2014,14.9
1/13/2014,4.7
1/14/2014,0
1/15/2014,30.4
1/16/2014,14.2
1/17/2014,0
1/18/2014,0
1/19/2014,0
1/20/2014,0
1/21/2014,0
1/22/2014,0
1/23/2014,0
1/24/2014,0
1/25/2014,0
1/26/2014,0
1/27/2014,0.2
1/28/2014,0.1
1/29/2014,8.7
1/30/2014,0.3
1/31/2014,0.6
2/1/2014,0
2/2/2014,0
2/3/2014,0
2/4/2014,0
2/5/2014,0
2/6/2014,0
2/7/2014,0
2/8/2014,0
2/9/2014,0
2/10/2014,0
2/11/2014,0
2/12/2014,0
2/13/2014,0
2/14/2014,0
2/15/2014,0
2/16/2014,0
2/17/2014,0
2/18/2014,0
2/19/2014,1.2
2/20/2014,1.3
2/21/2014,0.5
2/22/2014,0
2/23/2014,1.7
2/24/2014,0
2/25/2014,0
2/26/2014,0
2/27/2014,1
2/28/2014,1.4
3/1/2014,0
3/2/2014,0
3/3/2014,0
3/4/2014,0.4
3/5/2014,2
3/6/2014,0.6
3/7/2014,1.6
3/8/2014,0
3/9/2014,0
3/10/2014,0
3/11/2014,0
3/12/2014,0
3/13/2014,0
3/14/2014,0
3/15/2014,0
3/16/2014,0
3/17/2014,0.5
3/18/2014,2.4
3/19/2014,14.1
3/20/2014,3
3/21/2014,0.2
3/22/2014,0
3/23/2014,0
3/24/2014,0
3/25/2014,0
3/26/2014,0
3/27/2014,1.3
3/28/2014,0.1
3/29/2014,0
3/30/2014,0
3/31/2014,0.2
4/1/2014,0
4/2/2014,4.2
4/3/2014,0
4/4/2014,13.1
4/5/2014,31.8
4/6/2014,34.9
4/7/2014,9
4/8/2014,4.6
4/9/2014,0.5
4/10/2014,2.4
4/11/2014,1.8
4/12/2014,5.2
4/13/2014,2.1
4/14/2014,2.2
4/15/2014,1.1
4/16/2014,2.6
4/17/2014,7
4/18/2014,6
4/19/2014,0.3
4/20/2014,0
4/21/2014,4.2
4/22/2014,44.6
4/23/2014,21
4/24/2014,17.4
4/25/2014,4.4
4/26/2014,1.2
4/27/2014,16.2
4/28/2014,17.1
4/29/2014,32.9
4/30/2014,29.7
5/1/2014,25.4
5/2/2014,38.1
5/3/2014,20.2
5/4/2014,10.9
5/5/2014,24.9
5/6/2014,7.8
5/7/2014,3.9
5/8/2014,5.9
5/9/2014,3.6
5/10/2014,1.2
5/11/2014,1.6
5/12/2014,4.1
5/13/2014,2.6
5/14/2014,3.5
5/15/2014,0
5/16/2014,1.2
5/17/2014,0.2
5/18/2014,2
5/19/2014,0.9
5/20/2014,1.3
5/21/2014,1.3
5/22/2014,0.6
5/23/2014,0
5/24/2014,0.4
5/25/2014,2.7
5/26/2014,0.4
5/27/2014,1.6
5/28/2014,1.2
5/29/2014,3.5
5/30/2014,2.1
5/31/2014,1.7
6/1/2014,1.3
6/2/2014,13.8
6/3/2014,5
6/4/2014,3.3
6/5/2014,2.4
6/6/2014,3.9
6/7/2014,6.2
6/8/2014,6.5
6/9/2014,7.1
6/10/2014,3.5
6/11/2014,6.1
6/12/2014,8.7
6/13/2014,3
6/14/2014,2
6/15/2014,1.2
6/16/2014,1.2
6/17/2014,2.6
6/18/2014,2.6
6/19/2014,4.9
6/20/2014,6.2
6/21/2014,5.3
6/22/2014,3
6/23/2014,3.6
6/24/2014,5.4
6/25/2014,5.3
6/26/2014,1
6/27/2014,0
6/28/2014,0.1
6/29/2014,1.1
6/30/2014,1.3
7/1/2014,3.3
7/2/2014,0
7/3/2014,0.9
7/4/2014,3.9
7/5/2014,7.5
7/6/2014,4.8
7/7/2014,4
7/8/2014,3.8
7/9/2014,6.4
7/10/2014,11.4
7/11/2014,2.9
7/12/2014,10.1
7/13/2014,6.5
7/14/2014,6.2
7/15/2014,2.4
7/16/2014,0.4
7/17/2014,0.1
7/18/2014,3.3
7/19/2014,2.5
7/20/2014,3.1
7/21/2014,0.8
7/22/2014,3.2
7/23/2014,2.5
7/24/2014,3
7/25/2014,0.8
7/26/2014,3.4
7/27/2014,9.2
7/28/2014,9.3
7/29/2014,5.7
7/30/2014,3.2
7/31/2014,2.7
8/1/2014,5
8/2/2014,3.7
8/3/2014,6.8
8/4/2014,4.9
8/5/2014,6.4
8/6/2014,0.7
8/7/2014,1.6
8/8/2014,4.6
8/9/2014,0.2
8/10/2014,1.9
8/11/2014,6.6
8/12/2014,2.3
8/13/2014,3.3
8/14/2014,3.1
8/15/2014,7.3
8/16/2014,3
8/17/2014,4.2
8/18/2014,5.9
8/19/2014,1.3
8/20/2014,0.7
8/21/2014,7.5
8/22/2014,13.4
8/23/2014,9.6
8/24/2014,1.2
8/25/2014,1.8
8/26/2014,0
8/27/2014,0
8/28/2014,0
8/29/2014,1.8
8/30/2014,2.3
8/31/2014,2.7
9/1/2014,3
9/2/2014,2.5
9/3/2014,3.2
9/4/2014,8.3
9/5/2014,3.3
9/6/2014,4.4
9/7/2014,4.4
9/8/2014,3.1
9/9/2014,4.1
9/10/2014,7
9/11/2014,1.9
9/12/2014,0.7
9/13/2014,2.6
9/14/2014,2.8
9/15/2014,3.2
9/16/2014,3
9/17/2014,2.5
9/18/2014,4
9/19/2014,4
9/20/2014,0.8
9/21/2014,0.2
9/22/2014,0.3
9/23/2014,2.2
9/24/2014,5.6
9/25/2014,29.7
9/26/2014,8.6
9/27/2014,3.5
9/28/2014,17.1
9/29/2014,23.6
9/30/2014,17.6
10/1/2014,17
10/2/2014,29.9
10/3/2014,38.4
10/4/2014,13.1
10/5/2014,1.3
10/6/2014,3.9
10/7/2014,3
10/8/2014,2.7
10/9/2014,3.1
10/10/2014,3.1
10/11/2014,0
10/12/2014,2.5
10/13/2014,0.2
10/14/2014,3.3
10/15/2014,17
10/16/2014,34.5
10/17/2014,98.8
10/18/2014,26.9
10/19/2014,4.4
10/20/2014,13
10/21/2014,11.6
10/22/2014,36.5
10/23/2014,32.6
10/24/2014,9.8
10/25/2014,70.8
10/26/2014,28.6
10/27/2014,18.6
10/28/2014,17.5
10/29/2014,0.9
10/30/2014,21.7
10/31/2014,10.5
11/1/2014,0.8
11/2/2014,4.3
11/3/2014,22.7
11/4/2014,18.1
11/5/2014,2.3
11/6/2014,0.8
11/7/2014,0
11/8/2014,0
11/9/2014,0
11/10/2014,0.1
11/11/2014,1
11/12/2014,10.9
11/13/2014,42.6
11/14/2014,21.3
11/15/2014,0.5
11/16/2014,9.5
11/17/2014,0.6
11/18/2014,1.8
11/19/2014,16.3
11/20/2014,6.9
11/21/2014,11
11/22/2014,85
11/23/2014,21.1
11/24/2014,13.2
11/25/2014,31.5
11/26/2014,11.1
11/27/2014,35.3
11/28/2014,9.9
11/29/2014,3.6
11/30/2014,0.6
12/1/2014,9.6
12/2/2014,10.1
12/3/2014,5.9
12/4/2014,0
12/5/2014,0.2
12/6/2014,10.4
12/7/2014,10.7
12/8/2014,21.9
12/9/2014,12.5
12/10/2014,18
12/11/2014,13.7
12/12/2014,17.2
12/13/2014,8.6
12/14/2014,0
12/15/2014,9.8
12/16/2014,9.5
12/17/2014,34.9
12/18/2014,9.9
12/19/2014,13.4
12/20/2014,173.8
12/21/2014,47.3
12/22/2014,67.6
12/23/2014,40.7
12/24/2014,34.9
12/25/2014,61.4
12/26/2014,25.2
12/27/2014,13.7
12/28/2014,16.5
12/29/2014,8.8
12/30/2014,3.3
12/31/2014,0.9
1/1/2015,2.9
1/2/2015,0
1/3/2015,0
1/4/2015,0.4
1/5/2015,0
1/6/2015,1
1/7/2015,0
1/8/2015,0
1/9/2015,0
1/10/2015,0
1/11/2015,0
1/12/2015,0
1/13/2015,0
1/14/2015,0
1/15/2015,0.1
1/16/2015,0
1/17/2015,0
1/18/2015,0
1/19/2015,0
1/20/2015,0
1/21/2015,0
1/22/2015,0
1/23/2015,0
1/24/2015,1.1
1/25/2015,0.1
1/26/2015,0
1/27/2015,0
1/28/2015,2.2
1/29/2015,18.1
1/30/2015,1.2
1/31/2015,0
2/1/2015,0
2/2/2015,0.3
2/3/2015,6.9
2/4/2015,0.1
2/5/2015,0.5
2/6/2015,0.3
2/7/2015,0
2/8/2015,0
2/9/2015,1.7
2/10/2015,7.6
2/11/2015,4.2
2/12/2015,2.6
2/13/2015,5.9
2/14/2015,0
2/15/2015,0
2/16/2015,0
2/17/2015,0
2/18/2015,0
2/19/2015,0
2/20/2015,0
2/21/2015,0
2/22/2015,0.7
2/23/2015,6.4
2/24/2015,29.4
2/25/2015,4.3
2/26/2015,15
2/27/2015,12
2/28/2015,0
3/1/2015,2.3
3/2/2015,3.7
3/3/2015,0
3/4/2015,13
3/5/2015,0.5
3/6/2015,0
3/7/2015,0
3/8/2015,0
3/9/2015,0
3/10/2015,0
3/11/2015,0
3/12/2015,1.3
3/13/2015,14.1
3/14/2015,30.6
3/15/2015,24.1
3/16/2015,1.4
3/17/2015,0.1
3/18/2015,0
3/19/2015,0
3/20/2015,1.2
3/21/2015,0.3
3/22/2015,0
3/23/2015,0.1
3/24/2015,0
3/25/2015,0
3/26/2015,0.4
3/27/2015,9.8
3/28/2015,3.9
3/29/2015,8.7
3/30/2015,7.1
3/31/2015,5.7
4/1/2015,57.9
4/2/2015,38.5
4/3/2015,2.8
4/4/2015,0.2
4/5/2015,0
4/6/2015,0.7
4/7/2015,25.7
4/8/2015,11.8
4/9/2015,3
4/10/2015,3
4/11/2015,3.7
4/12/2015,4.6
4/13/2015,0.7
4/14/2015,0.9
4/15/2015,3.9
4/16/2015,2.5
4/17/2015,2.9
4/18/2015,1.4
4/19/2015,17.3
4/20/2015,65.8
4/21/2015,31
4/22/2015,2.2
4/23/2015,6.6
4/24/2015,3.2
4/25/2015,4.5
4/26/2015,37.5
4/27/2015,8.5
4/28/2015,6.1
4/29/2015,6.4
4/30/2015,2.9
5/1/2015,2
5/2/2015,0.5
5/3/2015,1.4
5/4/2015,2.4
5/5/2015,7.4
5/6/2015,9.5
5/7/2015,4.5
5/8/2015,8.1
5/9/2015,9.9
5/10/2015,25.5
5/11/2015,10.9
5/12/2015,7.6
5/13/2015,1.1
5/14/2015,2
5/15/2015,1.9
5/16/2015,1.4
5/17/2015,1.8
5/18/2015,1.2
5/19/2015,1.1
5/20/2015,0
5/21/2015,0.4
5/22/2015,0.1
5/23/2015,1.5
5/24/2015,1.2
5/25/2015,0
5/26/2015,1.5
5/27/2015,1.7
5/28/2015,0
5/29/2015,4.2
5/30/2015,1.3
5/31/2015,4.1
6/1/2015,1.2
6/2/2015,3.9
6/3/2015,4.4
6/4/2015,13.4
6/5/2015,15.1
6/6/2015,0.1
6/7/2015,0
6/8/2015,0
6/9/2015,0.2
6/10/2015,0
6/11/2015,3
6/12/2015,1.9
6/13/2015,2.5
6/14/2015,0.3
6/15/2015,5.3
6/16/2015,3.3
6/17/2015,4
6/18/2015,4
6/19/2015,3.3
6/20/2015,1.4
6/21/2015,0.7
6/22/2015,0
6/23/2015,0
6/24/2015,0
6/25/2015,1.2
6/26/2015,4.7
6/27/2015,17.1
6/28/2015,4.5
6/29/2015,4
6/30/2015,3.4
7/1/2015,1.4
7/2/2015,1.2
7/3/2015,2.9
7/4/2015,3.1
7/5/2015,4.3
7/6/2015,3.1
7/7/2015,0
7/8/2015,2.6
7/9/2015,0.2
7/10/2015,6.9
7/11/2015,6.1
7/12/2015,3.7
7/13/2015,0.9
7/14/2015,4.4
7/15/2015,8.7
7/16/2015,5.6
7/17/2015,25.5
7/18/2015,4.3
7/19/2015,13.1
7/20/2015,0.8
7/21/2015,2.8
7/22/2015,7.5
7/23/2015,5.7
7/24/2015,5.6
7/25/2015,2.5
7/26/2015,0.5
7/27/2015,0.2
7/28/2015,0
7/29/2015,0.2
7/30/2015,0
7/31/2015,0
8/1/2015,0.5
8/2/2015,1.9
8/3/2015,2.4
8/4/2015,3.3
8/5/2015,4.5
8/6/2015,1.4
8/7/2015,2.8
8/8/2015,1
8/9/2015,4
8/10/2015,8.9
8/11/2015,5.3
8/12/2015,3.4
8/13/2015,2.4
8/14/2015,1.5
8/15/2015,6.9
8/16/2015,12.7
8/17/2015,39.7
8/18/2015,32
8/19/2015,0.6
8/20/2015,1.8
8/21/2015,0.2
8/22/2015,1.4
8/23/2015,1.4
8/24/2015,1.9
8/25/2015,3.4
8/26/2015,1.6
8/27/2015,3.9
8/28/2015,2.6
8/29/2015,1.7
8/30/2015,1.9
8/31/2015,0
9/1/2015,1.6
9/2/2015,1.2
9/3/2015,9.6
9/4/2015,4.5
9/5/2015,10.7
9/6/2015,2.9
9/7/2015,0.2
9/8/2015,3
9/9/2015,0
9/10/2015,8.3
9/11/2015,1.1
9/12/2015,3
9/13/2015,2.1
9/14/2015,3.7
9/15/2015,3.9
9/16/2015,3.1
9/17/2015,3.6
9/18/2015,2.2
9/19/2015,2.7
9/20/2015,8.1
9/21/2015,0.5
9/22/2015,1
9/23/2015,6.8
9/24/2015,9.6
9/25/2015,3.8
9/26/2015,8.5
9/27/2015,3.6
9/28/2015,4.4
9/29/2015,1.1
9/30/2015,6.5
10/1/2015,4.6
10/2/2015,2.5
10/3/2015,1.7
10/4/2015,6.3
10/5/2015,5.4
10/6/2015,1.9
10/7/2015,0.6
10/8/2015,2.2
10/9/2015,4.7
10/10/2015,0.9
10/11/2015,2.4
10/12/2015,8.7
10/13/2015,52.8
10/14/2015,75.8
10/15/2015,27.8
10/16/2015,29.4
10/17/2015,19.4
10/18/2015,105.7
10/19/2015,28.6
10/20/2015,131.6
10/21/2015,1.4
10/22/2015,17.2
10/23/2015,72.5
10/24/2015,16.3
10/25/2015,23.3
10/26/2015,77.9
10/27/2015,99.5
10/28/2015,8.6
10/29/2015,9.2
10/30/2015,35.6
10/31/2015,4.3
11/1/2015,57.8
11/2/2015,70.5
11/3/2015,2.6
11/4/2015,13.3
11/5/2015,7.9
11/6/2015,27.9
11/7/2015,14.3
11/8/2015,19.9
11/9/2015,6.1
11/10/2015,1.8
11/11/2015,0.1
11/12/2015,16
11/13/2015,33.1
11/14/2015,42.3
11/15/2015,42.6
11/16/2015,1.8
11/17/2015,1.5
11/18/2015,2.2
11/19/2015,31.8
11/20/2015,8.5
11/21/2015,7
11/22/2015,27.3
11/23/2015,16
11/24/2015,5.1
11/25/2015,0.5
11/26/2015,0
11/27/2015,0.1
11/28/2015,7.1
11/29/2015,12.9
11/30/2015,21.6
12/1/2015,26.6
12/2/2015,5.1
12/3/2015,4.1
12/4/2015,13.4
12/5/2015,41.6
12/6/2015,14.3
12/7/2015,21.9
12/8/2015,29
12/9/2015,10.9
12/10/2015,26
12/11/2015,38.6
12/12/2015,13.2
12/13/2015,20.9
12/14/2015,25.6
12/15/2015,19.7
12/16/2015,2.8
12/17/2015,0.6
12/18/2015,15.8
12/19/2015,27.6
12/20/2015,0
12/21/2015,0.6
12/22/2015,0
12/23/2015,0
12/24/2015,0
12/25/2015,0
12/26/2015,0.4
12/27/2015,3.3
12/28/2015,0.2
12/29/2015,4.8
12/30/2015,0.1
12/31/2015,0
1/1/2016,0.9
1/2/2016,0.6
1/3/2016,0
1/4/2016,0
1/5/2016,0.8
1/6/2016,3.1
1/7/2016,0.9
1/8/2016,0.1
1/9/2016,0
1/10/2016,1.4
1/11/2016,0
1/12/2016,0
1/13/2016,0
1/14/2016,0
1/15/2016,0
1/16/2016,0
1/17/2016,0
1/18/2016,0
1/19/2016,0
1/20/2016,0
1/21/2016,0
1/22/2016,0
1/23/2016,2.3
1/24/2016,12.3
1/25/2016,0.9
1/26/2016,0
1/27/2016,0
1/28/2016,0
1/29/2016,0
1/30/2016,0
1/31/2016,0
2/1/2016,0
2/2/2016,0
2/3/2016,0
2/4/2016,0
2/5/2016,0
2/6/2016,0.6
2/7/2016,0
2/8/2016,0
2/9/2016,0.3
2/10/2016,0
2/11/2016,0
2/12/2016,0
2/13/2016,0
2/14/2016,0
2/15/2016,7.7
2/16/2016,2.8
2/17/2016,2.2
2/18/2016,1.6
2/19/2016,0.9
2/20/2016,0.5
2/21/2016,0
2/22/2016,0
2/23/2016,1
2/24/2016,1.8
2/25/2016,2
2/26/2016,0
2/27/2016,0.1
2/28/2016,0.3
2/29/2016,0.6
3/1/2016,0
3/2/2016,0
3/3/2016,0
3/4/2016,0
3/5/2016,0.1
3/6/2016,0
3/7/2016,1
3/8/2016,1.2
3/9/2016,0
3/10/2016,5.9
3/11/2016,4.4
3/12/2016,0
3/13/2016,0.9
3/14/2016,2.5
3/15/2016,0
3/16/2016,0.7
3/17/2016,0
3/18/2016,1.1
3/19/2016,3.5
3/20/2016,0
3/21/2016,0
3/22/2016,0.1
3/23/2016,0
3/24/2016,0
3/25/2016,0
3/26/2016,0
3/27/2016,0.9
3/28/2016,10.7
3/29/2016,5.1
3/30/2016,10.7
3/31/2016,0.3
4/1/2016,2.5
4/2/2016,0
4/3/2016,0.6
4/4/2016,0
4/5/2016,3.6
4/6/2016,4.4
4/7/2016,5.1
4/8/2016,0
4/9/2016,0.5
4/10/2016,2.2
4/11/2016,0.1
4/12/2016,1.9
4/13/2016,1
4/14/2016,0
4/15/2016,0.4
4/16/2016,4.3
4/17/2016,2.8
4/18/2016,2.3
4/19/2016,32.4
4/20/2016,3.4
4/21/2016,1.6
4/22/2016,1.6
4/23/2016,2.1
4/24/2016,2.4
4/25/2016,1.8
4/26/2016,13.8
4/27/2016,6.4
4/28/2016,2.2
4/29/2016,0.9
4/30/2016,30.2
5/1/2016,15.9
5/2/2016,8
5/3/2016,2.5
5/4/2016,1.7
5/5/2016,4.7
5/6/2016,10.4
5/7/2016,1.6
5/8/2016,13.9
5/9/2016,13
5/10/2016,29.5
5/11/2016,13.9
5/12/2016,18.1
5/13/2016,43.7
5/14/2016,49.7
5/15/2016,259.5
5/16/2016,112.9
5/17/2016,48.8
5/18/2016,3.9
5/19/2016,11.5
5/20/2016,7.2
5/21/2016,2.8
5/22/2016,1.5
5/23/2016,2.4
5/24/2016,1.7
5/25/2016,2.8
5/26/2016,2.2
5/27/2016,5.2
5/28/2016,5.1
5/29/2016,2.7
5/30/2016,2.8
5/31/2016,3.3
6/1/2016,3
6/2/2016,2.3
6/3/2016,1.7
6/4/2016,2.4
6/5/2016,2.4
6/6/2016,2.8
6/7/2016,1.2
6/8/2016,3.5
6/9/2016,0.9
6/10/2016,2.8
6/11/2016,0.3
6/12/2016,5.9
6/13/2016,3
6/14/2016,3.8
6/15/2016,2.1
6/16/2016,4.4
6/17/2016,3.7
6/18/2016,9
6/19/2016,6.7
6/20/2016,15.1
6/21/2016,5.2
6/22/2016,4.4
6/23/2016,3.9
6/24/2016,1.1
6/25/2016,0.8
6/26/2016,2.3
6/27/2016,4.3
6/28/2016,4.6
6/29/2016,1.7
6/30/2016,1.9
7/1/2016,5.3
7/2/2016,0
7/3/2016,0
7/4/2016,2.5
7/5/2016,0.2
7/6/2016,2
7/7/2016,0
7/8/2016,2.4
7/9/2016,5.5
7/10/2016,5.9
7/11/2016,5.9
7/12/2016,3.6
7/13/2016,2.4
7/14/2016,5.7
7/15/2016,6.7
7/16/2016,4
7/17/2016,0.3
7/18/2016,2.1
7/19/2016,0
7/20/2016,0.4
7/21/2016,2.2
7/22/2016,1.8
7/23/2016,4.9
7/24/2016,11.2
7/25/2016,9
7/26/2016,7
7/27/2016,10.8
7/28/2016,0
7/29/2016,4.4
7/30/2016,3
7/31/2016,3.1
8/1/2016,3.6
8/2/2016,0.5
8/3/2016,0.3
8/4/2016,1.4
8/5/2016,1.7
8/6/2016,0.1
8/7/2016,1.7
8/8/2016,2.6
8/9/2016,2.9
8/10/2016,2.1
8/11/2016,1.5
8/12/2016,4
8/13/2016,2.5
8/14/2016,2.7
8/15/2016,5.9
8/16/2016,7.9
8/17/2016,3.6
8/18/2016,3.6
8/19/2016,1
8/20/2016,1.1
8/21/2016,2.1
8/22/2016,11.8
8/23/2016,6.7
8/24/2016,3.4
8/25/2016,5.2
8/26/2016,4.5
8/27/2016,2.5
8/28/2016,1.7
8/29/2016,1.7
8/30/2016,5.6
8/31/2016,3.7
9/1/2016,0.9
9/2/2016,5.1
9/3/2016,1.3
9/4/2016,1
9/5/2016,0
9/6/2016,1.5
9/7/2016,0
9/8/2016,0
9/9/2016,1.5
9/10/2016,0.5
9/11/2016,0.5
9/12/2016,2.1
9/13/2016,1.4
9/14/2016,3.4
9/15/2016,3.6
9/16/2016,0.4
9/17/2016,1.6
9/18/2016,7.4
9/19/2016,0.1
9/20/2016,3.7
9/21/2016,2.7
9/22/2016,2.1
9/23/2016,2.4
9/24/2016,2.5
9/25/2016,3.8
9/26/2016,0.8
9/27/2016,1.8
9/28/2016,1.7
9/29/2016,2.2
9/30/2016,3.6
10/1/2016,0
10/2/2016,0
10/3/2016,0.2
10/4/2016,0.8
10/5/2016,0.5
10/6/2016,0.2
10/7/2016,0
10/8/2016,0
10/9/2016,2.6
10/10/2016,0
10/11/2016,0
10/12/2016,0
10/13/2016,0
10/14/2016,2.4
10/15/2016,2.1
10/16/2016,4.9
10/17/2016,0
10/18/2016,1.4
10/19/2016,2.9
10/20/2016,3.9
10/21/2016,0.1
10/22/2016,2
10/23/2016,1.9
10/24/2016,4.1
10/25/2016,1.7
10/26/2016,3.8
10/27/2016,2.2
10/28/2016,0
10/29/2016,1.8
10/30/2016,6
10/31/2016,22.2
11/1/2016,18.7
11/2/2016,4.5
11/3/2016,6.1
11/4/2016,11
11/5/2016,1.6
11/6/2016,4.3
11/7/2016,0
11/8/2016,0.2
11/9/2016,5.2
11/10/2016,0.3
11/11/2016,0.3
11/12/2016,8.6
11/13/2016,23.6
11/14/2016,7.9
11/15/2016,3.5
11/16/2016,6.8
11/17/2016,10.4
11/18/2016,24.8
11/19/2016,16
11/20/2016,52
11/21/2016,20.5
11/22/2016,36
11/23/2016,18.5
11/24/2016,1
11/25/2016,0
11/26/2016,0
11/27/2016,0
11/28/2016,0
11/29/2016,0.1
11/30/2016,1.8
12/1/2016,0.1
12/2/2016,0
12/3/2016,0
12/4/2016,1.3
12/5/2016,0
12/6/2016,0
12/7/2016,0
12/8/2016,3.2
12/9/2016,2.1
12/10/2016,1.6
12/11/2016,0.5
12/12/2016,0.8
12/13/2016,0.5
12/14/2016,0
12/15/2016,0
12/16/2016,0.9
12/17/2016,0.8
12/18/2016,0
12/19/2016,8.8
12/20/2016,14.2
12/21/2016,1.1
12/22/2016,0
12/23/2016,0
12/24/2016,0
12/25/2016,0
12/26/2016,0
12/27/2016,1.4
12/28/2016,4.6
12/29/2016,0.2
12/30/2016,0
12/31/2016,0
1/1/2017,1.7
1/2/2017,4.3
1/3/2017,0.6
1/4/2017,0
1/5/2017,0
1/6/2017,0
1/7/2017,0
1/8/2017,0
1/9/2017,0
1/10/2017,0
1/11/2017,0
1/12/2017,0
1/13/2017,0
1/14/2017,0
1/15/2017,0
1/16/2017,0
1/17/2017,0
1/18/2017,0
1/19/2017,0
1/20/2017,7.1
1/21/2017,0
1/22/2017,5.9
1/23/2017,15
1/24/2017,9.8
1/25/2017,12.5
1/26/2017,7.9
1/27/2017,21.1
1/28/2017,36
1/29/2017,1.3
1/30/2017,3.7
1/31/2017,0
2/1/2017,0
2/2/2017,0
2/3/2017,0
2/4/2017,0
2/5/2017,0
2/6/2017,0
2/7/2017,0
2/8/2017,0
2/9/2017,0
2/10/2017,0.3
2/11/2017,0.3
2/12/2017,0
2/13/2017,0
2/14/2017,0.8
2/15/2017,0.2
2/16/2017,0
2/17/2017,0
2/18/2017,0.6
2/19/2017,12.2
2/20/2017,0
2/21/2017,0
2/22/2017,0
2/23/2017,0.4
2/24/2017,0.3
2/25/2017,5.9
2/26/2017,3.8
2/27/2017,1.5
2/28/2017,5.4
3/1/2017,12
3/2/2017,1.7
3/3/2017,4.1
3/4/2017,13.9
3/5/2017,0
3/6/2017,1.3
3/7/2017,3.8
3/8/2017,6.6
3/9/2017,2.8
3/10/2017,27
3/11/2017,19
3/12/2017,12.5
3/13/2017,12.6
3/14/2017,7.5
3/15/2017,15.7
3/16/2017,0.2
3/17/2017,0
3/18/2017,0.3
3/19/2017,0.5
3/20/2017,0.2
3/21/2017,0
3/22/2017,0
3/23/2017,0
3/24/2017,0.5
3/25/2017,1.5
3/26/2017,0.1
3/27/2017,0.7
3/28/2017,7
3/29/2017,14
3/30/2017,6.1
3/31/2017,3.7
4/1/2017,1
4/2/2017,1.3
4/3/2017,12.9
4/4/2017,5
4/5/2017,0.2
4/6/2017,0
4/7/2017,0
4/8/2017,0.2
4/9/2017,0.7
4/10/2017,1.3
4/11/2017,13.1
4/12/2017,14.5
4/13/2017,19.6
4/14/2017,0.4
4/15/2017,0.1
4/16/2017,0
4/17/2017,0.8
4/18/2017,0.3
4/19/2017,0.7
4/20/2017,0
4/21/2017,0
4/22/2017,0.3
4/23/2017,2.9
4/24/2017,1.9
4/25/2017,2.5
4/26/2017,1.7
4/27/2017,1.4
4/28/2017,0
4/29/2017,0
4/30/2017,0
5/1/2017,0.4
5/2/2017,0.5
5/3/2017,0.5
5/4/2017,12.1
5/5/2017,3.2
5/6/2017,11.8
5/7/2017,36.5
5/8/2017,9.6
5/9/2017,4.4
5/10/2017,0.8
5/11/2017,3
5/12/2017,2.4
5/13/2017,2.3
5/14/2017,2
5/15/2017,2.4
5/16/2017,1.7
5/17/2017,2.6
5/18/2017,7.1
5/19/2017,1.8
5/20/2017,1.4
5/21/2017,4.2
5/22/2017,6.6
5/23/2017,1.1
5/24/2017,2.2
5/25/2017,2.2
5/26/2017,2.5
5/27/2017,3.2
5/28/2017,5.2
5/29/2017,11.8
5/30/2017,20.8
5/31/2017,5.4
6/1/2017,16.9
6/2/2017,8
6/3/2017,4
6/4/2017,5.1
6/5/2017,3.4
6/6/2017,1
6/7/2017,3.9
6/8/2017,1.7
6/9/2017,2.5
6/10/2017,5.2
6/11/2017,1.7
6/12/2017,0.9
6/13/2017,2.3
6/14/2017,2.1
6/15/2017,1.8
6/16/2017,3.2
6/17/2017,2.1
6/18/2017,2.2
6/19/2017,1.5
6/20/2017,3.9
6/21/2017,0.7
6/22/2017,2.2
6/23/2017,3.1
6/24/2017,6
6/25/2017,3.3
6/26/2017,2.5
6/27/2017,7
6/28/2017,2.5
6/29/2017,0.3
6/30/2017,1.9
7/1/2017,3.3
7/2/2017,2.1
7/3/2017,2.9
7/4/2017,0.3
7/5/2017,0.4
7/6/2017,3.7
7/7/2017,4
7/8/2017,2.7
7/9/2017,4.1
7/10/2017,2.5
7/11/2017,2.9
7/12/2017,1.3
7/13/2017,0
7/14/2017,0.7
7/15/2017,0.9
7/16/2017,1
7/17/2017,1.1
7/18/2017,1
7/19/2017,1
7/20/2017,0.2
7/21/2017,0.8
7/22/2017,0.8
7/23/2017,1.4
7/24/2017,0.6
7/25/2017,0
7/26/2017,1.2
7/27/2017,3.8
7/28/2017,5.1
7/29/2017,2.5
7/30/2017,10.6
7/31/2017,5.6
8/1/2017,2.2
8/2/2017,5.2
8/3/2017,4.3
8/4/2017,5.7
8/5/2017,7.1
8/6/2017,9.2
8/7/2017,2.7
8/8/2017,2.1
8/9/2017,2
8/10/2017,10
8/11/2017,3.9
8/12/2017,0
8/13/2017,2.5
8/14/2017,0
8/15/2017,0
8/16/2017,0
8/17/2017,1.3
8/18/2017,11
8/19/2017,4
8/20/2017,4.5
8/21/2017,3.3
8/22/2017,4.3
8/23/2017,6.9
8/24/2017,2
8/25/2017,1.2
8/26/2017,0.5
8/27/2017,4.4
8/28/2017,9.7
8/29/2017,4.6
8/30/2017,1.3
8/31/2017,4.6
9/1/2017,41.5
9/2/2017,94.2
9/3/2017,5.6
9/4/2017,3.5
9/5/2017,10.1
9/6/2017,9.5
9/7/2017,9.3
9/8/2017,4.2
9/9/2017,3.1
9/10/2017,1.8
9/11/2017,2.3
9/12/2017,13
9/13/2017,16.6
9/14/2017,2.9
9/15/2017,0
9/16/2017,0.7
9/17/2017,4
9/18/2017,0.3
9/19/2017,0
9/20/2017,3.4
9/21/2017,3.4
9/22/2017,0.4
9/23/2017,0
9/24/2017,1.3
9/25/2017,2.1
9/26/2017,2.1
9/27/2017,2.9
9/28/2017,3.4
9/29/2017,0
9/30/2017,1.9
10/1/2017,2
10/2/2017,1.2
10/3/2017,2.3
10/4/2017,2
10/5/2017,2.3
10/6/2017,1.8
10/7/2017,8.8
10/8/2017,3.1
10/9/2017,1.8
10/10/2017,3.1
10/11/2017,6.2
10/12/2017,4.8
10/13/2017,3.9
10/14/2017,16.2
10/15/2017,7.5
10/16/2017,5.3
10/17/2017,0.5
10/18/2017,2.5
10/19/2017,2.5
10/20/2017,2
10/21/2017,0
10/22/2017,1.7
10/23/2017,2.6
10/24/2017,5.9
10/25/2017,3.1
10/26/2017,30.5
10/27/2017,4.2
10/28/2017,4.9
10/29/2017,16.8
10/30/2017,12.4
10/31/2017,131.5
11/1/2017,9
11/2/2017,8.7
11/3/2017,10.9
11/4/2017,117.2
11/5/2017,65.1
11/6/2017,6.8
11/7/2017,12.9
11/8/2017,27.3
11/9/2017,13.6
11/10/2017,10.1
11/11/2017,5.1
11/12/2017,0
11/13/2017,2.4
11/14/2017,0
11/15/2017,0
11/16/2017,0
11/17/2017,0
11/18/2017,0.7
11/19/2017,6.6
11/20/2017,12
11/21/2017,2.3
11/22/2017,6.7
11/23/2017,2.4
11/24/2017,0
11/25/2017,19
11/26/2017,26.3
11/27/2017,9.6
11/28/2017,6.9
11/29/2017,34.6
11/30/2017,24.7
12/1/2017,10.5
12/2/2017,3.4
12/3/2017,5.5
12/4/2017,5.7
12/5/2017,0.6
12/6/2017,1.4
12/7/2017,0.4
12/8/2017,0
12/9/2017,0
12/10/2017,0.2
12/11/2017,6.6
12/12/2017,8.6
12/13/2017,10.6
12/14/2017,10.3
12/15/2017,0.3
12/16/2017,0
12/17/2017,0
12/18/2017,0
12/19/2017,2.3
12/20/2017,10
12/21/2017,0
12/22/2017,0
12/23/2017,0
12/24/2017,0
12/25/2017,0.1
12/26/2017,4.3
12/27/2017,0.2
12/28/2017,0
12/29/2017,0
12/30/2017,0
12/31/2017,0
1/1/2018,0
1/2/2018,0
1/3/2018,0
1/4/2018,0
1/5/2018,0
1/6/2018,0
1/7/2018,0
1/8/2018,0
1/9/2018,2
1/10/2018,5.3
1/11/2018,2.9
1/12/2018,0
1/13/2018,5
1/14/2018,0.6
1/15/2018,0
1/16/2018,0
1/17/2018,0
1/18/2018,0
1/19/2018,0
1/20/2018,0
1/21/2018,0
1/22/2018,0
1/23/2018,0
1/24/2018,0
1/25/2018,0
1/26/2018,0
1/27/2018,0
1/28/2018,0.1
1/29/2018,0.4
1/30/2018,4.7
1/31/2018,17.3
2/1/2018,0
2/2/2018,0
2/3/2018,0
2/4/2018,8.4
2/5/2018,3.8
2/6/2018,3.7
2/7/2018,2.4
2/8/2018,1.3
2/9/2018,0
2/10/2018,0
2/11/2018,0
2/12/2018,0.9
2/13/2018,0
2/14/2018,0.6
2/15/2018,0
2/16/2018,0.2
2/17/2018,0
2/18/2018,0
2/19/2018,0
2/20/2018,0
2/21/2018,0
2/22/2018,0
2/23/2018,0
2/24/2018,0.4
2/25/2018,0.6
2/26/2018,0.8
2/27/2018,2.8
2/28/2018,8.4
3/1/2018,1.8
3/2/2018,1.8
3/3/2018,12.2
3/4/2018,0.2
3/5/2018,0.1
3/6/2018,0
3/7/2018,0.4
3/8/2018,0.3
3/9/2018,1
3/10/2018,8.8
3/11/2018,2.6
3/12/2018,16.8
3/13/2018,6.5
3/14/2018,22.8
3/15/2018,5
3/16/2018,6.1
3/17/2018,0.6
3/18/2018,1
3/19/2018,0
3/20/2018,2.3
3/21/2018,0.3
3/22/2018,0
3/23/2018,0
3/24/2018,0
3/25/2018,0
3/26/2018,18.5
3/27/2018,9.9
3/28/2018,2.9
3/29/2018,4.8
3/30/2018,1.5
3/31/2018,1.6
4/1/2018,1.6
4/2/2018,1.6
4/3/2018,1.3
4/4/2018,0
4/5/2018,0.2
4/6/2018,2.9
4/7/2018,13.2
4/8/2018,6.5
4/9/2018,13.4
4/10/2018,2.6
4/11/2018,9.8
4/12/2018,25.4
4/13/2018,99.4
4/14/2018,45.5
4/15/2018,15.4
4/16/2018,1.8
4/17/2018,6.7
4/18/2018,28.3
4/19/2018,4.1
4/20/2018,2.4
4/21/2018,0
4/22/2018,1.4
4/23/2018,1
4/24/2018,3.1
4/25/2018,11
4/26/2018,13.4
4/27/2018,22.5
4/28/2018,14.8
4/29/2018,1.9
4/30/2018,0.5
5/1/2018,1.9
5/2/2018,2.8
5/3/2018,1.4
5/4/2018,3.8
5/5/2018,18.4
5/6/2018,2.7
5/7/2018,6.6
5/8/2018,8.5
5/9/2018,10.8
5/10/2018,15.4
5/11/2018,8.1
5/12/2018,12
5/13/2018,8
5/14/2018,10.4
5/15/2018,10.2
5/16/2018,38.1
5/17/2018,4.6
5/18/2018,19
5/19/2018,4
5/20/2018,12.7
5/21/2018,4.6
5/22/2018,1.3
5/23/2018,6.2
5/24/2018,28.7
5/25/2018,10.9
5/26/2018,0.8
5/27/2018,5
5/28/2018,6
5/29/2018,4.2
5/30/2018,2.6
5/31/2018,2.7
6/1/2018,2.1
6/2/2018,7.2
6/3/2018,6
6/4/2018,2.1
6/5/2018,1.7
6/6/2018,10.2
6/7/2018,10.6
6/8/2018,12
6/9/2018,13.7
6/10/2018,6.6
6/11/2018,3.8
6/12/2018,2
6/13/2018,3.2
6/14/2018,3.8
6/15/2018,2.5
6/16/2018,4.7
6/17/2018,3.3
6/18/2018,1.7
6/19/2018,2
6/20/2018,0.4
6/21/2018,4.3
6/22/2018,2.6
6/23/2018,2.5
6/24/2018,2.3
6/25/2018,3.3
6/26/2018,4.5
6/27/2018,2.6
6/28/2018,2.5
6/29/2018,3.1
6/30/2018,4.4
7/1/2018,3.5
7/2/2018,2
7/3/2018,0.6
7/4/2018,0.1
7/5/2018,0.3
7/6/2018,3.8
7/7/2018,5.4
7/8/2018,6.5
7/9/2018,5.4
7/10/2018,11.1
7/11/2018,10.1
7/12/2018,3.6
7/13/2018,5.3
7/14/2018,3.8
7/15/2018,7.7
7/16/2018,12.1
7/17/2018,4.2
7/18/2018,3.4
7/19/2018,2.6
7/20/2018,0.2
7/21/2018,0.5
7/22/2018,0
7/23/2018,2.5
7/24/2018,4.8
7/25/2018,4.2
7/26/2018,3.5
7/27/2018,1.9
7/28/2018,0
7/29/2018,1.1
7/30/2018,2.4
7/31/2018,4.3
8/1/2018,2.3
8/2/2018,2.2
8/3/2018,1.4
8/4/2018,3.2
8/5/2018,2.9
8/6/2018,5.5
8/7/2018,4.4
8/8/2018,9
8/9/2018,2.3
8/10/2018,4.5
8/11/2018,6.2
8/12/2018,9.1
8/13/2018,2.9
8/14/2018,6.7
8/15/2018,23.5
8/16/2018,18.8
8/17/2018,11.1
8/18/2018,12.9
8/19/2018,14.8
8/20/2018,5.1
8/21/2018,1.7
8/22/2018,0.3
8/23/2018,0.1
8/24/2018,0.4
8/25/2018,0
8/26/2018,0.3
8/27/2018,1.9
8/28/2018,0.6
8/29/2018,1.3
8/30/2018,1
8/31/2018,2.6
9/1/2018,0
9/2/2018,0.7
9/3/2018,0.2
9/4/2018,0
9/5/2018,0
9/6/2018,0
9/7/2018,0
9/8/2018,0
9/9/2018,0.2
9/10/2018,10.1
9/11/2018,0
9/12/2018,0
9/13/2018,0.3
9/14/2018,3.5
9/15/2018,0
9/16/2018,0
9/17/2018,2.7
9/18/2018,4.1
9/19/2018,3.3
9/20/2018,3.8
9/21/2018,2.7
9/22/2018,3.6
9/23/2018,5.2
9/24/2018,10.5
9/25/2018,1.7
9/26/2018,8.4
9/27/2018,14.3
9/28/2018,39.8
9/29/2018,47.7
9/30/2018,20
10/1/2018,22
10/2/2018,23
10/3/2018,30.6
10/4/2018,31.6
10/5/2018,30.3
10/6/2018,27.9
10/7/2018,44.4
10/8/2018,34.7
10/9/2018,3.4
10/10/2018,0.1
10/11/2018,1.4
10/12/2018,5.6
10/13/2018,22.5
10/14/2018,5.3
10/15/2018,1.8
10/16/2018,24.3
10/17/2018,7.8
10/18/2018,1.3
10/19/2018,7.3
10/20/2018,33.5
10/21/2018,7.6
10/22/2018,13.9
10/23/2018,12.4
10/24/2018,15.2
10/25/2018,18.5
10/26/2018,24.1
10/27/2018,15.9
10/28/2018,11.3
10/29/2018,2.1
10/30/2018,1.2
10/31/2018,7.3
11/1/2018,10.5
11/2/2018,16.8
11/3/2018,16
11/4/2018,2.2
11/5/2018,76
11/6/2018,51.2
11/7/2018,15
11/8/2018,31.7
11/9/2018,31.5
11/10/2018,0.4
11/11/2018,0
11/12/2018,0.7
11/13/2018,0
11/14/2018,0
11/15/2018,0
11/16/2018,3.2
11/17/2018,14.6
11/18/2018,32.9
11/19/2018,19
11/20/2018,5.3
11/21/2018,6.3
11/22/2018,7.4
11/23/2018,27.4
11/24/2018,27.2
11/25/2018,2.1
11/26/2018,1.6
11/27/2018,1.8
11/28/2018,19.6
11/29/2018,19
11/30/2018,0.9
12/1/2018,0
12/2/2018,0
12/3/2018,9.5
12/4/2018,7.3
12/5/2018,5.9
12/6/2018,0
12/7/2018,0.3
12/8/2018,0.1
12/9/2018,0
12/10/2018,0
12/11/2018,0
12/12/2018,0
12/13/2018,0
12/14/2018,0.7
12/15/2018,1.9
12/16/2018,0
12/17/2018,0
12/18/2018,0
12/19/2018,0
12/20/2018,1.1
12/21/2018,5.2
12/22/2018,19.6
12/23/2018,15.5
12/24/2018,12.9
12/25/2018,1.3
12/26/2018,13.1
12/27/2018,8.1
12/28/2018,0
12/29/2018,0
12/30/2018,0
12/31/2018,0.3
1/1/2019,0
1/2/2019,0
1/3/2019,0
1/4/2019,0
1/5/2019,0
1/6/2019,0
1/7/2019,0
1/8/2019,0
1/9/2019,0
1/10/2019,0.1
1/11/2019,0.2
1/12/2019,2.6
1/13/2019,0.7
1/14/2019,0.9
1/15/2019,1
1/16/2019,0.9
1/17/2019,0
1/18/2019,0
1/19/2019,0
1/20/2019,0
1/21/2019,0
1/22/2019,0
1/23/2019,0
1/24/2019,0
1/25/2019,0
1/26/2019,0
1/27/2019,0
1/28/2019,0
1/29/2019,0
1/30/2019,0
1/31/2019,0
2/1/2019,0.1
2/2/2019,1.5
2/3/2019,1.3
2/4/2019,7.1
2/5/2019,3.5
2/6/2019,0.6
2/7/2019,0.4
2/8/2019,20.2
2/9/2019,185.2
2/10/2019,1.2
2/11/2019,0
2/12/2019,0.1
2/13/2019,0
2/14/2019,0.1
2/15/2019,1.9
2/16/2019,21.6
2/17/2019,4.3
2/18/2019,1.6
2/19/2019,0
2/20/2019,0
2/21/2019,0
2/22/2019,0
2/23/2019,0
2/24/2019,0
2/25/2019,0.7
2/26/2019,1.7
2/27/2019,1.1
2/28/2019,2.4
3/1/2019,0
3/2/2019,0
3/3/2019,1.7
3/4/2019,0.5
3/5/2019,0.7
3/6/2019,1.1
3/7/2019,0
3/8/2019,0
3/9/2019,1.1
3/10/2019,0
3/11/2019,0
3/12/2019,0
3/13/2019,0.1
3/14/2019,0
3/15/2019,0.1
3/16/2019,1.2
3/17/2019,15.3
3/18/2019,2.7
3/19/2019,0
3/20/2019,0
3/21/2019,14.2
3/22/2019,3.6
3/23/2019,0.4
3/24/2019,0
3/25/2019,0
3/26/2019,0
3/27/2019,0
3/28/2019,0
3/29/2019,0
3/30/2019,0
3/31/2019,0
4/1/2019,0
4/2/2019,0
4/3/2019,0
4/4/2019,0
4/5/2019,0
4/6/2019,0
4/7/2019,0
4/8/2019,0.6
4/9/2019,0.1
4/10/2019,1.7
4/11/2019,3.9
4/12/2019,0.2
4/13/2019,0
4/14/2019,0.5
4/15/2019,0.2
4/16/2019,39.2
4/17/2019,15.4
4/18/2019,37
4/19/2019,40
4/20/2019,33
4/21/2019,2.1
4/22/2019,0.4
4/23/2019,11
4/24/2019,0
4/25/2019,3.5
4/26/2019,1.5
4/27/2019,0
4/28/2019,2
4/29/2019,4.4
4/30/2019,2
5/1/2019,1.5
5/2/2019,1.2
5/3/2019,3.1
5/4/2019,2.8
5/5/2019,0.3
5/6/2019,0
5/7/2019,0.3
5/8/2019,0
5/9/2019,0
5/10/2019,0.1
5/11/2019,0.8
5/12/2019,1.7
5/13/2019,1.2
5/14/2019,1.5
5/15/2019,1.2
5/16/2019,1.7
5/17/2019,1.3
5/18/2019,2
5/19/2019,2.3
5/20/2019,0.7
5/21/2019,1.2
5/22/2019,2.2
5/23/2019,3.1
5/24/2019,1
5/25/2019,2.7
5/26/2019,0
5/27/2019,0.8
5/28/2019,0.6
5/29/2019,4.8
5/30/2019,1.8
5/31/2019,0.4
6/1/2019,0.1
6/2/2019,1.2
6/3/2019,2.7
6/4/2019,2.8
6/5/2019,1.1
6/6/2019,2.1
6/7/2019,2.6
6/8/2019,0.2
6/9/2019,1.5
6/10/2019,0.8
6/11/2019,1.2
6/12/2019,3
6/13/2019,3
6/14/2019,2.6
6/15/2019,1.4
6/16/2019,2.3
6/17/2019,2
6/18/2019,2.9
6/19/2019,4.8
6/20/2019,7.6
6/21/2019,7.2
6/22/2019,5.5
6/23/2019,1.1
6/24/2019,3.7
6/25/2019,1.9
6/26/2019,0.1
6/27/2019,0
6/28/2019,0
6/29/2019,0.1
6/30/2019,0.3
7/1/2019,0
7/2/2019,0.4
7/3/2019,0.1
7/4/2019,0.2
7/5/2019,0
7/6/2019,0
7/7/2019,0.3
7/8/2019,0.7
7/9/2019,1
7/10/2019,1.1
7/11/2019,0.1
7/12/2019,1.9
7/13/2019,4.3
7/14/2019,2.3
7/15/2019,1
7/16/2019,2.1
7/17/2019,6
7/18/2019,52
7/19/2019,14.2
7/20/2019,7.6
7/21/2019,7.3
7/22/2019,3.6
7/23/2019,2
7/24/2019,0.9
7/25/2019,1.8
7/26/2019,1
7/27/2019,0
7/28/2019,0
7/29/2019,0
7/30/2019,0
7/31/2019,0.4
8/1/2019,1.2
8/2/2019,0.4
8/3/2019,0.2
8/4/2019,0.1
8/5/2019,1.3
8/6/2019,2.4
8/7/2019,1
8/8/2019,8.5
8/9/2019,2.5
8/10/2019,24.2
8/11/2019,3.8
8/12/2019,4.5
8/13/2019,31.7
8/14/2019,5.2
8/15/2019,1.1
8/16/2019,7
8/17/2019,9.5
8/18/2019,2.6
8/19/2019,0.5
8/20/2019,1.6
8/21/2019,4.8
8/22/2019,10.1
8/23/2019,7.3
8/24/2019,2.3
8/25/2019,1
8/26/2019,3
8/27/2019,0.2
8/28/2019,1.6
8/29/2019,4.4
8/30/2019,2.1
8/31/2019,1.7
9/1/2019,1.9
9/2/2019,0.6
9/3/2019,0.4
9/4/2019,0.5
9/5/2019,1.3
9/6/2019,1.8
9/7/2019,1.7
9/8/2019,0.1
9/9/2019,0
9/10/2019,3.1
9/11/2019,3
9/12/2019,8.8
9/13/2019,1.4
9/14/2019,1.2
9/15/2019,2
9/16/2019,2.9
9/17/2019,2.3
9/18/2019,2.8
9/19/2019,3
9/20/2019,1.4
9/21/2019,1.5
9/22/2019,16.4
9/23/2019,9.5
9/24/2019,4.8
9/25/2019,8.2
9/26/2019,12.5
9/27/2019,6.1
9/28/2019,7.8
9/29/2019,33.8
9/30/2019,43
10/1/2019,23.1
10/2/2019,2.2
10/3/2019,92.7
10/4/2019,3.3
10/5/2019,22.9
10/6/2019,23
10/7/2019,14.3
10/8/2019,6.7
10/9/2019,3.9
10/10/2019,11.3
10/11/2019,36.6
10/12/2019,38.1
10/13/2019,14.4
10/14/2019,5.4
10/15/2019,72.5
10/16/2019,53.9
10/17/2019,50.4
10/18/2019,18
10/19/2019,15
10/20/2019,58.1
10/21/2019,10.6
10/22/2019,7
10/23/2019,2.3
10/24/2019,16.2
10/25/2019,0.2
10/26/2019,4.8
10/27/2019,21
10/28/2019,24.2
10/29/2019,73.4
10/30/2019,9.8
10/31/2019,9.6
11/1/2019,0.6
11/2/2019,7.5
11/3/2019,14
11/4/2019,7.1
11/5/2019,0.8
11/6/2019,0
11/7/2019,0.4
11/8/2019,0.4
11/9/2019,2.4
11/10/2019,20.2
11/11/2019,7.2
11/12/2019,0.4
11/13/2019,0.9
11/14/2019,0.2
11/15/2019,19.7
11/16/2019,42
11/17/2019,1.9
11/18/2019,5.2
11/19/2019,17
11/20/2019,1.1
11/21/2019,0.3
11/22/2019,6.1
11/23/2019,6.9
11/24/2019,6.9
11/25/2019,10.8
11/26/2019,0
11/27/2019,0.8
11/28/2019,2.6
11/29/2019,12.8
11/30/2019,49.7
12/1/2019,8.6
12/2/2019,9.8
12/3/2019,3.2
12/4/2019,5.5
12/5/2019,25.1
12/6/2019,3.6
12/7/2019,3.5
12/8/2019,1.7
12/9/2019,1.1
12/10/2019,4.8
12/11/2019,2.9
12/12/2019,1.7
12/13/2019,4.4
12/14/2019,0.2
12/15/2019,0.1
12/16/2019,0
12/17/2019,0.6
12/18/2019,0.6
12/19/2019,2.1
12/20/2019,25.3
12/21/2019,1.2
12/22/2019,37.3
12/23/2019,10.8
12/24/2019,2.6
12/25/2019,0.3
12/26/2019,0
12/27/2019,0
12/28/2019,0
12/29/2019,0
12/30/2019,0
12/31/2019,0
1/1/2020,0.4
1/2/2020,0.2
1/3/2020,0
1/4/2020,0.2
1/5/2020,0
1/6/2020,0
1/7/2020,0.3
1/8/2020,0
1/9/2020,0
1/10/2020,0
1/11/2020,0.4
1/12/2020,0
1/13/2020,0
1/14/2020,0
1/15/2020,0
1/16/2020,0
1/17/2020,1.5
1/18/2020,0.2
1/19/2020,0.1
1/20/2020,0
1/21/2020,0
1/22/2020,0.1
1/23/2020,0
1/24/2020,0
1/25/2020,0
1/26/2020,0
1/27/2020,0
1/28/2020,0
1/29/2020,0
1/30/2020,0
1/31/2020,0
2/1/2020,0
2/2/2020,0
2/3/2020,0
2/4/2020,0
2/5/2020,0
2/6/2020,0
2/7/2020,0
2/8/2020,0
2/9/2020,0
2/10/2020,0
2/11/2020,0.1
2/12/2020,1.9
2/13/2020,0
2/14/2020,0.6
2/15/2020,0
2/16/2020,0
2/17/2020,0
2/18/2020,0
2/19/2020,0
2/20/2020,0
2/21/2020,0.8
2/22/2020,0.9
2/23/2020,0.4
2/24/2020,0
2/25/2020,0
2/26/2020,0
2/27/2020,0
2/28/2020,0.1
2/29/2020,0
3/1/2020,0
3/2/2020,0
3/3/2020,0
3/4/2020,0
3/5/2020,0
3/6/2020,1.4
3/7/2020,6
3/8/2020,0
3/9/2020,0.9
3/10/2020,0.2
3/11/2020,0.5
3/12/2020,0
3/13/2020,0
3/14/2020,0.8
3/15/2020,0
3/16/2020,0.9
3/17/2020,1.1
3/18/2020,4.2
3/19/2020,1.9
3/20/2020,0
3/21/2020,0
3/22/2020,0.1
3/23/2020,0
3/24/2020,0
3/25/2020,0
3/26/2020,0
3/27/2020,0
3/28/2020,0.5
3/29/2020,0
3/30/2020,0.1
3/31/2020,0
4/1/2020,0
4/2/2020,0
4/3/2020,0
4/4/2020,34.4
4/5/2020,14.4
4/6/2020,0
4/7/2020,0
4/8/2020,1.1
4/9/2020,0
4/10/2020,0.1
4/11/2020,2.8
4/12/2020,3
4/13/2020,1.6
4/14/2020,5.6
4/15/2020,4.8
4/16/2020,20.7
4/17/2020,13.7
4/18/2020,11.5
4/19/2020,6.6
4/20/2020,3.4
4/21/2020,8.2
4/22/2020,28.3
4/23/2020,15.1
4/24/2020,2.2
4/25/2020,1.9
4/26/2020,0.6
4/27/2020,0.5
4/28/2020,1.4
4/29/2020,1.5
4/30/2020,0.9
5/1/2020,2.3
5/2/2020,0
5/3/2020,0.2
5/4/2020,4.2
5/5/2020,1
5/6/2020,14.3
5/7/2020,8.7
5/8/2020,9.6
5/9/2020,5.7
5/10/2020,16.6
5/11/2020,15.8
5/12/2020,33.2
5/13/2020,13.7
5/14/2020,1.2
5/15/2020,13.8
5/16/2020,3.3
5/17/2020,6.1
5/18/2020,12.9
5/19/2020,9.5
5/20/2020,1.2
5/21/2020,7.4
5/22/2020,5
5/23/2020,0.2
5/24/2020,2.3
5/25/2020,1.9
5/26/2020,1.7
5/27/2020,1.4
5/28/2020,1.4
5/29/2020,0.9
5/30/2020,0.1
5/31/2020,0
6/1/2020,0.7
6/2/2020,0
6/3/2020,0
6/4/2020,0
6/5/2020,0.4
6/6/2020,6.9
6/7/2020,11.9
6/8/2020,0.2
6/9/2020,2.4
6/10/2020,3.5
6/11/2020,2.7
6/12/2020,3.3
6/13/2020,0.4
6/14/2020,2.4
6/15/2020,1.3
6/16/2020,1.7
6/17/2020,3.2
6/18/2020,0.2
6/19/2020,4.7
6/20/2020,2.7
6/21/2020,3.8
6/22/2020,2.2
6/23/2020,0.2
6/24/2020,0.9
6/25/2020,7.7
6/26/2020,2.8
6/27/2020,0.4
6/28/2020,3.9
6/29/2020,3.2
6/30/2020,0.3
7/1/2020,0.6
7/2/2020,2.7
7/3/2020,3.3
7/4/2020,0.6
7/5/2020,0.8
7/6/2020,1.7
7/7/2020,0.8
7/8/2020,3
7/9/2020,5.5
7/10/2020,10.7
7/11/2020,1.5
7/12/2020,1.6
7/13/2020,2
7/14/2020,0.3
7/15/2020,2.1
7/16/2020,5.2
7/17/2020,0
7/18/2020,4.1
7/19/2020,37.7
7/20/2020,12.5
7/21/2020,2.1
7/22/2020,0.4
7/23/2020,4.2
7/24/2020,0.5
7/25/2020,4.5
7/26/2020,4.4
7/27/2020,1
7/28/2020,7.6
7/29/2020,19.8
7/30/2020,4.8
7/31/2020,4.2
8/1/2020,5.7
8/2/2020,5.6
8/3/2020,5.1
8/4/2020,3.5
8/5/2020,3.5
8/6/2020,13
8/7/2020,9.3
8/8/2020,9.9
8/9/2020,35.5
8/10/2020,2.4
8/11/2020,3
8/12/2020,0
8/13/2020,0
8/14/2020,0
8/15/2020,0.2
8/16/2020,0
8/17/2020,0.7
8/18/2020,0
8/19/2020,0
8/20/2020,0
8/21/2020,0
8/22/2020,0.2
8/23/2020,2
8/24/2020,2.2
8/25/2020,1.5
8/26/2020,5.9
8/27/2020,2.8
8/28/2020,0
8/29/2020,0
8/30/2020,1.7
8/31/2020,2.7
9/1/2020,5.7
9/2/2020,6.9
9/3/2020,3.6
9/4/2020,0.3
9/5/2020,7.7
9/6/2020,42
9/7/2020,5.2
9/8/2020,2.3
9/9/2020,6.9
9/10/2020,2.4
9/11/2020,0.9
9/12/2020,3.5
9/13/2020,1.7
9/14/2020,0.7
9/15/2020,2.3
9/16/2020,2.1
9/17/2020,2.6
9/18/2020,31.5
9/19/2020,8.6
9/20/2020,13.4
9/21/2020,6.1
9/22/2020,6.3
9/23/2020,2.4
9/24/2020,12.8
9/25/2020,6.2
9/26/2020,5.7
9/27/2020,1.9
9/28/2020,6.7
9/29/2020,6.3
9/30/2020,1.9
10/1/2020,3.4
10/2/2020,1.3
10/3/2020,2.3
10/4/2020,2.3
10/5/2020,0
10/6/2020,0.3
10/7/2020,0
10/8/2020,2
10/9/2020,3
10/10/2020,0.2
10/11/2020,11.7
10/12/2020,4.1
10/13/2020,8.2
10/14/2020,7.7
10/15/2020,4.6
10/16/2020,3.9
10/17/2020,0
10/18/2020,0
10/19/2020,0.7
10/20/2020,1.1
10/21/2020,2.2
10/22/2020,3.9
10/23/2020,2
10/24/2020,1.9
10/25/2020,1.4
10/26/2020,1.5
10/27/2020,1.6
10/28/2020,0.5
10/29/2020,2.2
10/30/2020,0.8
10/31/2020,0.7
11/1/2020,0.2
11/2/2020,0
11/3/2020,1.2
11/4/2020,10.2
11/5/2020,14.9
11/6/2020,15.3
11/7/2020,3.9
11/8/2020,12.2
11/9/2020,38.1
11/10/2020,10.9
11/11/2020,40.4
11/12/2020,25.7
11/13/2020,14.5
11/14/2020,6
11/15/2020,152.6
11/16/2020,38
11/17/2020,54.3
11/18/2020,82.7
11/19/2020,22.7
11/20/2020,10.7
11/21/2020,1
11/22/2020,2.8
11/23/2020,2.7
11/24/2020,8.3
11/25/2020,2.5
11/26/2020,0
11/27/2020,0
11/28/2020,0
11/29/2020,0.9
11/30/2020,0.4
12/1/2020,7.9
12/2/2020,72
12/3/2020,8.1
12/4/2020,8.2
12/5/2020,7.5
12/6/2020,0
12/7/2020,0
12/8/2020,3.9
12/9/2020,0
12/10/2020,0.8
12/11/2020,0
12/12/2020,0
12/13/2020,0
12/14/2020,0
12/15/2020,12.7
12/16/2020,0.8
12/17/2020,2.2
12/18/2020,8.7
12/19/2020,7.6
12/20/2020,12.6
12/21/2020,26.8
12/22/2020,38.5
12/23/2020,12.7
12/24/2020,1
12/25/2020,0
12/26/2020,0.7
12/27/2020,10.2
12/28/2020,8.8
12/29/2020,0.2
12/30/2020,0.7
12/31/2020,21.7
1/1/2021,0.4
1/2/2021,4.7
1/3/2021,4.2
1/4/2021,9.3
1/5/2021,40.5
1/6/2021,45.5
1/7/2021,3.3
1/8/2021,11.2
1/9/2021,19.2
1/10/2021,16.1
1/11/2021,18.7
1/12/2021,50
1/13/2021,132.2
1/14/2021,11.5
1/15/2021,22.8
1/16/2021,6.5
1/17/2021,0.4
1/18/2021,1.7
1/19/2021,1.8
1/20/2021,2
1/21/2021,0.8
1/22/2021,0.5
1/23/2021,0
1/24/2021,0
1/25/2021,0
1/26/2021,0
1/27/2021,0
1/28/2021,0.2
1/29/2021,2.7
1/30/2021,6.8
1/31/2021,1.6
2/1/2021,0.7
2/2/2021,0.1
2/3/2021,0.3
2/4/2021,0
2/5/2021,0
2/6/2021,1.4
2/7/2021,0.3
2/8/2021,0.5
2/9/2021,0
2/10/2021,0
2/11/2021,0
2/12/2021,0
2/13/2021,0.5
2/14/2021,0.1
2/15/2021,0
2/16/2021,0
2/17/2021,0
2/18/2021,0
2/19/2021,1.7
2/20/2021,2.1
2/21/2021,2
2/22/2021,0.3
2/23/2021,0.7
2/24/2021,0
2/25/2021,0.1
2/26/2021,0
2/27/2021,0
2/28/2021,0
3/1/2021,0
3/2/2021,0
3/3/2021,0
3/4/2021,0
3/5/2021,0
3/6/2021,3.8
3/7/2021,2.5
3/8/2021,9.8
3/9/2021,0
3/10/2021,19.1
3/11/2021,36.3
3/12/2021,0.1
3/13/2021,0
3/14/2021,0.4
3/15/2021,0.2
3/16/2021,1.4
3/17/2021,0.1
3/18/2021,0
3/19/2021,5.6
3/20/2021,2.2
3/21/2021,23.8
3/22/2021,1
3/23/2021,6.8
3/24/2021,5.9
3/25/2021,7.2
3/26/2021,10.6
3/27/2021,3.2
3/28/2021,23.2
3/29/2021,2.8
3/30/2021,0.2
3/31/2021,0
4/1/2021,0.2
4/2/2021,0
4/3/2021,0
4/4/2021,0
4/5/2021,0
4/6/2021,0
4/7/2021,0
4/8/2021,0.4
4/9/2021,4.4
4/10/2021,9.1
4/11/2021,15.8
4/12/2021,37
4/13/2021,35
4/14/2021,15.3
4/15/2021,26.3
4/16/2021,5.4
4/17/2021,3.2
4/18/2021,1.4
4/19/2021,1.7
4/20/2021,1
4/21/2021,4.2
4/22/2021,1.9
4/23/2021,2.9
4/24/2021,0.8
4/25/2021,1.1
4/26/2021,0
4/27/2021,0.8
4/28/2021,1.7
4/29/2021,2.6
4/30/2021,5.2
5/1/2021,11.7
5/2/2021,30.6
5/3/2021,153.6
5/4/2021,16.5
5/5/2021,2.6
5/6/2021,9.7
5/7/2021,16
5/8/2021,12.3
5/9/2021,57.3
5/10/2021,18.4
5/11/2021,9.9
5/12/2021,49.8
5/13/2021,24.4
5/14/2021,6.6
5/15/2021,0.1
5/16/2021,1.2
5/17/2021,0
5/18/2021,0.6
5/19/2021,2.5
5/20/2021,0.5
5/21/2021,1.6
5/22/2021,4.7
5/23/2021,2.6
5/24/2021,7.5
5/25/2021,21.3
5/26/2021,12.1
5/27/2021,9.9
5/28/2021,4.1
5/29/2021,4.2
5/30/2021,2.8
5/31/2021,2.9
6/1/2021,2.9
6/2/2021,1.8
6/3/2021,3.8
6/4/2021,16
6/5/2021,5.1
6/6/2021,1.3
6/7/2021,0.7
6/8/2021,7.1
6/9/2021,5.3
6/10/2021,2.2
6/11/2021,0.1
6/12/2021,1.8
6/13/2021,8.9
6/14/2021,2.2
6/15/2021,3.2
6/16/2021,4.2
6/17/2021,3.2
6/18/2021,1.2
6/19/2021,1.2
6/20/2021,0.3
6/21/2021,0.3
6/22/2021,3
6/23/2021,2
6/24/2021,2
6/25/2021,1
6/26/2021,3.1
6/27/2021,2.9
6/28/2021,1.7
6/29/2021,0.8
6/30/2021,1.4
7/1/2021,4.6
7/2/2021,4.2
7/3/2021,1.2
7/4/2021,7.3
7/5/2021,2.4
7/6/2021,3.7
7/7/2021,1.7
7/8/2021,3
7/9/2021,31.5
7/10/2021,20.3
7/11/2021,4.4
7/12/2021,6.5
7/13/2021,1.7
7/14/2021,0.8
7/15/2021,1
7/16/2021,8
7/17/2021,0.3
7/18/2021,6
7/19/2021,1.7
7/20/2021,1
7/21/2021,2.9
7/22/2021,7.3
7/23/2021,6
7/24/2021,6.6
7/25/2021,6.5
7/26/2021,9
7/27/2021,3.5
7/28/2021,1.9
7/29/2021,0.6
7/30/2021,2.5
7/31/2021,0.7
8/1/2021,2.7
8/2/2021,2.9
8/3/2021,3.2
8/4/2021,2.9
8/5/2021,3.7
8/6/2021,6.7
8/7/2021,12.9
8/8/2021,11.4
8/9/2021,5.8
8/10/2021,3.9
8/11/2021,4.7
8/12/2021,8.4
8/13/2021,3.9
8/14/2021,2.1
8/15/2021,0
8/16/2021,0.8
8/17/2021,2.7
8/18/2021,2.7
8/19/2021,0
8/20/2021,0.7
8/21/2021,6.6
8/22/2021,3.1
8/23/2021,0.6
8/24/2021,1.4
8/25/2021,2
8/26/2021,2.9
8/27/2021,3.2
8/28/2021,9.1
8/29/2021,21.9
8/30/2021,1.8
8/31/2021,0.2
9/1/2021,3.4
9/2/2021,2.7
9/3/2021,1
9/4/2021,2
9/5/2021,3.7
9/6/2021,4.4
9/7/2021,0.6
9/8/2021,2.3
9/9/2021,0
9/10/2021,2.3
9/11/2021,1.1
9/12/2021,0.3
9/13/2021,4
9/14/2021,3.1
9/15/2021,2.9
9/16/2021,2.6
9/17/2021,3.3
9/18/2021,5.9
9/19/2021,0.3
9/20/2021,3.6
9/21/2021,2.1
9/22/2021,0.7
9/23/2021,1.6
9/24/2021,5.2
9/25/2021,6.1
9/26/2021,9.1
9/27/2021,3.4
9/28/2021,13.1
9/29/2021,0
9/30/2021,6.6
10/1/2021,22.1
10/2/2021,3
10/3/2021,5.5
10/4/2021,2.5
10/5/2021,16.8
10/6/2021,1.4
10/7/2021,0
10/8/2021,0.7
10/9/2021,1.4
10/10/2021,4.5
10/11/2021,6.3
10/12/2021,6.3
10/13/2021,1.7
10/14/2021,2.5
10/15/2021,1
10/16/2021,4.5
10/17/2021,2.7
10/18/2021,3.2
10/19/2021,1.7
10/20/2021,79.1
10/21/2021,34.4
10/22/2021,14.2
10/23/2021,23.9
10/24/2021,6.1
10/25/2021,3.7
10/26/2021,8
10/27/2021,8
10/28/2021,34.4
10/29/2021,46.7
10/30/2021,35.4
10/31/2021,15.5
11/1/2021,29.4
11/2/2021,47.5
11/3/2021,21.2
11/4/2021,5.5
11/5/2021,7.2
11/6/2021,18.9
11/7/2021,23.3
11/8/2021,46.4
11/9/2021,70.7
11/10/2021,26.2
11/11/2021,3.9
11/12/2021,6.9
11/13/2021,15
11/14/2021,2.7
11/15/2021,8.2
11/16/2021,13.2
11/17/2021,5.9
11/18/2021,3
11/19/2021,1.8
11/20/2021,0
11/21/2021,0
11/22/2021,0.4
11/23/2021,17.2
11/24/2021,10.7
11/25/2021,99.9
11/26/2021,12
11/27/2021,28.1
11/28/2021,42
11/29/2021,14.7
11/30/2021,12.8
12/1/2021,0
12/2/2021,1.5
12/3/2021,1.4
12/4/2021,0.6
12/5/2021,1.4
12/6/2021,3.1
12/7/2021,0
12/8/2021,1.7
12/9/2021,2.2
12/10/2021,0
12/11/2021,0
12/12/2021,0
12/13/2021,2
12/14/2021,4.8
12/15/2021,3.3
12/16/2021,2
12/17/2021,1.6
12/18/2021,3.5
12/19/2021,0.1
12/20/2021,0
12/21/2021,0
12/22/2021,0
12/23/2021,0
12/24/2021,0
12/25/2021,0
12/26/2021,0
12/27/2021,0
12/28/2021,0
12/29/2021,0
12/30/2021,0.9
12/31/2021,1.8
1/1/2022,2.5
1/2/2022,1.2
1/3/2022,2.2
1/4/2022,1.7
1/5/2022,0.5
1/6/2022,0
1/7/2022,0
1/8/2022,1.8
1/9/2022,0
1/10/2022,3.5
1/11/2022,0.7
1/12/2022,0.9
1/13/2022,0.8
1/14/2022,0.1
1/15/2022,0
1/16/2022,1.1
1/17/2022,0.2
1/18/2022,0.4
1/19/2022,0
1/20/2022,0
1/21/2022,0
1/22/2022,0
1/23/2022,0
1/24/2022,0.6
1/25/2022,0.1
1/26/2022,0.1
1/27/2022,0
1/28/2022,0.7
1/29/2022,0.5
1/30/2022,0
1/31/2022,1.2
2/1/2022,0
2/2/2022,0
2/3/2022,0.1
2/4/2022,0
2/5/2022,0
2/6/2022,0
2/7/2022,2.2
2/8/2022,0
2/9/2022,0
2/10/2022,12.7
2/11/2022,23.3
2/12/2022,3.2
2/13/2022,61.9
2/14/2022,0.8
2/15/2022,0
2/16/2022,0
2/17/2022,0
2/18/2022,0.7
2/19/2022,2.2
2/20/2022,1.1
2/21/2022,0
2/22/2022,0
2/23/2022,0.8
2/24/2022,2.8
2/25/2022,0.6
2/26/2022,1.6
2/27/2022,0
2/28/2022,0.5
3/1/2022,0
3/2/2022,0.7
3/3/2022,0.8
3/4/2022,4.9
3/5/2022,0.3
3/6/2022,0
3/7/2022,0.7
3/8/2022,0.7
3/9/2022,0
3/10/2022,0
3/11/2022,0
3/12/2022,6.3
3/13/2022,1.1
3/14/2022,0
3/15/2022,0
3/16/2022,0
3/17/2022,0.1
3/18/2022,2
3/19/2022,2.5
3/20/2022,2.5
3/21/2022,0.3
3/22/2022,0.9
3/23/2022,1.7
3/24/2022,2.9
3/25/2022,2.8
3/26/2022,2.2
3/27/2022,1.4
3/28/2022,2.4
3/29/2022,2.1
3/30/2022,6.3
3/31/2022,1.8
4/1/2022,1.1
4/2/2022,14
4/3/2022,9.5
4/4/2022,7.4
4/5/2022,41.4
4/6/2022,16.4
4/7/2022,7.5
4/8/2022,14.1
4/9/2022,17.4
4/10/2022,4.7
4/11/2022,5.6
4/12/2022,17.9
4/13/2022,14.8
4/14/2022,13
4/15/2022,1.7
4/16/2022,3
4/17/2022,7.7
4/18/2022,3.8
4/19/2022,2.8
4/20/2022,2.5
4/21/2022,3.4
4/22/2022,21.8
4/23/2022,22.7
4/24/2022,6.9
4/25/2022,6.2
4/26/2022,3.2
4/27/2022,4.7
4/28/2022,18.6
4/29/2022,3.4
4/30/2022,3.3
5/1/2022,3.5
5/2/2022,2
5/3/2022,4.1
5/4/2022,2.8
5/5/2022,3.3
5/6/2022,2.1
5/7/2022,1.1
5/8/2022,2.9
5/9/2022,2.2
5/10/2022,8.5
5/11/2022,3
5/12/2022,5.4
5/13/2022,36
5/14/2022,37.1
5/15/2022,6.2
5/16/2022,5.2
5/17/2022,4.8
5/18/2022,6.2
5/19/2022,2.8
5/20/2022,3.4
5/21/2022,3
5/22/2022,5
5/23/2022,3.5
5/24/2022,2.6
5/25/2022,3.4
5/26/2022,2.5
5/27/2022,1.7
5/28/2022,1.4
5/29/2022,2
5/30/2022,3
5/31/2022,23.4
6/1/2022,8.1
6/2/2022,5.5
6/3/2022,3.3
6/4/2022,2.2
6/5/2022,0.6
6/6/2022,1.4
6/7/2022,1.3
6/8/2022,0
6/9/2022,3.1
6/10/2022,0.2
6/11/2022,0.4
6/12/2022,2.9
6/13/2022,0.7
6/14/2022,1.3
6/15/2022,7.2
6/16/2022,7.8
6/17/2022,6.2
6/18/2022,3.2
6/19/2022,0.7
6/20/2022,2.1
6/21/2022,2.4
6/22/2022,1.7
6/23/2022,1.3
6/24/2022,14
6/25/2022,5.9
6/26/2022,1.7
6/27/2022,1.1
6/28/2022,3.5
6/29/2022,5.5
6/30/2022,6.1
7/1/2022,3
7/2/2022,10.9
7/3/2022,32.7
7/4/2022,3.9
7/5/2022,9.4
7/6/2022,1.7
7/7/2022,0
7/8/2022,1.7
7/9/2022,4.7
7/10/2022,6.8
7/11/2022,4.3
7/12/2022,3
7/13/2022,5.6
7/14/2022,4.6
7/15/2022,3.2
7/16/2022,1.2
7/17/2022,1.4
7/18/2022,7.3
7/19/2022,4.1
7/20/2022,5.8
7/21/2022,23.5
7/22/2022,7.9
7/23/2022,8.2
7/24/2022,1.7
7/25/2022,2.4
7/26/2022,10.9
7/27/2022,18.4
7/28/2022,12
7/29/2022,6.4
7/30/2022,5.8
7/31/2022,4.6
8/1/2022,53.1
8/2/2022,30.6
8/3/2022,23.3
8/4/2022,11.3
8/5/2022,13.6
8/6/2022,3.2
8/7/2022,2.4
8/8/2022,3.7
8/9/2022,1
8/10/2022,0.1
8/11/2022,0.1
8/12/2022,2.3
8/13/2022,2.2
8/14/2022,0.3
8/15/2022,1.2
8/16/2022,1.5
8/17/2022,0.2
8/18/2022,2.4
8/19/2022,2.8
8/20/2022,2.6
8/21/2022,2.4
8/22/2022,5.8
8/23/2022,7.8
8/24/2022,11.9
8/25/2022,2.6
8/26/2022,10
8/27/2022,7.6
8/28/2022,2.4
8/29/2022,7.3
8/30/2022,28.3
8/31/2022,14.8
9/1/2022,10.6
9/2/2022,2.4
9/3/2022,7.1
9/4/2022,2.7
9/5/2022,12.6
9/6/2022,3.9
9/7/2022,4.6
9/8/2022,0.8
9/9/2022,1
9/10/2022,3.1
9/11/2022,1.8
9/12/2022,0.9
9/13/2022,0.8
9/14/2022,1.3
9/15/2022,2.4
9/16/2022,0.2
9/17/2022,0
9/18/2022,2.2
9/19/2022,2.6
9/20/2022,1.2
9/21/2022,1
9/22/2022,1.1
9/23/2022,0.9
9/24/2022,0.4
9/25/2022,1.9
9/26/2022,0.2
9/27/2022,0.8
9/28/2022,2.7
9/29/2022,4.1
9/30/2022,3.9
10/1/2022,12.7
10/2/2022,17.6
10/3/2022,18.1
10/4/2022,2.2
10/5/2022,5
10/6/2022,2.7
10/7/2022,1.6
10/8/2022,2.8
10/9/2022,7
10/10/2022,7
10/11/2022,4.6
10/12/2022,9.7
10/13/2022,8.5
10/14/2022,15.6
10/15/2022,15.7
10/16/2022,3.7
10/17/2022,25.4
10/18/2022,16.2
10/19/2022,9.6
10/20/2022,15.3
10/21/2022,23.8
10/22/2022,2.3
10/23/2022,5.6
10/24/2022,6.5
10/25/2022,4.3
10/26/2022,5.7
10/27/2022,0.2
10/28/2022,0
10/29/2022,0
10/30/2022,26.2
10/31/2022,29.9
11/1/2022,21.4
11/2/2022,7.7
11/3/2022,10.6
11/4/2022,16.3
11/5/2022,23.1
11/6/2022,1.7
11/7/2022,12.4
11/8/2022,33.8
11/9/2022,8.4
11/10/2022,2
11/11/2022,9.6
11/12/2022,11.5
11/13/2022,8.5
11/14/2022,71.2
11/15/2022,3.1
11/16/2022,1.1
11/17/2022,0
11/18/2022,0.2
11/19/2022,0.8
11/20/2022,0
11/21/2022,0
11/22/2022,0.2
11/23/2022,0
11/24/2022,0
11/25/2022,0.1
11/26/2022,1.8
11/27/2022,1
11/28/2022,1.1
11/29/2022,0.4
11/30/2022,0
12/1/2022,3.6
12/2/2022,29.2
12/3/2022,7.2
12/4/2022,15.6
12/5/2022,9.3
12/6/2022,0.1
12/7/2022,0.5
12/8/2022,20.7
12/9/2022,4.1
12/10/2022,4.1
12/11/2022,0.1
12/12/2022,1.4
12/13/2022,0
12/14/2022,1.5
12/15/2022,0.2
12/16/2022,0.4
12/17/2022,0.3
12/18/2022,9.2
12/19/2022,26.4
12/20/2022,1
12/21/2022,8.6
12/22/2022,4.3
12/23/2022,1.9
12/24/2022,18
12/25/2022,36
12/26/2022,37.5
12/27/2022,3.3
12/28/2022,1.2
12/29/2022,0
12/30/2022,0
12/31/2022,0
1/1/2023,0
1/2/2023,0
1/3/2023,0
1/4/2023,0
1/5/2023,0.2
1/6/2023,7.6
1/7/2023,3.5
1/8/2023,1
1/9/2023,0
1/10/2023,0
1/11/2023,0
1/12/2023,0
1/13/2023,0
1/14/2023,0
1/15/2023,1.8
1/16/2023,11.5
1/17/2023,14.2
1/18/2023,0
1/19/2023,0
1/20/2023,0
1/21/2023,9.4
1/22/2023,10.8
1/23/2023,2.7
1/24/2023,2.5
1/25/2023,0
1/26/2023,0
1/27/2023,1.2
1/28/2023,0.4
1/29/2023,0.1
1/30/2023,9.8
1/31/2023,8.9
2/1/2023,7.1
2/2/2023,7.7
2/3/2023,21.3
2/4/2023,1.4
2/5/2023,1
2/6/2023,0.3
2/7/2023,1.2
2/8/2023,0
2/9/2023,0
2/10/2023,0
2/11/2023,0
2/12/2023,0.1
2/13/2023,0.2
2/14/2023,0.1
2/15/2023,0
2/16/2023,0
2/17/2023,0
2/18/2023,0.6
2/19/2023,17.9
2/20/2023,1.1
2/21/2023,0.2
2/22/2023,1.1
2/23/2023,3.9
2/24/2023,0.4
2/25/2023,0.4
2/26/2023,0
2/27/2023,0.2
2/28/2023,5.4
3/1/2023,1.2
3/2/2023,0
3/3/2023,1.9
3/4/2023,7
3/5/2023,1.4
3/6/2023,0.6
3/7/2023,0.5
3/8/2023,0.3
3/9/2023,0.1
3/10/2023,0.7
3/11/2023,2.2
3/12/2023,0.3
3/13/2023,7.1
3/14/2023,1.2
3/15/2023,3.1
3/16/2023,5.7
3/17/2023,0
3/18/2023,1.6
3/19/2023,4.3
3/20/2023,6.9
3/21/2023,11
3/22/2023,6.1
3/23/2023,10.1
3/24/2023,1.1
3/25/2023,2.3
3/26/2023,0.2
3/27/2023,1.8
3/28/2023,0
3/29/2023,0.6
3/30/2023,0.2
3/31/2023,0.1
4/1/2023,2.2
4/2/2023,11.6
4/3/2023,14
4/4/2023,16.8
4/5/2023,3.9
4/6/2023,0.5
4/7/2023,0
4/8/2023,15
4/9/2023,0.1
4/10/2023,0.5
4/11/2023,0
4/12/2023,0.4
4/13/2023,0.1
4/14/2023,0
4/15/2023,0.1
4/16/2023,0.8
4/17/2023,0.1
4/18/2023,0.4
4/19/2023,0.8
4/20/2023,6.4
4/21/2023,5.6
4/22/2023,8.4
4/23/2023,6.3
4/24/2023,40.5
4/25/2023,9.1
4/26/2023,9
4/27/2023,18.3
4/28/2023,45
4/29/2023,46.7
4/30/2023,23.1
5/1/2023,15.4
5/2/2023,6.6
5/3/2023,11.3
5/4/2023,21.7
5/5/2023,7.3
5/6/2023,1.3
5/7/2023,1.2
5/8/2023,3.5
5/9/2023,9.3
5/10/2023,7.9
5/11/2023,1.5
5/12/2023,1.4
5/13/2023,2.3
5/14/2023,0.8
5/15/2023,2.2
5/16/2023,2.2
5/17/2023,1.6
5/18/2023,2.2
5/19/2023,1.5
5/20/2023,1.9
5/21/2023,1
5/22/2023,4.9
5/23/2023,1.1
5/24/2023,0
5/25/2023,0.3
5/26/2023,2.2
5/27/2023,1.9
5/28/2023,1.3
5/29/2023,2.6
5/30/2023,2.6
5/31/2023,1.6
6/1/2023,1.1
6/2/2023,1.5
6/3/2023,2.9
6/4/2023,2
6/5/2023,2.9
6/6/2023,1.4
6/7/2023,9.1
6/8/2023,3.1
6/9/2023,2.7
6/10/2023,2.5
6/11/2023,2.3
6/12/2023,4.4
6/13/2023,3.1
6/14/2023,4
6/15/2023,0.6
6/16/2023,1.9
6/17/2023,1.5
