Date,Item,Peliyagoda,Kandy,Dambulla,Meegoda,Norochchole,Thambuththegama,Keppetipola,Nuwaraeliya,Bandarawela,Veyangoda
2020-01-01,Leeks,320.00--350.00,,280.00--330.00,380.00--385.00,,350.00--370.00,,315.00-320.00,,
2020-01-07,Leeks,50.00--70.00,70.00--80.00,50.00--80.00,100.00--110.00,,85.00--100.00,75.00-80.00,85.00-90.00,,
2020-01-10,Leeks,50.00--60.00,50.00--60.00,45.00--55.00,,,50.00--60.00,,50.00-55.00,,
2020-01-12,Leeks,,40.00--50.00,45.00--60.00,65.00--70.00,,55.00--60.00,42.00-47.00,45.00-50.00,,
2020-01-13,Leeks,320.00--340.00,300.00--320.00,300.00-340.00,300.00-350.00,,330.00-350.00,,300.00--310.00,,
2020-01-14,Leeks,280.00--300.00,300.00--310.00,260.00--300.00,320.00--350.00,,340.00--360.00,,300.00-310.00,,
2020-01-16,Leeks,280.00--300.00,300.00--320.00,260.00-330.00,310.00-320.00,,330.00-350.00,,300.00--310.00,,
2020-01-17,Leeks,300.00--330.00,320.00--330.00,280.00-330.00,330.00-350.00,,330.00-350.00,,300.00--310.00,,
2020-01-20,Leeks,220.00--240.00,290.00--300.00,260.00-320.00,320.00-330.00,,320.00-340.00,,300.00--310.00,,
2020-01-21,Leeks,220.00--250.00,280.00--290.00,260.00-320.00,300.00-340.00,,320.00-340.00,,270.00--280.00,,
2020-01-22,Leeks,220.00--250.00,280.00--290.00,260.00-310.00,290.00-310.00,,310.00-330.00,,255.00--260.00,,
2020-01-23,Leeks,230.00--250.00,290.00--300.00,280.00-310.00,290.00-300.00,,280.00-300.00,,245.00--250.00,,
2020-01-24,Leeks,220.00--250.00,200.00--220.00,230.00-275.00,270.00-280.00,,280.00-300.00,,225.00--230.00,,
2020-01-27,Leeks,180.00--200.00,180.00--200.00,180.00-220.00,200.00-220.00,,200.00-220.00,,150.00--160.00,,
2020-01-28,Leeks,180.00--200.00,190.00--200.00,170.00-220.00,200.00-220.00,,200.00-220.00,,180.00--190.00,,
2020-01-29,Leeks,220.00--250.00,200.00--220.00,280.00-350.00,220.00-240.00,,240.00-250.00,,210.00--220.00,,
2020-01-30,Leeks,220.00--250.00,230.00--250.00,240.00-280.00,280.00-285.00,,260.00-280.00,,270.00--280.00,,
2020-01-31,Leeks,220.00--240.00,250.00--260.00,180.00-220.00,310.00-320.00,,310.00-330.00,,280.00--290.00,,
2020-02-01,Leeks,320.00--350.00,330.00--350.00,280.00--330.00,380.00--385.00,,350.00--370.00,,315.00-320.00,,
2020-02-03,Leeks,80.00--100.00,110.00--120.00,90.00-120.00,110.00-120.00,,100.00-110.00,80.00-85.00,85.00-95.00,,
2020-02-07,Leeks,70.00--80.00,80.00--90.00,65.00--80.00,90.00--100.00,,85.00--100.00,75.00-80.00,80.00-85.00,,
2020-02-09,Leeks,40.00--50.00,50.00--60.00,50.00--60.00,,,55.00--65.00,,50.00-60.00,,
2020-02-10,Leeks,50.00--60.00,50.00--60.00,45.00--55.00,,,50.00--60.00,,50.00-55.00,,
2020-02-11,Leeks,,35.00--40.00,20.00--25.00,,,50.00--60.00,30.00-35.00,40.00-45.00,,
2020-02-12,Leeks,,45.00--50.00,50.00--60.00,70.00--80.00,,60.00--70.00,40.00-45.00,45.00-50.00,,
2020-02-14,Leeks,180.00--200.00,180.00--200.00,200.00-220.00,200.00-220.00,,200.00-220.00,165.00-170.00,165.00--170.00,,
2020-02-14,Leeks,180.00--200.00,180.00--200.00,200.00-220.00,200.00-220.00,,200.00-220.00,165.00-170.00,165.00--170.00,,
2020-02-17,Leeks,160.00--200.00,180.00--200.00,140.00-170.00,170.00-190.00,,180.00-200.00,150.00-160.00,155.00--165.00,,
2020-02-17,Leeks,160.00--200.00,180.00--200.00,140.00-170.00,170.00-190.00,,180.00-200.00,150.00-160.00,155.00--165.00,,
2020-02-18,Leeks,160.00--180.00,160.00--180.00,140.00-170.00,190.00-200.00,,180.00-190.00,150.00-155.00,155.00--165.00,,
2020-02-18,Leeks,160.00--180.00,160.00--180.00,140.00-170.00,190.00-200.00,,180.00-190.00,150.00-155.00,155.00--165.00,,
2020-02-19,Leeks,160.00--170.00,140.00--160.00,150.00-180.00,160.00-180.00,,170.00-180.00,140.00-150.00,155.00--165.00,,
2020-02-19,Leeks,160.00--170.00,140.00--160.00,150.00-180.00,160.00-180.00,,170.00-180.00,140.00-150.00,155.00--165.00,,
2020-02-20,Leeks,110.00--130.00,150.00--160.00,120.00-180.00,170.00-180.00,,165.00-180.00,140.00-150.00,145.00--150.00,,
2020-02-20,Leeks,110.00--130.00,150.00--160.00,120.00-180.00,170.00-180.00,,165.00-180.00,140.00-150.00,145.00--150.00,,
2020-02-24,Leeks,100.00--120.00,140.00--150.00,110.00-150.00,150.00-160.00,,150.00-170.00,120.00-130.00,125.00--130.00,,
2020-02-24,Leeks,100.00--120.00,140.00--150.00,110.00-150.00,150.00-160.00,,150.00-170.00,120.00-130.00,125.00--130.00,,
2020-02-25,Leeks,120.00--150.00,140.00--150.00,120.00-140.00,150.00-170.00,,140.00-160.00,110.00-120.00,125.00--130.00,,
2020-02-25,Leeks,120.00--150.00,140.00--150.00,120.00-140.00,150.00-170.00,,140.00-160.00,110.00-120.00,125.00--130.00,,
2020-02-26,Leeks,100.00--120.00,140.00--150.00,130.00-150.00,140.00-150.00,,140.00-150.00,100.00-110.00,125.00--130.00,,
2020-02-26,Leeks,100.00--120.00,140.00--150.00,130.00-150.00,140.00-150.00,,140.00-150.00,100.00-110.00,125.00--130.00,,
2020-02-27,Leeks,100.00--120.00,130.00--140.00,100.00-140.00,130.00-150.00,,130.00-150.00,100.00-110.00,115.00--120.00,,
2020-02-27,Leeks,100.00--120.00,130.00--140.00,100.00-140.00,130.00-150.00,,130.00-150.00,100.00-110.00,115.00--120.00,,
2020-02-28,Leeks,100.00--120.00,120.00--130.00,110.00-150.00,130.00-150.00,,140.00-150.00,100.00-110.00,115.00--120.00,,
2020-02-28,Leeks,100.00--120.00,120.00--130.00,110.00-150.00,130.00-150.00,,140.00-150.00,100.00-110.00,115.00--120.00,,
2020-03-01,Leeks,300.00--350.00,340.00--350.00,280.00--330.00,370.00--380.00,,350.00--370.00,,310.00-315.00,,
2020-03-02,Leeks,180.00--200.00,250.00--260.00,200.00-230.00,250.00-260.00,,240.00-250.00,,200.00--210.00,,
2020-03-02,Leeks,180.00--200.00,250.00--260.00,200.00-230.00,250.00-260.00,,240.00-250.00,,200.00--210.00,,
2020-03-03,Leeks,80.00--100.00,110.00--120.00,90.00-120.00,110.00-120.00,,100.00-110.00,85.00-90.00,85.00-95.00,,
2020-03-07,Leeks,70.00--90.00,80.00--90.00,65.00--80.00,90.00--100.00,,85.00--100.00,,75.00-80.00,,
2020-03-09,Leeks,40.00--50.00,50.00--60.00,50.00--60.00,60.00--70.00,,50.00--60.00,,50.00-60.00,,
2020-03-11,Leeks,,50.00--55.00,70.00--90.00,,,50.00--60.00,35.00-40.00,40.00-45.00,,
2020-03-12,Leeks,,35.00--45.00,25.00--35.00,60.00--70.00,,50.00--65.00,40.00-50.00,45.00-50.00,,
2020-03-13,Leeks,100.00--120.00,120.00--130.00,120.00--140.00,130.00--140.00,,130.00--140.00,105.00-110.00,95.00--105.00,,
2020-04-03,Leeks,100.00--120.00,120.00--130.00,100.00--115.00,110.00--120.00,,100.00--110.00,95.00-100.00,100.00-110.00,,
2020-04-08,Leeks,80.00--100.00,50.00--60.00,50.00--65.00,,,55.00--65.00,50.00-55.00,40.00-50.00,,
2020-04-09,Leeks,40.00--50.00,50.00--60.00,45.00--60.00,60.00--70.00,,50.00--60.00,,40.00-50.00,,
2020-04-11,Leeks,,40.00--50.00,50.00--60.00,,,40.00--50.00,35.00-40.00,30.00-40.00,,
2020-04-12,Leeks,,40.00--50.00,75.00--90.00,65.00--70.00,,50.00--60.00,44.00-48.00,45.00-55.00,,
2020-05-02,Leeks,220.00--250.00,240.00--250.00,220.00-260.00,,,220.00-230.00,,200.00--210.00,,
2020-05-02,Leeks,220.00--250.00,240.00--250.00,220.00-260.00,,,220.00-230.00,,200.00--210.00,,
2020-05-03,Leeks,110.00--130.00,120.00--130.00,120.00-150.00,,,130.00-140.00,140.00-150.00,140.00--155.00,,
2020-05-10,Leeks,50.00--60.00,45.00--50.00,50.00--60.00,65.00--70.00,,50.00--60.00,,50.00-55.00,,
2020-05-11,Leeks,,40.00--50.00,45.00--60.00,,,40.00--50.00,40.00-45.00,30.00-40.00,,
2020-06-01,Leeks,280.00--300.00,300.00--310.00,250.00--320.00,300.00--330.00,,320.00--330.00,,260.00-270.00,,
2020-06-03,Leeks,100.00--120.00,130.00--140.00,120.00-150.00,160.00-170.00,,160.00-170.00,130.00-150.00,140.00--145.00,,
2020-06-07,Leeks,50.00--70.00,70.00--80.00,55.00--70.00,90.00--100.00,,80.00--90.00,65.00-70.00,65.00-70.00,,
2020-06-08,Leeks,50.00--70.00,,80.00--100.00,,,55.00--65.00,50.00-60.00,40.00-50.00,,
2020-06-10,Leeks,50.00--60.00,50.00--60.00,50.00--60.00,65.00--70.00,,50.00--60.00,,50.00-55.00,,
2020-06-11,Leeks,,40.00--50.00,30.00--40.00,,,45.00--55.00,35.00-40.00,30.00-40.00,,
2020-06-15,Leeks,100.00--110.00,110.00--120.00,90.00-110.00,130.00-140.00,,100.00-120.00,100.00-110.00,105.00--110.00,,
2020-06-16,Leeks,110.00--120.00,110.00--120.00,90.00-110.00,130.00-140.00,,100.00-120.00,80.00-100.00,100.00--110.00,,
2020-06-17,Leeks,100.00--120.00,100.00--110.00,90.00-115.00,120.00-130.00,,100.00-120.00,85.00-90.00,90.00-95.00,,
2020-06-18,Leeks,100.00--120.00,100.00--110.00,90.00-100.00,110.00-120.00,,100.00-110.00,85.00-90.00,90.00-95.00,,
2020-06-19,Leeks,100.00--110.00,90.00--100.00,70.00-90.00,110.00-120.00,,90.00-110.00,80.00-90.00,90.00-95.00,,
2020-06-22,Leeks,100.00--120.00,90.00--100.00,80.00-110.00,100.00-120.00,,100.00-120.00,85.00-90.00,95.00--105.00,,
2020-06-23,Leeks,90.00--120.00,90.00--100.00,90.00-110.00,100.00-120.00,,90.00-110.00,85.00-90.00,100.00--110.00,,
2020-06-24,Leeks,80.00--110.00,90.00--100.00,90.00-120.00,100.00-120.00,,90.00-110.00,85.00-90.00,95.00--100.00,,
2020-06-25,Leeks,80.00--100.00,90.00--100.00,90.00--110.00,110.00--120.00,,100.00--120.00,90.00-95.00,95.00--100.00,,
2020-06-26,Leeks,90.00--120.00,80.00--90.00,70.00--100.00,100.00--110.00,,100.00--110.00,80.00-85.00,85.00-90.00,,
2020-06-29,Leeks,80.00--100.00,70.00--80.00,60.00-90.00,100.00-110.00,,90.00-100.00,80.00-85.00,90.00-95.00,,
2020-06-30,Leeks,70.00--80.00,70.00--80.00,60.00-80.00,100.00-110.00,,85.00-100.00,75.00-80.00,85.00-90.00,,
2020-07-01,Leeks,250.00--280.00,310.00--320.00,250.00--300.00,280.00--320.00,,290.00--310.00,,240.00-250.00,,
2020-07-07,Leeks,60.00--70.00,60.00--70.00,45.00--60.00,90.00--100.00,,80.00--90.00,65.00-70.00,60.00-70.00,,
2020-07-08,Leeks,50.00--60.00,90.00--100.00,80.00--90.00,70.00--80.00,,70.00--80.00,60.00-65.00,40.00-50.00,,
2020-07-09,Leeks,40.00--50.00,50.00--60.00,45.00--60.00,55.00--65.00,,45.00--55.00,,40.00-45.00,,
2020-07-10,Leeks,50.00--60.00,50.00--60.00,50.00--65.00,60.00--70.00,,60.00--65.00,,50.00-55.00,,
2020-07-12,Leeks,,40.00--50.00,25.00--35.00,60.00--70.00,,50.00--60.00,44.00-48.00,45.00-55.00,,
2020-07-13,Leeks,50.00--60.00,50.00--60.00,45.00--60.00,70.00--80.00,,70.00--80.00,45.00-50.00,45.00-50.00,,
2020-07-14,Leeks,50.00--60.00,50.00--60.00,40.00--60.00,70.00--80.00,,55.00--65.00,45.00-50.00,40.00-50.00,,
2020-07-15,Leeks,40.00--60.00,50.00--60.00,35.00--55.00,65.00--70.00,,45.00--55.00,40.00-50.00,40.00-50.00,,
2020-07-16,Leeks,50.00--60.00,50.00--60.00,40.00--55.00,70.00--75.00,,50.00--65.00,40.00-50.00,50.00-55.00,,
2020-07-17,Leeks,40.00--60.00,60.00--70.00,35.00--50.00,70.00--75.00,,50.00--60.00,40.00-50.00,50.00-55.00,,
2020-07-20,Leeks,40.00--60.00,40.00--50.00,45.00--60.00,60.00--70.00,,50.00--60.00,45.00-50.00,40.00-50.00,,
2020-07-21,Leeks,30.00--50.00,50.00--60.00,30.00--50.00,60.00--70.00,,50.00--60.00,45.00-48.00,40.00-50.00,,
2020-07-22,Leeks,40.00--50.00,40.00--50.00,35.00--50.00,60.00--65.00,,50.00--60.00,43.00-45.00,40.00-50.00,,
2020-07-23,Leeks,40.00--50.00,40.00--50.00,45.00--55.00,60.00--70.00,,50.00--60.00,43.00-45.00,40.00-50.00,,
2020-07-24,Leeks,30.00--45.00,40.00--50.00,40.00--60.00,60.00--60.00,,55.00--65.00,40.00-43.00,40.00-50.00,,
2020-07-27,Leeks,50.00--450.00,40.00--50.00,40.00--55.00,55.00--65.00,,50.00--60.00,40.00-45.00,40.00-50.00,,
2020-07-28,Leeks,40.00--60.00,40.00--50.00,40.00--60.00,55.00--65.00,,50.00--60.00,40.00-45.00,45.00-55.00,,
2020-07-29,Leeks,40.00--50.00,40.00--50.00,45.00--55.00,60.00--70.00,,45.00--55.00,40.00-43.00,45.00-55.00,,
2020-07-30,Leeks,40.00--60.00,50.00--60.00,40.00--55.00,60.00--70.00,,45.00--55.00,40.00-43.00,45.00-55.00,,
2020-07-31,Leeks,50.00--60.00,50.00--60.00,45.00--55.00,60.00--70.00,,45.00--55.00,40.00-45.00,45.00-55.00,,
2020-08-01,Leeks,230.00--250.00,280.00--300.00,260.00--300.00,250.00--290.00,,270.00--290.00,,235.00-240.00,,
2020-08-07,Leeks,50.00--60.00,70.00--80.00,40.00--60.00,80.00--90.00,,75.00--90.00,60.00-65.00,60.00-70.00,,
2020-08-09,Leeks,40.00--50.00,50.00--60.00,40.00--55.00,55.00--65.00,,50.00--60.00,,40.00-45.00,,
2020-08-10,Leeks,40.00--50.00,50.00--60.00,50.00--60.00,55.00--65.00,,50.00--60.00,,40.00-45.00,,
2020-08-12,Leeks,,40.00--50.00,30.00--40.00,60.00--70.00,,60.00--65.00,45.00-48.00,45.00-55.00,,
2020-08-13,Leeks,40.00--50.00,40.00--50.00,40.00--60.00,60.00--70.00,,50.00--60.00,43.00-45.00,45.00-55.00,,
2020-08-14,Leeks,40.00--60.00,50.00--60.00,50.00--60.00,60.00--70.00,,50.00--60.00,43.00-45.00,45.00-55.00,,
2020-08-17,Leeks,40.00-60.00,50.00-60.00,45.00-60.00,60.00-70.00,,50.00-60.00,40.00-45.00,45.00-55.00,,
2020-08-18,Leeks,50.00--60.00,50.00--60.00,40.00--55.00,60.00--70.00,,50.00--60.00,43.00-45.00,45.00-55.00,,
2020-08-19,Leeks,40.00--50.00,40.00--50.00,40.00--55.00,60.00--70.00,,50.00--60.00,45.00-48.00,45.00-55.00,,
2020-08-20,Leeks,40.00--60.00,40.00--50.00,40.00--55.00,60.00--70.00,,50.00--60.00,40.00-43.00,45.00-55.00,,
2020-08-21,Leeks,40.00--50.00,50.00--60.00,45.00--55.00,60.00--70.00,,50.00--60.00,40.00-45.00,45.00-55.00,,
2020-08-24,Leeks,40.00--60.00,50.00--60.00,60.00--65.00,60.00--70.00,,55.00--65.00,45.00-45.00,45.00-55.00,,
2020-08-25,Leeks,40.00--60.00,50.00--60.00,45.00--60.00,60.00--70.00,,50.00--60.00,43.00-45.00,50.00-60.00,,
2020-08-26,Leeks,50.00--60.00,50.00--60.00,50.00--60.00,60.00--70.00,,55.00--65.00,40.00-45.00,50.00-60.00,,
2020-08-27,Leeks,40.00--50.00,50.00--60.00,50.00--60.00,60.00--70.00,,55.00--65.00,40.00-45.00,50.00-60.00,,
2020-08-28,Leeks,40.00--60.00,50.00--60.00,50.00--60.00,60.00--70.00,,50.00--60.00,43.00-45.00,50.00-55.00,,
2020-09-01,Leeks,240.00--260.00,270.00--280.00,260.00-300.00,280.00-290.00,,280.00-300.00,,235.00--240.00,,
2020-09-07,Leeks,40.00--60.00,60.00--70.00,50.00--70.00,80.00--90.00,,65.00--80.00,60.00-65.00,50.00-60.00,,
2020-09-09,Leeks,40.00--50.00,45.00--55.00,45.00--60.00,55.00--65.00,,50.00--60.00,,40.00-45.00,,
2020-09-10,Leeks,30.00--40.00,40.00--45.00,40.00--50.00,55.00--60.00,,50.00--60.00,,40.00-45.00,,
2020-09-11,Leeks,,30.00--40.00,25.00--35.00,,,35.00--45.00,35.00-40.00,30.00-40.00,,
2020-09-12,Leeks,,,30.00--40.00,60.00--70.00,,55.00--60.00,40.00-45.00,40.00-50.00,,
2020-09-14,Leeks,40.00--50.00,50.00--60.00,45.00--60.00,55.00--60.00,,45.00--55.00,,35.00-45.00,,
2020-09-15,Leeks,30.00--50.00,50.00--60.00,45.00--60.00,55.00--60.00,,50.00--60.00,,35.00-45.00,,
2020-09-16,Leeks,30.00--50.00,45.00--50.00,45.00--60.00,55.00--60.00,,50.00--60.00,,35.00-45.00,,
2020-09-17,Leeks,35.00--55.00,40.00--50.00,50.00--60.00,55.00--65.00,,45.00--55.00,,35.00-45.00,,
2020-09-18,Leeks,35.00--50.00,40.00--50.00,35.00--50.00,55.00--65.00,,45.00--55.00,,40.00-45.00,,
2020-09-21,Leeks,50.00--70.00,50.00--60.00,45.00--60.00,55.00--70.00,,40.00--50.00,,45.00-50.00,,
2020-09-22,Leeks,50.00--70.00,60.00--70.00,50.00--60.00,65.00--80.00,,50.00--60.00,,55.00-60.00,,
2020-09-23,Leeks,40.00--60.00,45.00--50.00,40.00--55.00,65.00--80.00,,50.00--60.00,,55.00-60.00,,
2020-09-24,Leeks,40.00--50.00,40.00--45.00,35.00--55.00,60.00--70.00,,55.00--65.00,,55.00-60.00,,
2020-09-25,Leeks,40.00--60.00,40.00--50.00,50.00--65.00,60.00--65.00,,55.00--65.00,,55.00-60.00,,
2020-09-28,Leeks,50.00--70.00,50.00--60.00,50.00--60.00,60.00--70.00,,60.00--70.00,,55.00-60.00,,
2020-09-29,Leeks,50.00--60.00,50.00--60.00,50.00--60.00,60.00--70.00,,60.00--70.00,,50.00-55.00,,
2020-09-30,Leeks,50.00--60.00,60.00--70.00,45.00--60.00,60.00--70.00,,55.00--65.00,,50.00-55.00,,
2020-10-03,Leeks,110.00--130.00,130.00--140.00,120.00-140.00,,,130.00-140.00,100.00-105.00,105.00--115.00,,
2020-10-07,Leeks,40.00--60.00,50.00--60.00,50.00--65.00,70.00--80.00,,80.00--90.00,55.00-65.00,50.00-60.00,,
2020-10-08,Leeks,50.00--60.00,30.00--40.00,35.00--50.00,60.00--80.00,,55.00--65.00,45.00-50.00,40.00-45.00,,
2020-10-09,Leeks,40.00--60.00,45.00--50.00,50.00--60.00,50.00--60.00,,50.00--60.00,,35.00-40.00,,
2020-10-11,Leeks,,40.00--50.00,40.00--50.00,,,45.00--55.00,50.00-55.00,30.00-40.00,,
2020-10-13,Leeks,35.00--50.00,45.00--50.00,40.00--55.00,55.00--65.00,,50.00--60.00,,40.00-45.00,,
2020-10-14,Leeks,30.00--40.00,40.00--50.00,35.00--50.00,60.00--65.00,,55.00--60.00,,40.00-45.00,,
2020-10-15,Leeks,40.00--50.00,40.00--50.00,35.00--50.00,55.00--60.00,,55.00--60.00,,40.00-45.00,,
2020-10-16,Leeks,40.00--50.00,60.00--70.00,40.00--50.00,50.00--60.00,,50.00--60.00,,40.00-45.00,,
2020-10-19,Leeks,30.00--50.00,40.00--45.00,40.00--55.00,60.00--70.00,,50.00--60.00,,45.00-55.00,,
2020-10-20,Leeks,35.00--50.00,45.00--50.00,40.00--50.00,60.00--70.00,,55.00--60.00,45.00-55.00,45.00-50.00,,
2020-10-21,Leeks,40.00--60.00,50.00--60.00,40.00--50.00,60.00--70.00,,55.00--60.00,40.00-45.00,45.00-50.00,,
2020-10-22,Leeks,40.00--60.00,50.00--60.00,40.00--50.00,60.00--70.00,,50.00--60.00,40.00-45.00,40.00-45.00,,
2020-10-23,Leeks,,40.00--50.00,40.00--50.00,60.00--65.00,,55.00--60.00,40.00-45.00,40.00-45.00,,
2020-10-26,Leeks,,50.00--60.00,45.00--50.00,65.00--70.00,,55.00--60.00,35.00-45.00,40.00-45.00,,
2020-10-27,Leeks,,50.00--60.00,45.00--60.00,60.00--70.00,,50.00--60.00,40.00-44.00,40.00-45.00,,
2020-10-28,Leeks,,45.00--50.00,40.00--50.00,60.00--65.00,,55.00--60.00,40.00-50.00,40.00-45.00,,
2020-10-29,Leeks,,75.00--80.00,65.00--80.00,,,55.00--65.00,,40.00-45.00,,
2020-11-03,Leeks,100.00--120.00,110.00--120.00,100.00-120.00,130.00-140.00,,120.00-140.00,100.00-110.00,105.00--115.00,,
2020-11-08,Leeks,40.00--50.00,70.00--80.00,40.00--50.00,60.00--70.00,,45.00--55.00,43.00-45.00,40.00-50.00,,
2020-11-09,Leeks,40.00--50.00,45.00--50.00,45.00--60.00,50.00--60.00,,45.00--55.00,,35.00-40.00,,
2020-11-11,Leeks,,30.00--40.00,40.00--50.00,55.00--60.00,,50.00--60.00,35.00-40.00,30.00-40.00,,
2020-11-12,Leeks,,50.00--60.00,40.00--50.00,50.00--60.00,,50.00--60.00,35.00-40.00,40.00-45.00,,
2020-11-13,Leeks,,35.00--40.00,25.00--35.00,55.00--60.00,,50.00--60.00,30.00-35.00,30.00-35.00,,
2020-11-16,Leeks,,35.00--45.00,40.00--45.00,60.00--70.00,,50.00--60.00,35.00-40.00,30.00-35.00,,
2020-11-17,Leeks,,50.00--60.00,40.00--50.00,60.00--65.00,,60.00--70.00,32.00-35.00,30.00-35.00,,
2020-11-18,Leeks,,40.00--50.00,25.00--30.00,60.00--65.00,,55.00--65.00,25.00-30.00,30.00-35.00,,
2020-11-19,Leeks,,30.00--40.00,25.00--35.00,60.00--70.00,,45.00--55.00,25.00-30.00,30.00-35.00,,
2020-11-20,Leeks,,30.00--40.00,30.00--40.00,55.00--65.00,,50.00--60.00,20.00-25.00,30.00-35.00,,
2020-11-23,Leeks,,40.00--50.00,40.00--50.00,55.00--60.00,,40.00--50.00,25.00-30.00,25.00-30.00,,
2020-11-24,Leeks,,30.00--40.00,30.00--40.00,55.00--60.00,,40.00--50.00,28.00-33.00,25.00-30.00,,
2020-11-25,Leeks,,30.00--35.00,35.00--45.00,55.00--60.00,,40.00--50.00,28.00-33.00,25.00-30.00,,
2020-11-26,Leeks,,40.00--45.00,35.00--45.00,50.00--60.00,,45.00--50.00,25.00-30.00,25.00-30.00,,
2020-11-27,Leeks,,40.00--45.00,,50.00--60.00,,45.00--50.00,,25.00-30.00,,
2020-11-30,Leeks,,40.00--50.00,35.00--50.00,,,40.00--50.00,38.00-43.00,35.00-40.00,,
2020-12-03,Leeks,100.00--120.00,120.00--130.00,100.00-120.00,130.00-140.00,,130.00-140.00,100.00-105.00,105.00--115.00,,
2020-12-08,Leeks,40.00--60.00,50.00--60.00,40.00--60.00,65.00--70.00,,45.00--60.00,43.00-45.00,50.00-55.00,,
2020-12-10,Leeks,50.00--70.00,50.00--60.00,40.00--50.00,55.00--65.00,,55.00--60.00,,40.00-45.00,,
2020-12-11,Leeks,,35.00--40.00,30.00--45.00,55.00--60.00,,50.00--60.00,30.00-38.00,30.00-40.00,,
2020-12-14,Leeks,,50.00--60.00,50.00--65.00,70.00--80.00,,50.00--60.00,45.00-55.00,55.00-65.00,,
2020-12-15,Leeks,,40.00--50.00,55.00--65.00,80.00--90.00,,60.00--70.00,50.00-55.00,65.00-70.00,,
2020-12-16,Leeks,,40.00--50.00,65.00--80.00,70.00--80.00,,60.00--70.00,40.00-50.00,65.00-70.00,,
2020-12-17,Leeks,,50.00--60.00,60.00--70.00,70.00--80.00,,60.00--70.00,50.00-55.00,65.00-70.00,,
2020-12-18,Leeks,50.00--60.00,50.00--60.00,60.00--75.00,70.00--80.00,,60.00--70.00,50.00-55.00,50.00-60.00,,
2020-12-21,Leeks,50.00--60.00,60.00--70.00,50.00--65.00,60.00--70.00,,60.00--70.00,,50.00-55.00,,
2020-12-22,Leeks,40.00--60.00,60.00--70.00,55.00--65.00,60.00--70.00,,60.00--70.00,,50.00-55.00,,
2020-12-23,Leeks,40.00--50.00,50.00--60.00,55.00--65.00,60.00--70.00,,60.00--70.00,45.00-50.00,50.00-55.00,,
2020-12-24,Leeks,40.00--50.00,50.00--60.00,35.00--45.00,60.00--70.00,,60.00--70.00,40.00-50.00,50.00-55.00,,
2020-12-28,Leeks,40.00--60.00,60.00--70.00,45.00--60.00,60.00--70.00,,50.00--60.00,,45.00-50.00,,
2020-12-30,Leeks,40.00--50.00,50.00--60.00,45.00--55.00,,,60.00--70.00,40.00-44.00,45.00-50.00,,
2020-12-31,Leeks,40.00--60.00,60.00--70.00,35.00--45.00,60.00--70.00,,55.00--65.00,40.00-43.00,40.00-45.00,,
2021-01-01,Leeks,40.00--50.00,60.00--70.00,60.00--70.00,60.00--80.00,,55.00--65.00,45.00-50.00,40.00-45.00,,
2021-01-02,Leeks,80.00--90.00,100.00--110.00,110.00--130.00,100.00--120.00,,110.00--120.00,70.00-80.00,90.00-95.00,,
2021-01-03,Leeks,70.00--80.00,90.00--100.00,85.00--100.00,100.00--110.00,,100.00--110.00,75.00-85.00,90.00-100.00,,
2021-01-04,Leeks,80.00--90.00,70.00--80.00,60.00--80.00,80.00--90.00,,85.00--100.00,70.00-75.00,75.00-85.00,,
2021-01-07,Leeks,170.00--180.00,150.00--160.00,150.00--160.00,190.00--200.00,,180.00--200.00,150.00-160.00,170.00-175.00,,
2021-01-09,Leeks,180.00--200.00,160.00--170.00,170.00--180.00,,,220.00--230.00,170.00-180.00,190.00-195.00,,
2021-01-10,Leeks,130.00--140.00,140.00--150.00,130.00--140.00,140.00--150.00,,130.00--150.00,125.00-130.00,125.00-135.00,,
2021-01-11,Leeks,160.00--170.00,180.00--200.00,160.00--180.00,210.00--220.00,,180.00--200.00,160.00-170.00,170.00--175.00,,
2021-01-12,Leeks,160-200,200-220,190-210,230-250,,220-250,200-210,190-200,,
2021-01-13,Leeks,50.00--60.00,50.00--60.00,30.00--45.00,60.00--65.00,,50.00--60.00,40.00-45.00,34.00-36.00,,
2021-01-15,Leeks,50.00--60.00,50.00--60.00,50.00--60.00,60.00--70.00,,60.00--65.00,40.00-45.00,45.00-50.00,,
2021-01-18,Leeks,50.00--60.00,50.00--60.00,40.00--50.00,70.00--80.00,,65.00--70.00,50.00-60.00,55.00-60.00,,
2021-01-19,Leeks,40.00--60.00,50.00--60.00,55.00--70.00,70.00--80.00,,65.00--70.00,50.00-60.00,55.00-60.00,,
2021-01-20,Leeks,50.00--60.00,60.00--70.00,65.00--80.00,70.00--80.00,,60.00--70.00,50.00-55.00,55.00-60.00,,
2021-01-21,Leeks,50.00--60.00,50.00--60.00,65.00--80.00,70.00--80.00,,60.00--70.00,50.00-55.00,55.00-60.00,,
2021-01-22,Leeks,50.00--60.00,70.00--80.00,45.00--55.00,65.00--70.00,,60.00--70.00,45.00-55.00,50.00-55.00,,
2021-01-25,Leeks,50.00--60.00,70.00--80.00,60.00--70.00,70.00--80.00,,60.00--70.00,45.00-55.00,55.00-60.00,,
2021-01-26,Leeks,60.00--70.00,80.00--90.00,60.00--70.00,70.00--80.00,,70.00--80.00,45.00-55.00,55.00-60.00,,
2021-01-27,Leeks,90.00--100.00,90.00--100.00,80.00--90.00,80.00--90.00,,75.00--85.00,,65.00-70.00,,
2021-01-29,Leeks,140.00--150.00,110.00--120.00,110.00--130.00,,,120.00--140.00,90.00-100.00,85.00-90.00,,
2021-02-02,Leeks,50.00--70.00,100.00--110.00,80.00--100.00,100.00--120.00,,100.00--110.00,85.00-90.00,90.00-95.00,,
2021-02-03,Leeks,80.00--90.00,80.00--90.00,85.00--100.00,100.00--110.00,,90.00--110.00,85.00-90.00,90.00-100.00,,
2021-02-07,Leeks,120.00--140.00,150.00--160.00,140.00--150.00,180.00--190.00,,170.00--190.00,150.00-170.00,160.00-165.00,,
2021-02-08,Leeks,180.00--200.00,200.00--210.00,180.00--200.00,220.00--230.00,,220.00-230.00,200.00-220.00,210.00--215.00,,
2021-02-09,Leeks,180.00--200.00,150.00--160.00,160.00--170.00,210.00--220.00,,200.00--210.00,160.00-170.00,180.00-185.00,,
2021-02-11,Leeks,140.00--150.00,170.00--180.00,170.00--185.00,195.00--210.00,,190.00--210.00,150.00-160.00,170.00--175.00,,
2021-02-12,Leeks,200-220,200--210,200--230,230--240,,220--240,220-240,220-230,220--250,
2021-02-15,Leeks,80.00--90.00,90.00--100.00,90.00--110.00,115.00--130.00,,100.00--120.00,95.00-100.00,90.00-100.00,,
2021-02-16,Leeks,60.00--80.00,80.00--90.00,85.00--100.00,100.00--110.00,,100.00--120.00,80.00-90.00,80.00-85.00,,
2021-02-17,Leeks,70.00--80.00,90.00--100.00,90.00--110.00,90.00--100.00,,90.00--110.00,85.00-90.00,80.00-85.00,,
2021-02-18,Leeks,80.00--100.00,90.00--100.00,90.00--100.00,90.00--100.00,,90.00--100.00,80.00-85.00,75.00-85.00,,
2021-02-19,Leeks,80.00--90.00,90.00--100.00,80.00--95.00,90.00--100.00,,90.00--100.00,75.00-85.00,75.00-85.00,,
2021-02-22,Leeks,80.00--90.00,80.00--90.00,80.00--100.00,90.00--100.00,,85.00--100.00,80.00-90.00,75.00-85.00,,
2021-02-23,Leeks,70.00--80.00,80.00--90.00,85.00--100.00,95.00--110.00,,90.00--100.00,80.00-90.00,75.00-85.00,,
2021-02-24,Leeks,70.00--90.00,80.00--90.00,85.00--100.00,90.00--100.00,,90.00--100.00,75.00-80.00,75.00-85.00,,
2021-02-25,Leeks,70.00--80.00,110.00--120.00,70.00--90.00,90.00--100.00,,90.00--100.00,,75.00-85.00,,
2021-03-02,Leeks,50.00--70.00,90.00--100.00,90.00--120.00,90.00--110.00,,100.00--110.00,85.00-95.00,85.00-90.00,,
2021-03-03,Leeks,90.00--100.00,90.00--100.00,80.00--90.00,100.00--110.00,,100.00--110.00,85.00-90.00,90.00-100.00,,
2021-03-05,Leeks,40.00--50.00,50.00--60.00,,75.00--80.00,,70.00--80.00,45.00-50.00,,,
2021-03-08,Leeks,220.00--230.00,180.00--190.00,200.00--220.00,220.00--230.00,,200.00-220.00,200.00-210.00,210.00--215.00,,
2021-03-11,Leeks,170.00--180.00,170.00--180.00,180.00--200.00,190.00--200.00,,180.00--200.00,150.00-160.00,170.00--175.00,,
2021-03-12,Leeks,280-300,250--260,230--250,260--280,,260--280,260-270,280-290,280--300,
2021-03-15,Leeks,80.00--90.00,90.00--100.00,80.00--100.00,90.00--100.00,,80.00--90.00,75.00-85.00,75.00-85.00,,
2021-03-16,Leeks,70.00--80.00,80.00--90.00,65.00--80.00,85.00--90.00,,90.00--100.00,70.00-80.00,70.00-80.00,,
2021-03-17,Leeks,60.00--80.00,80.00--90.00,70.00--85.00,90.00--100.00,,90.00--100.00,70.00-75.00,70.00-80.00,,
2021-03-18,Leeks,60.00--70.00,80.00--90.00,80.00--95.00,85.00--95.00,,80.00--90.00,70.00-80.00,70.00-75.00,,
2021-03-19,Leeks,60.00--80.00,80.00--90.00,70.00--80.00,80.00--85.00,,80.00--90.00,65.00-75.00,60.00-65.00,,
2021-03-22,Leeks,70.00--80.00,70.00--80.00,70.00--80.00,80.00--90.00,,75.00--90.00,60.00-65.00,60.00-65.00,,
2021-03-23,Leeks,70.00--80.00,70.00--80.00,60.00--75.00,80.00--90.00,,70.00--80.00,58.00-62.00,60.00-65.00,,
2021-03-24,Leeks,70.00--90.00,70.00--80.00,60.00--70.00,75.00--80.00,,75.00--85.00,55.00-60.00,60.00-65.00,,
2021-03-25,Leeks,70.00--80.00,80.00--90.00,60.00--70.00,75.00--80.00,,75.00--85.00,55.00-60.00,60.00-65.00,,
2021-03-26,Leeks,70.00--80.00,70.00--80.00,65.00--80.00,75.00--80.00,,70.00--80.00,56.00-60.00,65.00-70.00,,
2021-03-29,Leeks,90.00--100.00,70.00--80.00,60.00--85.00,,,70.00--80.00,65.00-70.00,75.00-80.00,,
2021-03-30,Leeks,80.00--90.00,70.00--80.00,65.00--85.00,90.00--100.00,,80.00--90.00,60.00-70.00,75.00-80.00,,
2021-03-31,Leeks,80.00--90.00,80.00--90.00,70.00--85.00,90.00--100.00,,,,75.00-80.00,,
2021-04-01,Leeks,40.00--60.00,50.00--60.00,25.00--35.00,65.00--70.00,,55.00--65.00,42.00-46.00,40.00-50.00,,
2021-04-03,Leeks,70.00--90.00,90.00--100.00,80.00--90.00,100.00--110.00,,90.00--110.00,83.00-85.00,80.00-85.00,,
2021-04-05,Leeks,40.00--60.00,50.00--60.00,,75.00--80.00,,65.00--70.00,35.00-40.00,45.00-55.00,,
2021-04-08,Leeks,200.00--220.00,180.00--190.00,200.00--210.00,220.00--230.00,,210.00-230.00,200.00-210.00,200.00--205.00,,
2021-04-10,Leeks,150.00--160.00,140.00--150.00,120.00--140.00,170.00--180.00,,140.00--150.00,125.00-130.00,130.00-135.00,,
2021-04-19,Leeks,60.00--70.00,70.00-80.00,90.00--100.00,100.00-100.00,,85.00--100.00,60.00-65.00,55.00-65.00,,
2021-04-20,Leeks,60.00--70.00,50.00-60.00,65.00--75.00,80.00-90.00,,80.00--90.00,58.00-64.00,55.00-60.00,,
2021-04-21,Leeks,50.00--70.00,50.00-60.00,50.00--65.00,75.00-85.00,,80.00--100.00,55.00-60.00,55.00-60.00,,
2021-04-22,Leeks,60.00--70.00,60.00-70.00,65.00--80.00,70.00-80.00,,75.00--90.00,50.00-55.00,55.00-60.00,,
2021-04-23,Leeks,60.00--70.00,50.00--60.00,65.00--90.00,70.00--80.00,,70.00--80.00,50.00-55.00,45.00-50.00,,
2021-04-27,Leeks,50.00--60.00,50.00--60.00,,,,70.00--80.00,55.00-60.00,50.00-55.00,,
2021-04-28,Leeks,60.00--70.00,50.00--60.00,,75.00--80.00,,60.00--80.00,50.00-55.00,50.00-55.00,,
2021-04-29,Leeks,30.00--40.00,40.00--50.00,,75.00--80.00,,65.00--80.00,40.00-50.00,50.00-55.00,,
2021-04-30,Leeks,30.00--50.00,60.00--70.00,,75.00--80.00,,70.00--80.00,45.00-50.00,50.00-55.00,,
2021-05-01,Leeks,15.00--25.00,50.00--60.00,25.00--30.00,65.00--70.00,,60.00--65.00,40.00-45.00,40.00-50.00,,
2021-05-02,Leeks,80.00--100.00,110.00--120.00,85.00--100.00,,,100.00--120.00,85.00-95.00,90.00-100.00,,
2021-05-03,Leeks,70.00--90.00,80.00--90.00,80.00--85.00,100.00--110.00,,90.00--100.00,70.00-75.00,80.00-85.00,,
2021-05-04,Leeks,60.00--70.00,70.00--80.00,50.00--65.00,85.00--100.00,,85.00--95.00,65.00-70.00,80.00-85.00,,
2021-05-05,Leeks,40.00--50.00,50.00--60.00,60.00--65.00,70.00--80.00,,60.00--70.00,40.00-45.00,45.00-55.00,,
2021-05-07,Leeks,120.00--130.00,150.00--160.00,160.00--170.00,160.00--170.00,,160.00--180.00,140.00-145.00,140.00-145.00,,
2021-05-08,Leeks,200.00--220.00,210.00--220.00,170.00--180.00,210.00--220.00,,210.00-230.00,180.00-200.00,190.00--200.00,,
2021-05-10,Leeks,130.00--140.00,130.00--140.00,120.00--140.00,150.00--160.00,,135.00--145.00,110.00-120.00,130.00-135.00,,
2021-05-11,Leeks,200.00--220.00,200.00--220.00,180.00--200.00,210.00--220.00,,200.00-220.00,160.00-170.00,180.00--185.00,,
2021-05-13,Leeks,60.00--80.00,50.00--60.00,60.00--70.00,70.00--75.00,,80.00--90.00,50.00-55.00,50.00-60.00,,
2021-05-17,Leeks,80.00--90.00,60.00--70.00,80.00--100.00,,,80.00--90.00,50.00-60.00,55.00-60.00,,
2021-05-18,Leeks,80.00--85.00,60.00--70.00,100.00--130.00,100.00--110.00,,80.00--90.00,55.00-60.00,65.00-70.00,,
2021-05-19,Leeks,110.00--120.00,60.00--70.00,120.00--140.00,110.00--120.00,,90.00--100.00,80.00-90.00,75.00-80.00,,
2021-05-20,Leeks,90.00--100.00,60.00--70.00,90.00--110.00,110.00--120.00,,110.00--130.00,70.00-75.00,95.00-100.00,,
2021-05-21,Leeks,75.00--80.00,80.00--90.00,120.00--130.00,130.00--140.00,,120.00-130.00,80.00-90.00,95.00--100.00,,
2021-06-01,Leeks,30.00--40.00,40.00--50.00,35.00--45.00,60.00--70.00,,50.00--60.00,35.00-38.00,35.00-40.00,,
2021-06-04,Leeks,60.00--70.00,70.00--80.00,60.00--70.00,85.00--100.00,,75.00--85.00,65.00-70.00,70.00-80.00,,
2021-06-05,Leeks,40.00--60.00,45.00--55.00,55.00--65.00,70.00--80.00,,60.00--70.00,45.00-50.00,45.00-55.00,,
2021-06-07,Leeks,120.00--130.00,150.00--160.00,100.00--120.00,160.00--170.00,,160.00--170.00,140.00-150.00,140.00-145.00,,
2021-06-08,Leeks,160.00--180.00,200.00--210.00,170.00--200.00,210.00--220.00,,200.00-220.00,180.00-200.00,200.00--205.00,,
2021-06-09,Leeks,150.00--160.00,150.00--170.00,130.00--160.00,210.00--220.00,,190.00--200.00,160.00-170.00,170.00-175.00,,
2021-06-10,Leeks,130.00--150.00,130.00--140.00,130.00--145.00,150.00--160.00,,120.00--140.00,110.00-120.00,115.00-120.00,,
2021-06-12,Leeks,280-300,270--280,240--260,300--330,,300--320,250-280,260-270,,
2021-06-18,Leeks,180.00--200.00,160.00--170.00,100.00--120.00,190.00--200.00,,170.00--180.00,160.00-170.00,160.00-170.00,,
2021-06-21,Leeks,170.00--180.00,160.00--170.00,120.00--140.00,,,190.00--200.00,160.00-170.00,180.00-190.00,,
2021-06-22,Leeks,140.00--150.00,160.00--170.00,130.00--140.00,210.00--220.00,,180.00--200.00,190.00-200.00,195.00-200.00,,
2021-06-23,Leeks,150.00--170.00,180.00--190.00,180.00--220.00,210.00--220.00,,190.00--200.00,160.00-180.00,190.00-195.00,,
2021-06-25,Leeks,200.00--220.00,170.00--180.00,180.00--190.00,,,,180.00-190.00,190.00-200.00,,
2021-06-28,Leeks,150.00--180.00,160.00--170.00,,200.00--210.00,,190.00--210.00,170.00-180.00,180.00-190.00,,
2021-06-29,Leeks,160.00--180.00,150.00--160.00,150.00--180.00,210.00--220.00,,190.00--210.00,170.00-180.00,180.00-185.00,,
2021-06-30,Leeks,160.00--180.00,150.00--160.00,150.00--160.00,200.00--210.00,,180.00--200.00,170.00-180.00,180.00-185.00,,
2021-07-01,Leeks,50.00--60.00,35.00--45.00,40.00--50.00,60.00--60.00,,50.00--60.00,35.00-38.00,30.00-35.00,,
2021-07-04,Leeks,50.00--70.00,60.00--70.00,60.00--70.00,85.00--100.00,,80.00--90.00,55.00-65.00,70.00-75.00,,
2021-07-05,Leeks,40.00--60.00,40.00--55.00,55.00--60.00,70.00--70.00,,60.00--70.00,40.00-45.00,45.00-50.00,,
2021-07-07,Leeks,150.00--160.00,140.00--150.00,130.00--140.00,150.00--160.00,,150.00--160.00,120.00-130.00,140.00-145.00,,
2021-07-10,Leeks,130.00--150.00,130.00--140.00,120.00--140.00,140.00--150.00,,140.00--150.00,115.00-120.00,110.00-115.00,,
2021-07-12,Leeks,280-300,270--280,260--300,,,280--300,240-250,250-260,260--280,
2021-07-13,Leeks,150.00--160.00,110.00--120.00,100.00--110.00,150.00--160.00,,150.00--160.00,130.00-140.00,140.00-145.00,,
2021-07-14,Leeks,100.00--120.00,120.00--130.00,100.00--110.00,150.00--160.00,,150.00--160.00,130.00-140.00,145.00-150.00,,
2021-07-15,Leeks,120.00--140.00,130.00--150.00,110.00--140.00,150.00--160.00,,150.00--160.00,140.00-150.00,150.00-155.00,,
2021-07-16,Leeks,150.00--160.00,130.00--140.00,130.00--140.00,150.00--160.00,,160.00-170.00,140.00-150.00,150.00--155.00,,
2021-07-19,Leeks,140.00--150.00,130.00--140.00,130.00--150.00,160.00--170.00,,160.00--170.00,150.00-160.00,150.00-155.00,,
2021-07-20,Leeks,140.00--150.00,140.00--150.00,130.00--150.00,160.00--170.00,,150.00--170.00,140.00-150.00,155.00-160.00,,
2021-07-22,Leeks,150.00--160.00,160.00--170.00,160.00--180.00,160.00--170.00,,160.00--170.00,,150.00-155.00,,
2021-07-26,Leeks,190.00--200.00,170.00--180.00,150.00--160.00,200.00--210.00,,190.00--210.00,175.00-180.00,180.00-185.00,,
2021-07-27,Leeks,180.00--200.00,170.00--180.00,170.00--190.00,200.00--210.00,,200.00--220.00,180.00-190.00,185.00-190.00,,
2021-07-28,Leeks,180.00--200.00,180.00--190.00,190.00--220.00,210.00--220.00,,190.00--210.00,170.00-180.00,180.00-185.00,,
2021-07-29,Leeks,170.00--190.00,180.00--190.00,170.00--180.00,210.00--220.00,,190.00--200.00,160.00-170.00,180.00-185.00,,
2021-07-30,Leeks,190.00--200.00,150.00--160.00,160.00--180.00,200.00--210.00,,190.00--200.00,170.00-180.00,190.00-195.00,,
2021-08-01,Leeks,50.00--60.00,50.00--60.00,40.00--50.00,55.00--60.00,,50.00--60.00,30.00-35.00,30.00-35.00,,
2021-08-02,Leeks,90.00--100.00,100.00--110.00,80.00--100.00,100.00--110.00,,100.00--110.00,80.00-90.00,90.00-100.00,,
2021-08-03,Leeks,70.00--80.00,80.00--90.00,60.00--80.00,85.00--95.00,,80.00--90.00,65.00-70.00,65.00-70.00,,
2021-08-04,Leeks,50.00--60.00,70.00--80.00,65.00--80.00,85.00--95.00,,70.00--80.00,60.00-70.00,70.00-75.00,,
2021-08-06,Leeks,160.00--170.00,130.00--140.00,100.00--120.00,,,160.00--170.00,140.00-150.00,155.00-160.00,,
2021-08-07,Leeks,150.00--160.00,140.00--150.00,100.00--120.00,150.00--160.00,,150.00--160.00,115.00-120.00,140.00-145.00,,
2021-08-10,Leeks,130.00--140.00,140.00--150.00,140.00--150.00,150.00--160.00,,130.00--140.00,110.00-115.00,110.00-115.00,,
2021-08-11,Leeks,180.00--200.00,200.00--210.00,200.00--230.00,210.00--220.00,,210.00-230.00,180.00-190.00,190.00--195.00,,
2021-08-12,Leeks,280-300,270--280,270--300,280--320,,280--300,250-270,260-270,270--280,
2021-08-13,Leeks,180.00--200.00,160.00--170.00,180.00--200.00,200.00--210.00,,190.00--200.00,170.00-175.00,180.00-185.00,,
2021-08-16,Leeks,170.00--190.00,170.00--180.00,160.00--180.00,190.00--200.00,,180.00--190.00,150.00-155.00,170.00-175.00,,
2021-08-17,Leeks,170.00--190.00,150.00--160.00,140.00--160.00,190.00--200.00,,180.00-190.00,160.00-170.00,160.00--165.00,,
2021-08-18,Leeks,180.00--190.00,130.00--140.00,150.00--160.00,180.00--190.00,,,140.00-150.00,160.00--165.00,,
2021-08-19,Leeks,170.00--180.00,160.00--170.00,165.00--180.00,180.00--190.00,,,140.00-150.00,160.00--165.00,,
2021-08-20,Leeks,170.00--200.00,170.00--180.00,160.00--170.00,180.00--190.00,,,130.00-140.00,160.00-165.00,,
2021-08-24,Leeks,180.00--190.00,170.00--180.00,180.00--200.00,,,170.00--180.00,150.00-155.00,160.00-165.00,,
2021-08-25,Leeks,180.00--200.00,180.00--190.00,170.00--180.00,190.00--200.00,,180.00--190.00,160.00-165.00,160.00-165.00,,
2021-09-02,Leeks,90.00--100.00,100.00--110.00,70.00--80.00,100.00--110.00,,100.00--120.00,85.00-90.00,90.00-95.00,,
2021-09-03,Leeks,70.00--80.00,80.00--90.00,65.00--80.00,80.00--90.00,,70.00--85.00,65.00-75.00,65.00-70.00,,
2021-09-04,Leeks,50.00--60.00,50.00--60.00,60.00--75.00,80.00--90.00,,70.00--85.00,65.00-70.00,65.00-75.00,,
2021-09-06,Leeks,150.00--160.00,150.00--160.00,130.00--140.00,170.00--180.00,,150.00--160.00,140.00-150.00,145.00-150.00,,
2021-09-07,Leeks,140.00--150.00,120.00--130.00,100.00--120.00,140.00--150.00,,140.00--150.00,110.00-120.00,140.00-145.00,,
2021-09-08,Leeks,190.00--200.00,170.00--180.00,180.00--200.00,200.00--210.00,,200.00--220.00,180.00-190.00,190.00-195.00,,
2021-09-09,Leeks,140.00--150.00,160.00--170.00,170.00--180.00,,,180.00--190.00,160.00-165.00,165.00-170.00,,
2021-09-11,Leeks,180.00--200.00,180.00--200.00,180.00--200.00,210.00--220.00,,200.00--220.00,160.00-180.00,190.00--195.00,,
2021-09-12,Leeks,270-290,290--300,280--300,,,270--300,260-280,270-280,280--300,
2021-09-13,Leeks,160.00--170.00,160.00--170.00,160.00--170.00,200.00--210.00,,190.00--200.00,160.00-165.00,170.00-175.00,,
2021-09-14,Leeks,170.00--180.00,170.00--180.00,150.00--170.00,190.00--200.00,,180.00--190.00,160.00-165.00,170.00-175.00,,
2021-09-15,Leeks,160.00--180.00,160.00--170.00,150.00--160.00,190.00--200.00,,170.00--180.00,150.00-160.00,170.00-175.00,,
2021-09-16,Leeks,160.00--180.00,160.00--170.00,140.00--150.00,190.00--200.00,,170.00--180.00,150.00-155.00,170.00-175.00,,
2021-09-17,Leeks,160.00--170.00,160.00--170.00,130.00--140.00,180.00--190.00,,170.00--180.00,150.00-160.00,160.00-165.00,,
2021-09-21,Leeks,110.00--130.00,170.00--180.00,140.00--150.00,,,160.00--180.00,140.00-150.00,150.00-155.00,,
2021-09-22,Leeks,140.00--150.00,150.00--160.00,150.00--160.00,170.00--180.00,,160.00--180.00,140.00-145.00,150.00-155.00,,
2021-09-23,Leeks,140.00--150.00,160.00--170.00,140.00--150.00,160.00--170.00,,160.00--170.00,130.00-140.00,140.00-145.00,,
2021-09-24,Leeks,150.00--160.00,150.00--160.00,120.00--140.00,150.00--160.00,,160.00--180.00,120.00-130.00,140.00-145.00,,
2021-09-27,Leeks,140.00--150.00,130.00--140.00,130.00--140.00,140.00--150.00,,125.00--140.00,110.00-120.00,110.00-115.00,,
2021-09-28,Leeks,140.00--150.00,120.00--130.00,130.00--140.00,130.00--140.00,,120.00--140.00,110.00-120.00,110.00-115.00,,
2021-09-29,Leeks,140.00--150.00,140.00--150.00,150.00--160.00,140.00--150.00,,120.00--130.00,110.00-115.00,110.00-115.00,,
2021-09-30,Leeks,150.00--160.00,130.00--140.00,140.00--160.00,140.00--150.00,,120.00--140.00,105.00-110.00,110.00-115.00,,
2021-10-02,Leeks,80.00--90.00,100.00--110.00,90.00--110.00,100.00--110.00,,100.00--110.00,85.00-95.00,90.00-95.00,,
2021-10-03,Leeks,70.00--80.00,80.00--90.00,65.00--75.00,80.00--90.00,,70.00--90.00,65.00-70.00,70.00-75.00,,
2021-10-05,Leeks,50.00--60.00,40.00--50.00,60.00--65.00,65.00--70.00,,60.00--70.00,40.00-45.00,45.00-50.00,,
2021-10-09,Leeks,140.00--150.00,150.00--160.00,160.00--180.00,200.00--210.00,,180.00--200.00,160.00-165.00,170.00-175.00,,
2021-10-11,Leeks,180.00--200.00,170.00--180.00,160.00--180.00,220.00--220.00,,200.00--220.00,170.00-180.00,190.00--195.00,,
2021-10-12,Leeks,260-280,270--280,240--270,320--340,,300--320,270-280,290-300,270--290,
2021-10-13,Leeks,140.00--150.00,160.00--170.00,130.00--150.00,170.00--180.00,,160.00--170.00,150.00-160.00,150.00-155.00,,
2021-10-14,Leeks,130.00--140.00,140.00--150.00,120.00--130.00,170.00--180.00,,160.00--170.00,145.00-150.00,150.00-155.00,,
2021-10-15,Leeks,140.00--150.00,140.00--150.00,130.00--140.00,170.00--180.00,,160.00-170.00,145.00-150.00,140.00--150.00,,
2021-10-18,Leeks,160.00--170.00,160.00--170.00,150.00--160.00,170.00--180.00,,165.00-180.00,140.00-150.00,140.00--150.00,,
2021-10-21,Leeks,180.00--200.00,170.00--180.00,200.00--220.00,,,190.00--200.00,160.00-170.00,180.00-185.00,,
2021-10-22,Leeks,200.00--210.00,200.00--210.00,180.00--200.00,210.00--220.00,,200.00--210.00,170.00-180.00,190.00-195.00,,
2021-10-25,Leeks,190.00--200.00,190.00--200.00,170.00--180.00,200.00--220.00,,200.00-220.00,160.00-165.00,190.00--195.00,,
2021-10-26,Leeks,170.00--180.00,170.00--180.00,200.00--220.00,210.00--220.00,,200.00-220.00,165.00-170.00,180.00--185.00,,
2021-10-27,Leeks,180.00--190.00,180.00--190.00,180.00--200.00,200.00--220.00,,190.00--210.00,160.00-170.00,170.00--175.00,,
2021-10-28,Leeks,180.00--200.00,180.00--200.00,180.00--200.00,210.00--220.00,,190.00--200.00,160.00-170.00,170.00--175.00,,
2021-10-29,Leeks,150.00--170.00,170.00--180.00,170.00--200.00,210.00--220.00,,180.00--200.00,160.00-170.00,170.00--175.00,,
2021-11-01,Leeks,40.00--50.00,60.00--70.00,50.00--60.00,60.00--60.00,,50.00--60.00,35.00-40.00,30.00-35.00,,
2021-11-02,Leeks,80.00--100.00,100.00--110.00,80.00--110.00,110.00--120.00,,110.00--120.00,85.00-95.00,95.00-105.00,,
2021-11-05,Leeks,70.00--80.00,50.00--60.00,50.00--60.00,65.00--70.00,,60.00--70.00,40.00-45.00,45.00-50.00,,
2021-11-08,Leeks,180.00--200.00,170.00--190.00,150.00--170.00,210.00--220.00,,190.00-210.00,170.00-180.00,180.00--185.00,,
2021-11-10,Leeks,130.00--145.00,120.00--130.00,130.00--140.00,160.00--170.00,,160.00--180.00,140.00-150.00,135.00-140.00,,
2021-11-11,Leeks,240.00--250.00,220.00--240.00,210.00--230.00,220.00--230.00,,220.00-230.00,180.00-190.00,190.00--195.00,,
2021-11-15,Leeks,200.00--220.00,190.00--200.00,220.00--230.00,230.00--250.00,,230.00-250.00,200.00-220.00,200.00--205.00,,
2021-11-16,Leeks,200.00--220.00,230.00--240.00,220.00--240.00,250.00--270.00,,230.00--250.00,200.00-220.00,220.00--230.00,,
2021-11-17,Leeks,220.00--230.00,250.00--270.00,200.00--230.00,260.00--270.00,,240.00--260.00,,220.00--230.00,,
2021-11-19,Leeks,270.00--280.00,270.00--280.00,240.00--260.00,,,280.00-290.00,280.00-300.00,280.00--290.00,,
2021-11-22,Leeks,350.00--380.00,320.00--350.00,350.00--380.00,350.00--380.00,,390.00-400.00,300.00-320.00,310.00--315.00,,
2021-11-23,Leeks,300.00--330.00,300.00--320.00,260.00--280.00,350.00--360.00,,300.00--330.00,280.00-300.00,300.00--310.00,,
2021-11-24,Leeks,220.00--250.00,250.00--270.00,220.00--240.00,330.00--350.00,,280.00--300.00,270.00-280.00,280.00--290.00,,
2021-11-25,Leeks,290.00--300.00,290.00--300.00,250.00--270.00,320.00--330.00,,300.00-320.00,250.00-260.00,270.00--280.00,,
2021-11-26,Leeks,280.00--300.00,280.00--300.00,240.00--270.00,320.00--340.00,,290.00-310.00,260.00-280.00,260.00--280.00,,
2021-11-29,Leeks,200.00--220.00,250.00--270.00,220.00--250.00,260.00--270.00,,240.00-260.00,200.00-210.00,200.00--210.00,,
2021-11-30,Leeks,200.00--220.00,260.00--280.00,210.00--240.00,250.00--270.00,,240.00--260.00,190.00-200.00,190.00--200.00,,
2021-12-01,Leeks,50.00--60.00,60.00--70.00,45.00--60.00,50.00--60.00,,50.00--60.00,40.00-45.00,32.00-35.00,,
2021-12-02,Leeks,80.00--100.00,100.00--110.00,90.00--110.00,110.00--120.00,,120.00--130.00,90.00-100.00,95.00-105.00,,
2021-12-03,Leeks,70.00--90.00,80.00--90.00,50.00--60.00,80.00--90.00,,75.00--85.00,65.00-75.00,70.00-75.00,,
2021-12-05,Leeks,70.00--80.00,50.00--60.00,50.00--60.00,70.00--75.00,,70.00--75.00,45.00-55.00,55.00-60.00,,
2021-12-07,Leeks,150.00--160.00,140.00--150.00,120.00--140.00,150.00--160.00,,150.00--160.00,130.00-140.00,140.00-145.00,,
2021-12-08,Leeks,180.00--200.00,180.00--190.00,170.00--180.00,210.00--220.00,,200.00--210.00,170.00-175.00,180.00-185.00,,
2021-12-10,Leeks,180.00--200.00,150.00--160.00,170.00--200.00,170.00--180.00,,160.00--170.00,150.00-160.00,150.00-155.00,,
2021-12-11,Leeks,220.00--230.00,210.00--220.00,200.00--230.00,220.00--230.00,,220.00-230.00,190.00-200.00,190.00--195.00,,
2021-12-13,Leeks,300-320,300--310,240--280,330--340,,290--320,270-280,280-290,,
2021-12-14,Leeks,300-320,300--310,270--300,330--340,,280--310,280-300,280-290,280--300,
2021-12-15,Leeks,280-300,280--300,250--300,310--340,,280--310,250-260,260-270,280--300,
2021-12-16,Leeks,280-320,300--320,240--280,300--320,,290--320,250-260,250-260,260--280,
2021-12-17,Leeks,260-280,280--300,290--350,280--300,,280--310,,250-260,230--250,
2021-12-20,Leeks,280-300,260--280,220--260,280--300,,280--300,230-240,240-250,,
2021-12-21,Leeks,240-250,200--220,110--150,270--280,,270--290,220-240,230-235,220--240,
2021-12-22,Leeks,250-260,200--220,200--230,260--280,,240--270,210-230,210-215,220--230,
2021-12-23,Leeks,220-230,200--220,220--260,250--280,,240--250,200-220,210-215,180--200,
2021-12-24,Leeks,250-260,240--250,180--220,250--260,,230--250,200-220,210-220,200--220,
2021-12-27,Leeks,240-260,240--250,200--240,260--280,,240--260,230-250,240-250,,
2021-12-28,Leeks,240-250,230--240,150--180,290--300,,280--300,250-270,280-300,260--280,
2021-12-29,Leeks,250-260,250--260,200--230,290--320,,280--300,240-260,260-270,240--260,
2021-12-30,Leeks,250-260,250--260,200--240,280--300,,260--290,220-240,210-220,240--260,
2021-12-31,Leeks,220-240,240--250,200--220,260--290,,220--240,230-250,220-230,,
2022-01-02,Leeks,160-180,170--180,150--170,180--200,,170--190,140-150,150-160,130--150,
2022-01-04,Leeks,90-100,80--90,80--100,100--120,,80--90,70--80,85-90,75-80,80--100
2022-01-06,Leeks,160-180,200--220,170--200,220--250,,220--240,170--180,180-190,180-200,200--220
2022-01-07,Leeks,160-180,150--160,150--170,170--200,,160--180,130--150,130-140,130-140,170--200
2022-01-08,Leeks,140-160,110--120,100--120,150--170,,130--150,100--120,100-110,,140--170
2022-01-09,Leeks,150-160,170--180,140--150,180--200,,140--160,150--160,140-150,150-170,150--170
2022-01-11,Leeks,180--210,200--210,180--230,230--250,,220-240,160--170,180-190,160-180,210--230
2022-01-12,Leeks,340--360,360--370,300--350,360--420,,350-370,320--340,350-360,320-340,360--400
2022-01-13,Leeks,200-220,170--180,170--210,220--230,,200--220,180-200,190-200,160--180,
2022-01-18,Leeks,150-180,200--210,180--220,,,200--220,170-180,170-190,160--180,
2022-01-19,Leeks,150-170,180--200,160--190,200--220,,190--210,170-180,160-170,160--180,
2022-01-20,Leeks,160-180,180--200,160--200,190--200,,200--220,160-170,150-160,160--180,
2022-01-21,Leeks,200-220,150--160,150--180,180--190,,180--200,150-160,140-150,160--180,
2022-01-24,Leeks,160-180,180--200,170--190,180--190,,170--180,150-160,160-165,,
2022-01-25,Leeks,160-180,170--180,140--180,190--200,,170--190,170-175,190-200,140--160,
2022-01-26,Leeks,170-190,150--160,150--170,200--230,,200--220,170-190,190-200,160--200,
2022-01-27,Leeks,180-200,160--180,170--180,200--230,,190--220,170-180,170-180,160--180,
2022-01-28,Leeks,160-180,160--180,150--170,190--220,,190--210,150-170,170-180,140--160,
2022-01-31,Leeks,160-180,160--170,150--180,190--200,,170--190,160-170,150-160,,
2022-02-02,Leeks,150-160,140--160,140--160,170--180,,150--170,150-160,140-150,,
2022-02-03,Leeks,90-110,80--90,80--120,110--140,,100--120,80--100,100-105,90-110,100--120
2022-02-06,Leeks,160-180,170--180,180--200,240--250,,200--230,170--175,180-190,180-200,200--230
2022-02-08,Leeks,140-150,150--160,100--120,170--180,,130--150,90--120,100-110,100-120,120--150
2022-02-09,Leeks,140-160,180--200,150--160,190--200,,150--170,135--140,140-150,140-150,170--200
2022-02-11,Leeks,200--220,200--220,170--220,220--250,,200-220,160--180,180-190,180-200,200--240
2022-02-12,Leeks,350--360,340--350,330--360,380--420,,350-370,350--360,350-360,320-350,350--370
2022-02-14,Leeks,80-90,100-120,90--100,130-140,,110--120,100-120,95-100,,
2022-02-15,Leeks,80-100,120--130,120--130,130-140,,120--130,100-110,95-100,100--120,
2022-02-18,Leeks,170-200,100--120,70--100,125-130,,90--110,85-90,80-90,70--100,
2022-02-21,Leeks,70-80,90--100,70--90,100-120,,90--110,75-85,75-80,,
2022-03-01,Leeks,220-240,240--250,200--220,260--290,,220--240,230-250,220-230,,
2022-03-02,Leeks,160-180,140--150,135--160,170--180,,150--170,140-150,130-140,140--160,
2022-03-03,Leeks,100-110,120--130,100--120,110--130,,120--130,90--100,100-105,80-100,120--130
2022-03-06,Leeks,180-200,180--190,180--200,220--240,,200--230,170--180,180-190,180-200,200--220
2022-03-08,Leeks,130-140,120--150,150--180,160--180,,120--140,100--120,110-120,100-120,130--160
2022-03-10,Leeks,200--230,250--270,220--260,230--260,,220-240,200--220,210-220,,200--230
2022-03-11,Leeks,180--200,200--210,180--210,220--250,,200-230,170--180,180-190,180-200,220--230
2022-03-14,Leeks,70-80,80--90,90--100,110--130,,110--120,80--90,90-100,,110--110
2022-03-15,Leeks,70-80,80--90,90--110,110--120,,100--120,75--80,90-95,80-90,100--110
2022-03-16,Leeks,70-80,80--90,90--110,110--120,,100--120,75--80,90-95,80-90,100--110
2022-03-18,Leeks,90-100,90--100,75--100,,,90--100,65--75,80-90,70-80,
2022-03-21,Leeks,80-90,80--90,55--80,95--110,,80--100,70--80,75-85,,80--90
2022-03-22,Leeks,60-80,70--80,70--100,95--110,,70--90,70--80,75-85,80-90,80--100
2022-03-23,Leeks,60-70,80--90,70--80,90--100,,70--80,60--70,75-85,80-90,80--90
2022-03-24,Leeks,70-80,80--90,70--80,90--100,,70--85,60--70,75-85,60-70,80--90
2022-03-25,Leeks,60-80,80-90,70-80,90-100,,70-85,70-80,70-88,60-70,80--90
2022-03-28,Leeks,80-90,80--90,75--90,90--100,,80--90,60--70,75-85,,80--90
2022-03-29,Leeks,70-90,70--80,70--90,90--100,,75--90,60--70,70-80,60-80,80--90
2022-03-30,Leeks,70-80,70--80,80--90,90--110,,70--85,65--75,75-85,55-70,80--90
2022-03-31,Leeks,90-110,70--80,80--90,100--110,,70--85,65--75,80-90,55-70,80--90
2022-04-03,Leeks,110-120,120--130,100--120,120--130,,120--130,80--90,90-95,80-100,100--120
2022-04-04,Leeks,170-180,110--120,100--120,,,,70--80,90-95,,
2022-04-05,Leeks,90-100,90--100,120--160,110--140,,100--120,80--100,110-115,80-100,90--100
2022-04-07,Leeks,170-180,150--160,140--180,180--210,,160--180,150--160,150-160,,180--210
2022-04-08,Leeks,140-150,200--220,160--180,160--180,,130--150,110--120,120-130,110-120,130--150
2022-04-10,Leeks,200--220,240--260,200--250,240--260,,220-240,220--250,210-220,200-220,220--250
2022-04-11,Leeks,180--200,190--200,180--220,230--250,,200-230,180--190,180-190,180-200,210--230
2022-04-18,Leeks,70-90,100--120,70--80,,,80--100,70--80,70-75,,80--90
2022-04-19,Leeks,80-90,80--100,80--90,110--120,,85--100,60--70,70-75,60-80,85--95
2022-04-20,Leeks,60-80,70--80,70--90,100--120,,80--100,,,80-100,90--100
2022-04-21,Leeks,90-100,120--140,170--200,110--120,,90--100,60--70,70-75,100-120,
2022-04-22,Leeks,90-100,90--100,90--110,100--110,,90--100,60--70,65-75,90-100,90--100
2022-04-25,Leeks,50-60,60--70,80--100,85--100,,80--90,55--60,60-65,,80--100
2022-04-26,Leeks,60-80,60--70,60--80,90--100,,80--100,45--55,60-65,60-80,80--90
2022-04-27,Leeks,60-80,80--90,80--100,70--90,,85--100,50--55,60-65,70-80,70--80
2022-04-29,Leeks,130-150,90--100,150--160,,,140--160,60--70,60-65,80-100,
2022-05-01,Leeks,220-240,200--210,200--240,240--260,,230--250,200-210,210-220,200--230,
2022-05-04,Leeks,130-150,130--150,100--110,120--140,,100--110,70--80,90-95,90-100,120--120
2022-05-05,Leeks,100-110,120--130,120--140,130--150,,110--120,80--90,110-115,80-100,100--130
2022-05-07,Leeks,160-170,150--170,140--160,190--210,,180--200,140--150,150-160,140-150,180--190
2022-05-08,Leeks,150-160,130--150,120--140,160--180,,130--150,100--110,120-130,100-120,130--150
2022-05-09,Leeks,120--130,150--160,150--180,200--220,,160-180,150--160,160-170,,170--180
2022-05-10,Leeks,200--220,220--230,200--230,240--270,,230-250,200--220,210-220,210-230,230--260
2022-05-12,Leeks,300--320,330--350,300--350,,,370-390,330--340,330-340,,350--370
2022-05-13,Leeks,140-150,180--200,280--300,,,140--160,90--100,110-120,120-140,
2022-05-17,Leeks,120-130,110--130,120--150,,,160--180,100--120,110-120,130-150,
2022-05-18,Leeks,140-160,130--150,140--150,160--180,,120--140,100--110,110-120,110-120,140--160
2022-05-19,Leeks,100-110,130--150,120--140,160--170,,130--160,110--120,120-130,150-160,130--150
2022-05-20,Leeks,100-130,120--140,120--140,160--180,,130--160,120--130,130-140,120-140,120--130
2022-05-23,Leeks,110-130,130--150,130--160,150--180,,150--170,130--140,150-160,,120--130
2022-05-24,Leeks,120-140,130--150,130--140,170--190,,160--190,160--170,160-170,150-160,140--150
2022-05-25,Leeks,130-150,140--150,140--150,180--220,,160--190,160--170,160-170,150-160,140--160
2022-05-26,Leeks,180-200,150--170,150--170,190--220,,190--210,180--190,190-200,180-200,130--160
2022-05-27,Leeks,180-200,180--200,150--200,220--250,,200--220,190--200,210-220,180-200,180--200
2022-05-30,Leeks,180-190,180--200,120--160,220--260,,230--250,175--180,200-210,,200--220
2022-05-31,Leeks,200-220,180--200,150--180,220--250,,220--240,180--190,200-210,180-200,210--230
2022-06-01,Leeks,250-270,210--220,170--200,230--240,,230--250,200-210,200-205,180--200,
2022-06-04,Leeks,120-140,90--110,90--110,120--130,,100--110,75--85,90-95,80-100,80--100
2022-06-06,Leeks,190-210,170--190,130--160,210--220,,200--220,170--180,170-190,,200--220
2022-06-07,Leeks,140-150,190--200,160--180,200--220,,160--180,140--150,150-160,140-160,190--200
2022-06-09,Leeks,150--160,140--150,140--160,200--220,,160-180,150--160,160-170,150-160,170--180
2022-06-10,Leeks,150--180,200--220,200--230,260--270,,230-250,200--210,210-220,180-220,230--250
2022-06-12,Leeks,320--330,330--350,320--360,380--410,,370-390,,330-340,280-320,360--380
2022-06-13,Leeks,180-200,170--200,180--200,200--230,,180--210,,170-180,,200--220
2022-06-15,Leeks,160-180,170--190,,,,,150--170,180-190,180-200,
2022-06-16,Leeks,180-200,160--180,180--220,220--230,,200--220,170--180,180-190,180-200,180--200
2022-06-17,Leeks,180-200,170--180,150--160,220--230,,190--210,160--170,170-180,170-180,180--200
2022-06-20,Leeks,160-180,140--160,180--200,190--200,,190--210,140--160,120-130,,180--200
2022-06-21,Leeks,130-140,120--140,150--180,170--190,,180--200,130--140,120-140,150-160,
2022-06-22,Leeks,150-170,100--120,180--190,160--180,,160--180,120--130,120-140,140-150,170--180
2022-06-23,Leeks,150-170,120--140,170--190,160--170,,160--180,145--155,150-160,150-160,170--180
2022-06-24,Leeks,150-160,150--160,170--180,180--190,,160--180,150--160,160-170,130-140,160--180
2022-06-27,Leeks,120-160,170--180,100--120,190--220,,180--200,150--160,150-160,,190--200
2022-06-28,Leeks,130-170,150--160,130--140,190--220,,180--200,150--160,140-150,120-150,180--200
2022-06-29,Leeks,160-180,170--180,110--120,180--210,,170--190,135--140,130-140,130-150,180--200
2022-06-30,Leeks,150-180,170--180,140--160,170--190,,160--180,120--130,130-140,120-150,160--200
2022-07-01,Leeks,220-250,200--210,180--220,230--240,,200--230,180-200,190-195,170--200,
2022-07-03,Leeks,80-90,80--90,80--90,110--120,,100--120,70--80,80-90,,110--120
2022-07-04,Leeks,70-100,80--90,70--90,110--120,,90--100,65--75,80-85,80-90,80--100
2022-07-06,Leeks,160-200,160--180,180--200,210--220,,190--200,170--180,170-180,180-200,190--200
2022-07-07,Leeks,160-180,160--180,120--150,220--230,,170--190,150--160,150-160,140-160,200--200
2022-07-09,Leeks,140--160,140--160,200--250,200--220,,160-180,140--150,160-170,150-160,170--180
2022-07-10,Leeks,160--180,220--230,190--210,240--270,,220-240,200--210,210-220,200-220,240--250
2022-07-14,Leeks,230-250,160--200,160--180,,,190--210,160--170,170-180,150-160,
2022-07-15,Leeks,180-200,180--200,150--160,230--250,,180--200,140--150,160-170,150-170,230--260
2022-07-18,Leeks,180-200,150--180,170--190,210--220,,170--200,150--160,150-160,,190--200
2022-07-19,Leeks,160-180,150--170,160--180,190--200,,170--200,130--140,140-150,140-160,180--200
2022-07-20,Leeks,160-170,110--120,130--160,180--200,,180--200,140--160,140-150,140-150,190--220
2022-07-21,Leeks,160-180,200--210,150--170,180--200,,180--210,150--160,140-150,140-160,200--200
2022-07-22,Leeks,180-200,170--180,150--180,180--200,,180--200,140--150,140-150,140-160,180--220
2022-07-25,Leeks,130-150,120--130,100--120,190--200,,160--180,140--150,140-150,,210--220
2022-07-26,Leeks,170-190,120--130,120--130,180--200,,160--180,120--130,130-140,140-150,180--180
2022-07-27,Leeks,160-180,130--140,120--140,180--200,,150--170,110--120,130-140,130-140,180--180
2022-07-28,Leeks,180-200,130--140,100--140,180--190,,150--170,100--120,120-130,120-130,180--200
2022-07-29,Leeks,150-160,80--100,130--150,170--180,,140--160,90--110,110-120,100-120,180--180
2022-08-02,Leeks,120-130,140--160,150--180,150--170,,150--160,125-130,130-140,150--150,
2022-08-03,Leeks,80-100,80--90,70--85,110--120,,100--110,60--70,70-90,80-100,100--110
2022-08-04,Leeks,70-90,80--90,70--90,100--120,,80--100,50--65,80-85,60-80,80--100
2022-08-06,Leeks,180-200,160--180,220--240,200--220,,180--200,160--170,160-170,160-180,190--200
2022-08-08,Leeks,140-150,100--120,110--130,160--180,,130--150,100--110,110-120,,150--180
2022-08-09,Leeks,140--150,160--180,140--160,200--220,,170-180,140--150,150-160,150-160,150--180
2022-08-11,Leeks,200--220,220--240,200--220,,,210-230,190--200,200-210,170-190,
2022-08-15,Leeks,160-180,180--200,180--210,220--250,,200--220,170--190,180-200,,180--190
2022-08-16,Leeks,180-200,190--200,170--180,220--250,,220--240,160--170,170-180,150-170,200--220
2022-08-17,Leeks,160-170,170--180,140--150,220--240,,210--230,160--170,170-180,140-150,180--200
2022-08-18,Leeks,170-180,180--200,140--180,180--200,,180--200,140--150,150-160,130-140,190--220
2022-08-19,Leeks,160-180,150--170,150--160,190--200,,170--200,130--140,140-150,140-150,180--210
2022-08-22,Leeks,150-160,140--150,160--170,160--190,,160--170,150--160,160-170,,170--190
2022-08-23,Leeks,150-160,180--200,180--200,200--220,,170--200,130--150,160-170,130-150,160--180
2022-08-24,Leeks,150-160,150--160,140--170,180--220,,170--200,150--160,160-170,150-170,180--200
2022-08-25,Leeks,140-150,150--170,160--180,200--220,,180--200,150--160,160-170,150-160,180--220
2022-08-26,Leeks,140-150,150--170,130--150,200--230,,180--200,145--155,150-160,140-160,200--200
2022-08-29,Leeks,150-160,150--170,130--160,190--200,,160--180,140--150,140-150,,170--180
2022-08-30,Leeks,140-160,150--170,130--140,190--200,,150--170,140--145,140-150,140-160,150--190
2022-09-02,Leeks,130-150,100--120,130--150,160--180,,140--160,120-130,120-130,150--150,
2022-09-03,Leeks,70-80,70--80,75--90,100--110,,80--100,70--80,70-80,70-80,90--100
2022-09-05,Leeks,100-120,100--110,90--100,140--150,,100--120,90--100,110-115,,110--130
2022-09-06,Leeks,160-180,180--190,170--200,210--220,,180--200,160--170,160-170,180-190,200--200
2022-09-08,Leeks,150-170,120--140,120--130,,,140--160,,110-120,,140--180
2022-09-09,Leeks,140--150,150--170,140--150,,,170-180,,160-170,150-160,190--200
2022-09-11,Leeks,200--220,200--220,220--250,240--270,,220-240,190--200,210-215,180-200,220--240
2022-09-12,Leeks,320--350,280--300,300--350,360--380,,320-350,280--310,320-330,300-320,340--370
2022-09-13,Leeks,230--240,250--260,220--250,250--270,,220-240,200--220,210-220,200-220,250--260
2022-09-14,Leeks,220--230,240--260,240--280,260--270,,220-240,210--220,200-220,220-230,240--260
2022-09-15,Leeks,230--250,200--220,230--250,250--260,,230-250,200--210,200-210,220-240,240--270
2022-09-16,Leeks,150--160,160--180,150--180,250--260,,220-250,180--190,190-200,180-200,240--250
2022-09-19,Leeks,200--220,200--220,180--220,230--240,,220-240,200--210,190-210,,210--240
2022-09-20,Leeks,200--220,210--230,220--240,240--260,,220-240,200--220,200-210,180-200,230--240
2022-09-21,Leeks,200--220,200--220,180--230,250--260,,220-240,180--200,210-220,200-220,220--230
2022-09-22,Leeks,200--230,220--240,180--240,240--260,,220-240,200--210,210-220,180-200,220--230
2022-09-23,Leeks,220--240,220--230,200--250,250--260,,220-250,200--210,200-210,200-220,230--250
2022-09-26,Leeks,250--260,200--220,180--220,240--260,,220-240,210--220,200-210,,240--250
2022-09-27,Leeks,250--270,200--220,180--220,240--260,,220-240,210--220,200-210,200-220,230--250
2022-09-28,Leeks,220--240,200--210,180--210,240--260,,230-250,200--220,200-220,200-220,230--250
2022-09-29,Leeks,180--190,200--210,200--220,240--250,,210-240,210--220,210-220,200-230,220--240
2022-09-30,Leeks,150--170,190--210,180--220,240--260,,220-240,200--210,210-220,210-220,220--250
2022-10-01,Leeks,220-250,180--200,180--200,190--200,,180--200,160-170,160-170,,
2022-10-02,Leeks,140-150,100--120,100--130,150--160,,140--150,120-125,110-120,130--150,
2022-10-03,Leeks,70-80,80--90,80--90,90--100,,80--100,65--75,65-75,70-80,85--95
2022-10-06,Leeks,180-200,170--180,140--170,200--220,,180--200,170--180,170-180,170-180,200--220
2022-10-08,Leeks,150-160,130--150,120--140,,,140--160,,110-120,100-120,120--140
2022-10-10,Leeks,180--200,200--220,200--240,,,220-250,210--220,200-210,,
2022-10-11,Leeks,200--220,200--220,200--230,250--270,,220-240,200--220,210-220,200-220,220--250
2022-10-13,Leeks,160--180,170--180,180--200,230--250,,200-230,170--180,190-200,190-210,180--220
2022-10-14,Leeks,150--160,170--180,120--150,230--240,,210-230,170--180,170-180,160-170,190--230
2022-10-17,Leeks,180--200,180--200,200--220,200--240,,190-210,160--170,180-190,,190--210
2022-10-18,Leeks,160--180,180--200,180--220,210--240,,190-220,180--190,180-190,160-180,200--220
2022-10-19,Leeks,180--200,180--200,170--200,220--240,,190-220,180--190,190-200,180-200,200--220
2022-10-20,Leeks,180--200,180--200,190--210,230--240,,200-220,180--190,190-200,160-180,200--220
2022-10-21,Leeks,200--230,200--220,200--210,220--240,,200-220,180--190,190-210,180-200,200--220
2022-10-25,Leeks,180--190,200--210,190--220,230--250,,220-240,200--210,210-220,180-200,220--220
2022-10-26,Leeks,180--200,250--280,200--230,230--280,,200-220,180--200,210-220,170-190,220--220
2022-10-27,Leeks,200--230,250--260,200--230,250--260,,210-240,190--200,190-200,190-210,220--230
2022-10-28,Leeks,180--200,220--230,180--210,240--250,,220-240,180--200,190-200,190-200,220--230
2022-10-31,Leeks,180--210,200--220,230--280,230--250,,220-240,180--190,190-200,,220--230
2022-11-01,Leeks,200-220,180--200,180--220,190--200,,190--200,170-180,160-170,160--170,
2022-11-02,Leeks,100-120,120-130,100--140,140-160,,140--160,120-125,110-120,120--140,
2022-11-03,Leeks,70-80,70--80,80--90,80--90,,80--90,70--80,85-95,60-80,80--90
2022-11-07,Leeks,300-340,190--200,180--200,290--300,,190--200,170--180,160-170,,240--260
2022-11-10,Leeks,150--180,210--230,180--210,240--260,,220-240,190--210,200-220,180-200,220--240
2022-11-11,Leeks,200--220,200--220,200--230,250--260,,220-240,200--220,210-220,200-220,220--240
2022-11-14,Leeks,180--200,220--240,230--250,,,220-240,210--220,200-210,,220--260
2022-11-15,Leeks,240--260,250--270,200--230,250--280,,200-230,210--220,230-240,200-220,230--250
2022-11-16,Leeks,200--220,240--250,210--230,250--290,,220-240,230--240,250-260,200-230,240--260
2022-11-17,Leeks,250--300,230--240,200--230,260--290,,260-280,240--250,250-260,200-210,240--270
2022-11-18,Leeks,280--300,280--300,240--260,300--320,,260-290,280--290,280-300,250-270,270--280
2022-11-21,Leeks,320--330,320--330,300--350,340--350,,320-340,310--320,290-300,,340--350
2022-11-22,Leeks,320--330,300--320,300--350,330--350,,310-330,290--300,280-290,250-280,330--340
2022-11-23,Leeks,330--350,280--300,330--350,330--350,,320-340,280--300,290-300,280-320,280--330
2022-11-24,Leeks,250--280,300--320,340--360,330--350,,300-330,310--320,310-320,300-320,300--350
2022-11-25,Leeks,300--320,340--350,330--350,360--400,,360-380,330--350,340-360,300-330,320--360
2022-11-28,Leeks,360--380,370--380,360--400,400--420,,390-410,330--350,335-345,,370--380
2022-11-29,Leeks,360--380,360--370,280--330,390--420,,380-400,320--340,330-345,280-320,360--380
2022-11-30,Leeks,250--260,360--370,300--350,360--420,,360-370,320--340,340-350,300-340,360--400
2022-12-01,Leeks,190-200,170--190,170--200,190--210,,180--200,170-180,180-185,180--200,
2022-12-04,Leeks,150-160,80--90,80--90,110--130,,110--130,70--75,70-80,70-90,95--100
2022-12-05,Leeks,280-300,,220--250,,,160--170,100--110,110-115,120-140,
2022-12-07,Leeks,200-220,230--250,200--220,230--250,,180--200,,170-180,180-200,250--280
2022-12-08,Leeks,140-150,140--150,150--160,,,140--160,120--130,120-130,120-130,
2022-12-09,Leeks,180--200,220--230,200--220,230--250,,200-220,200--220,210-220,,200--230
2022-12-10,Leeks,150--180,200--210,180--200,230--260,,210-230,200--210,200-220,180-200,220--240
2022-12-12,Leeks,340-350,300--320,280--330,370--390,,350--370,330--350,360-370,300-320,350--380
2022-12-13,Leeks,320--340,300--320,300--350,380--420,,380-420,330--350,360-370,320-340,360--380
2022-12-14,Leeks,300--320,300--320,300--350,380--420,,380-400,330--350,360-370,320-350,340--380
2022-12-15,Leeks,300--320,330--350,300--350,400--430,,370-400,320--350,340-360,330-350,380--400
2022-12-16,Leeks,300--320,320--350,280--350,390--410,,370-400,300--330,310-320,300-330,360--400
2022-12-19,Leeks,330--350,320--340,300--350,360--380,,320-340,300--320,290-310,,350--360
2022-12-20,Leeks,330-350,300--330,300--320,330--360,,320--350,280--300,300-320,300-320,330--350
2022-12-21,Leeks,300--330,320--340,300--330,350--380,,320-350,280--300,310-320,300-320,350--360
2022-12-22,Leeks,250--270,230--250,250--280,350--370,,320-350,250--260,310-320,250-270,300--340
2022-12-23,Leeks,320--350,250--280,270--300,350--360,,340-370,260--270,290-300,220-250,300--340
2022-12-26,Leeks,320--350,380--400,350--380,350--360,,350-380,270--280,290-300,,
2022-12-27,Leeks,280--300,320--340,280--320,330--370,,340-370,260--300,290-300,280-300,340--380
2022-12-28,Leeks,300--320,300--320,280--320,330--370,,330-350,260--300,280-300,280-300,320--360
2022-12-29,Leeks,300--320,280--300,280--320,340--360,,340-350,250--300,280-290,280-300,340--360
2022-12-30,Leeks,230--250,300--320,260--300,320--360,,330-350,280--300,290-300,260-280,330--360
2023-01-02,Leeks,170--190,150--160,150--180,180--200,,150-180,120--140,140-150,140-160,150--200
2023-01-03,Leeks,150--160,170--180,150--170,180--200,,140-160,150--160,150-160,,180--180
2023-01-06,Leeks,200--220,240--250,240--280,270--320,,290-320,230--250,260-270,,270--300
2023-01-09,Leeks,70--80,80--90,80--110,90--110,,80-90,60--70,70-80,,90--120
2023-01-11,Leeks,120--130,100--120,100--120,130--150,,110-130,100--120,110-120,,100--130
2023-01-12,Leeks,180--200,200--220,180--220,230--260,,220-240,180--200,190-200,,240--260
2023-01-16,Leeks,180--200,260--280,180--220,290--300,,250-280,230--240,230-240,,240--290
2023-01-17,Leeks,200--220,250--260,200--240,260--300,,250-280,240--250,240-240,240-260,260--290
2023-01-18,Leeks,230--250,220--250,300--330,270--280,,240-260,230--240,220-230,220-240,250--280
2023-01-19,Leeks,230--250,220--250,200--220,270--280,,240-260,210--230,210-220,200-220,260--270
2023-01-20,Leeks,230--250,200--230,200--230,250--260,,220-240,200--210,200-220,220-240,240--260
2023-01-23,Leeks,200--220,230--250,180--220,220--240,,220-240,190--200,200-220,,200--240
2023-01-24,Leeks,200--220,220--250,150--220,230--250,,220-240,200--210,210-220,200-220,220--250
2023-01-25,Leeks,180--200,220--230,180--210,230--250,,220-240,180--200,190-200,180-200,200--230
2023-01-26,Leeks,220--250,220--240,210--240,230--250,,230-260,170--180,190-200,160-180,220--260
2023-01-27,Leeks,190--200,200--220,180--220,240--250,,210-230,170--180,180-190,150-170,200--240
2023-01-30,Leeks,180--200,170--190,130--160,200--210,,150-180,150--160,160-170,,200--230
2023-02-01,Leeks,260--300,280--300,300--330,,,320-340,280--300,270-280,,350--370
2023-02-02,Leeks,180--190,160--200,150--180,190--200,,150-170,130--140,140-150,130-150,130--190
2023-02-03,Leeks,170--180,180--190,140--160,180--200,,150-170,140--150,,,160--180
2023-02-05,Leeks,180--200,180--200,230--260,200--250,,180-200,140--160,180-190,,180--190
2023-02-06,Leeks,300--320,270--280,240--280,300--330,,290-330,,260-270,,280--300
2023-02-08,Leeks,130--150,110--120,120--150,,,110-130,100--120,100-110,,
2023-02-10,Leeks,60--80,70--80,75--90,90--110,,70-90,50--60,70-80,,80--100
2023-02-11,Leeks,120--130,100--120,120--130,130--140,,120-130,100--110,110-120,,120--130
2023-02-13,Leeks,180--200,180--200,140--180,180--210,,160-180,170--180,160-180,,190--200
2023-02-14,Leeks,170--180,160--180,180--220,180--230,,160-180,160--180,170-180,150-170,190--190
2023-02-15,Leeks,160--180,170--200,160--200,190--230,,170-200,170--190,170-180,180-200,180--220
2023-02-16,Leeks,180--200,180--210,160--200,210--230,,200-220,170--180,180-190,180-200,200--230
2023-02-17,Leeks,180--200,180--200,180--200,200--240,,180-200,160--180,190-200,180-200,200--220
2023-02-20,Leeks,150--160,160--180,180--200,200--210,,180-200,150--160,160-170,,180--200
2023-02-21,Leeks,150--170,160--180,170--220,180--200,,170-200,160--165,150-160,,180--220
2023-02-22,Leeks,160--180,160--170,170--200,180--200,,180-200,150--160,160-170,,180--210
2023-02-23,Leeks,180--200,150--170,160--200,190--200,,190-210,160--170,160-170,,180--200
2023-02-24,Leeks,180--200,150--170,160--200,180--210,,170-190,150--160,150-160,,190--200
2023-02-27,Leeks,160--180,150--160,160--180,170--190,,150-180,150--155,150-160,,170--190
2023-02-28,Leeks,120--140,160--170,160--180,180--200,,150-170,150--160,150-160,,180--180
2023-03-01,Leeks,300--320,280--300,250--300,320--360,,310-330,250--260,260-270,260-280,320--330
2023-03-02,Leeks,180--200,160--170,140--160,180--210,,150-170,130--140,150-160,140-160,150--190
2023-03-03,Leeks,150--170,150--170,150--180,190--200,,160-180,140--150,150-160,,170--180
2023-03-04,Leeks,160--180,170--180,170--210,200--250,,190-220,170--180,190-200,,190--200
2023-03-05,Leeks,180--200,180--200,180--200,180--250,,190-210,150--160,180-190,,180--200
2023-03-08,Leeks,150--160,110--120,120--140,120--140,,110-130,100--120,110-120,,130--160
2023-03-10,Leeks,70--80,90--100,60--80,90--110,,75-90,60--70,70-80,,80--100
2023-03-11,Leeks,100--120,90--100,100--130,140--160,,130-150,100--110,110-130,,120--150
2023-03-13,Leeks,150--160,150--160,140--160,200--220,,150-170,140--145,150-160,,150--170
2023-03-14,Leeks,150--170,140--150,140--180,180--210,,150-170,130--140,160-170,,160--160
2023-03-15,Leeks,140--160,150--170,150--180,170--200,,140-160,120--130,160-170,,160--180
2023-03-16,Leeks,140--150,160--170,140--180,170--190,,150-170,140--160,150-160,,170--170
2023-03-17,Leeks,140--150,150--160,160--180,200--220,,150-170,150--160,150-160,,170--180
2023-03-20,Leeks,150--160,150--160,150--180,170--200,,150-180,140--150,150-160,,170--180
2023-03-21,Leeks,140--150,140--150,140--170,160--190,,150-170,140--150,150-160,,140--190
2023-03-22,Leeks,140--160,140--150,150--180,170--200,,150-170,120--140,140-140,,150--165
2023-03-23,Leeks,140--160,150--160,140--160,170--200,,140-160,150--160,150-160,,150--170
2023-03-24,Leeks,140--150,130--140,140--170,170--200,,140-160,140--145,150-160,,150--160
2023-03-27,Leeks,180--220,200--210,170--220,200--240,,200-220,190--200,200-210,,190--220
2023-03-28,Leeks,200--220,230--240,200--220,240--260,,220-240,200--210,210-220,,190--220
2023-03-29,Leeks,180--200,200--220,200--220,220--260,,220-240,170--180,190-200,,220--230
2023-03-30,Leeks,200--210,220--230,180--220,200--260,,210-230,180--190,190-200,,220--230
2023-03-31,Leeks,180--200,190--210,170--200,220--260,,210-230,150--170,190-200,,200--220
2023-04-01,Leeks,220--250,250--280,250--300,320--350,,290-320,250--260,240-250,240-260,280--320
2023-04-04,Leeks,160--180,170--180,140--180,180--250,,190-220,,190-200,,180--190
2023-04-05,Leeks,180--220,180--200,180--200,200--250,,180-200,,170-180,,180--200
2023-04-07,Leeks,180--200,170-180,160--180,,,210-230,170--180,180-190,,
2023-04-08,Leeks,130--140,110--120,120--140,130--150,,130-150,120--130,130-140,,130--160
2023-04-09,Leeks,80--100,60--70,60--70,70--100,,70-90,60--70,50-60,,70--90
2023-04-10,Leeks,80--100,60--80,60--80,85--90,,70-90,50--60,80-90,,80--100
2023-04-12,Leeks,180--220,200--220,200--250,220--250,,230-250,180--210,210-220,,230--260
2023-04-17,Leeks,180--200,210--220,230--250,,,190-220,180--190,190-200,,
2023-04-18,Leeks,180--200,220--230,160--180,210--240,,220-240,170--180,190-200,,210--250
2023-04-19,Leeks,180--200,220--230,200--220,200--260,,200-230,160--180,190-200,,220--230
2023-04-20,Leeks,180--200,200--220,150--200,200--250,,210-230,180--190,190-200,,190--220
2023-04-21,Leeks,140--150,150--170,150--170,200--260,,200-220,180--190,200-210,,210--220
2023-04-24,Leeks,180--200,200--210,180--200,180--240,,190-220,180--190,190-200,,210--230
2023-04-25,Leeks,180--200,180--190,150--180,200--240,,180-200,160--170,180-190,,180--210
2023-04-26,Leeks,150--180,170--180,170--200,200--240,,180-210,150--160,180-190,,190--210
2023-04-27,Leeks,180--200,190--210,170--200,190--240,,180-200,150--160,180-190,,180--200
2023-04-28,Leeks,180--200,190--200,160--180,200--240,,180-200,150--160,180-190,,170--200
2023-05-01,Leeks,160--180,260--280,250--300,260--290,,280-300,,210-220,220-240,290--300
2023-05-06,Leeks,280--300,280--300,220--260,300--350,,300-320,260--270,260-270,,280--320
2023-05-07,Leeks,170--180,180-190,180--200,,,210-230,160--170,170-180,,180--220
2023-05-09,Leeks,100--120,60--70,70--80,90--110,,70-80,50--60,50-60,,75--90
2023-05-10,Leeks,70--80,60--70,70--90,90--100,,80-90,60--65,70-80,,80--100
2023-05-12,Leeks,280--300,200--220,210--260,230--250,,240-260,200--220,210-220,,230--270
2023-05-15,Leeks,220--250,280--290,260--300,300--320,,280-300,200--220,260-270,,180--260
2023-05-16,Leeks,250--280,250--270,240--280,320--340,,290-310,270--280,290-300,,260--270
2023-05-17,Leeks,260--300,300--320,270--300,290--340,,290-310,260--270,290-300,,270--300
2023-05-18,Leeks,250--280,280--300,280--320,290--340,,300-320,270--280,290-300,,280--300
2023-05-19,Leeks,250--300,290--300,250--300,280--340,,300-320,250--270,260-270,,280--290
2023-05-22,Leeks,240--250,260--280,270--300,300--320,,280-300,220--230,240-250,,280--290
2023-05-23,Leeks,280--300,260--270,260--300,260--300,,280-300,230--250,260-270,,250--270
2023-05-24,Leeks,280--300,250--270,240--280,270--300,,280-310,230--250,280-290,,250--280
2023-05-25,Leeks,250--280,280--300,260--280,270--320,,290--320,,310--320,,240--300
2023-05-26,Leeks,280--300,290--300,230--280,350--380,,,280--300,310-320,,280--300
2023-05-29,Leeks,200--220,270--280,180--230,300--360,,300-320,250--260,280-290,,280--300
2023-05-30,Leeks,280--300,250--260,250--280,300--370,,300-320,230--250,260-270,,290--300
2023-06-02,Leeks,200--250,170--180,200--220,,,210-240,170--190,190-200,,
2023-06-04,Leeks,180--200,170--180,160--220,,,180-220,140--160,180-190,,
2023-06-06,Leeks,280--300,280--300,260--300,290--330,,,260--270,270-280,,280--300
2023-06-07,Leeks,180--200,180--200,180--220,,,190-220,160--170,170-180,,200--220
2023-06-09,Leeks,60--80,60--70,60--80,90--110,,70-80,50--60,50-60,,80--100
2023-06-10,Leeks,50--60,70--80,60--80,90--100,,70-80,60--70,70-80,,80--100
2023-06-11,Leeks,100--120,90--110,100--120,130--140,,130-150,80--90,90-110,,100--120
2023-06-12,Leeks,200--220,220--250,180--240,240--260,,230-250,200--220,210-220,,250--280
2023-06-13,Leeks,240--250,230--250,200--240,250--300,,240-260,210--220,230-240,,250--270
2023-06-14,Leeks,240--250,220--240,180--230,250--290,,240-260,200--220,230-240,,240--260
2023-06-15,Leeks,220--240,200--230,230--280,250--290,,250-270,200--220,230-240,,250--260
2023-06-16,Leeks,180--200,200--220,240--280,240--290,,230-250,220--230,220-230,,230--270
2023-06-19,Leeks,180--200,190--200,200--240,230--270,,240-260,180--190,190-200,,240--300
2023-06-20,Leeks,180--200,180--200,150--200,220--260,,230-250,180--190,190-200,,230--240
2023-06-21,Leeks,150--160,200--220,200--220,220--260,,230-250,170--180,,,220--260
2023-06-22,Leeks,120--130,180--200,180--220,220--260,,230-240,180--190,,,200--220
2023-06-23,Leeks,250--260,180--200,180--240,220--250,,220--240,180--190,190--200,,200--220
2023-06-26,Leeks,200--220,200--210,170--190,220--260,,210-230,160--180,190-200,,200--220
2023-06-27,Leeks,200--220,190--200,180--200,240--260,,210-230,180--190,190-200,,200--210
2023-06-28,Leeks,200--220,160--180,150--180,200--250,,210-230,170--180,190-200,,200--220
2023-06-30,Leeks,180--200,150--180,150--160,200--250,,200-220,160--180,190-200,,210--220
2023-07-02,Leeks,200--230,200--220,170--190,230--270,,200-230,170--190,190-200,160-180,220--240
2023-07-03,Leeks,150--160,150--160,150--180,,,160-180,135--140,130-140,,
2023-07-06,Leeks,220--250,250--280,200--250,300--350,,290-320,250--260,260-270,,280--290
2023-07-07,Leeks,130--150,160--180,160--180,,,180-200,150--160,170-180,,190--220
2023-07-08,Leeks,80--100,100--120,130--160,150--170,,140-150,110--120,110-120,,120--150
2023-07-09,Leeks,60--80,70--80,70--90,80--90,,70-80,50--60,50-60,,60--90
2023-07-11,Leeks,80--100,90--110,80--110,120--130,,,,90-100,,100--120
2023-07-12,Leeks,250--280,240--250,200--220,240--260,,230-250,200--220,225-235,,250--270
2023-07-13,Leeks,120--140,150--160,110--150,,,130-150,120--140,150-160,,140--160
2023-07-14,Leeks,150--160,140--150,150--180,,,150-170,130--150,150-160,,140--160
2023-07-17,Leeks,150--160,140--150,140--180,180--200,,160-180,110--120,130-140,,160--180
2023-07-18,Leeks,150--160,140--150,120--150,170--200,,150-170,120--130,130-140,,150--180
2023-07-19,Leeks,100--120,140--150,130--150,160--180,,150-170,110--120,130-140,,140--160
2023-07-20,Leeks,100--120,140--150,120--130,130--170,,150-170,120--130,130-140,,140--160
2023-07-21,Leeks,150--160,130--140,100--140,160--180,,130-160,120--130,130-140,,130--180
2023-07-24,Leeks,130--150,110--120,120--150,160--180,,140-160,100--120,110-120,,150--180
2023-07-25,Leeks,150--160,110--120,120--140,150--170,,140-160,110--120,110-120,,130--160
2023-07-26,Leeks,,110--120,120--150,150--160,,140-160,100--110,110-120,,150--170
2023-07-27,Leeks,100--120,110--130,110--140,140--160,,140-150,100--110,110-120,,140--150
2023-07-28,Leeks,120--140,110--130,100--120,140--160,,130-150,110--115,110-120,,130--140
2023-08-02,Leeks,180--200,180--200,180--220,210--240,,200-230,150--160,170-180,170-190,210--230
2023-08-03,Leeks,150--170,170--180,150--170,160--200,,150-170,130--140,130-140,,150--180
2023-08-05,Leeks,150--180,200--210,200--230,200--240,,200-220,160--170,180-190,,
2023-08-06,Leeks,220--230,240--260,200--220,290--330,,290-320,240--250,260-270,,240--280
2023-08-08,Leeks,100--120,140--160,100--130,130--150,,130-150,90--100,100-110,,140--150
2023-08-09,Leeks,50--60,60--70,70--80,80--90,,70-80,50--60,50-60,,80--100
2023-08-11,Leeks,80--100,100--120,80--100,110--120,,110-130,80--90,120-140,,100--120
2023-08-12,Leeks,200--220,200--220,200--220,,,230-250,200--230,230-240,,250--270
2023-08-14,Leeks,100--120,120--130,100--120,120--130,,110-130,100--110,100-110,,120--160
2023-08-15,Leeks,80--100,120--130,100--120,130--140,,120-130,90--100,100-110,,120--130
2023-08-16,Leeks,100--120,100--110,90--120,120--130,,100-120,90--100,90-100,,120--150
2023-08-17,Leeks,80--120,100--110,80--110,120--130,,100-120,85--95,90-100,,120--130
2023-08-18,Leeks,80--100,90--100,80--100,100--120,,100-120,70--80,80-90,,120--140
2023-08-21,Leeks,100--120,90--100,80--100,100--120,,90-120,60--80,80-90,,100--120
2023-08-22,Leeks,80--100,90--100,90--100,100--130,,100-120,80--90,90-100,,100--120
2023-08-23,Leeks,100--120,80--90,90--120,110--120,,100-110,70--90,90-100,,90--110
2023-08-24,Leeks,80--100,90--100,80--110,100--120,,100-110,70--80,90-100,,100--130
2023-08-25,Leeks,90--100,90--100,80--110,100--120,,100-110,70--80,90-100,,100--120
2023-08-28,Leeks,80--100,80--90,85--110,100--120,,100-110,70--80,80-90,,90--110
2023-08-29,Leeks,80--100,80--90,85--100,110--120,,100-110,,80-90,,100--100
2023-08-31,Leeks,70--80,80--90,80--100,,,90-100,60--70,70-80,,
2023-09-01,Leeks,220--250,200--210,200--230,200--220,,200-230,200--230,180-200,,220--250
2023-09-02,Leeks,150--170,170--180,180--220,200--240,,190-200,150--160,160-170,160-180,150--200
2023-09-03,Leeks,160--180,170--180,140--160,180--200,,150-170,130--140,130-140,,160--180
2023-09-05,Leeks,150--180,200--210,180--220,200--250,,200-220,160--170,180-190,,200--240
2023-09-06,Leeks,230--250,250--260,230--280,300--340,,280-310,220--230,250-260,,250--270
2023-09-08,Leeks,100--120,120--130,120--140,140--150,,120-130,80--90,90-100,,130--140
2023-09-10,Leeks,70--80,60--70,60--70,60--90,,70-80,60--65,60-70,,80--90
2023-09-11,Leeks,100--120,110--120,100--120,110--130,,120-140,90--100,110-130,,100--110
2023-09-13,Leeks,50--60,60--70,60--80,80--90,,60-70,45--55,50-60,,70--90
2023-09-14,Leeks,50--60,60--70,60--80,80--90,,60-70,50--60,55-65,,65--90
2023-09-15,Leeks,60--70,50--60,80--100,70--75,,60-70,50--60,55-65,,80--90
2023-09-18,Leeks,40--60,60--70,60--70,70--80,,60-70,45--55,50-60,,60--90
2023-09-19,Leeks,80--100,60--70,70--80,70--80,,60-70,45--55,50-60,,80--90
2023-09-20,Leeks,40--60,50--60,60--70,70--90,,50-65,40--50,50-60,,65--90
2023-09-21,Leeks,50--60,50--60,45--60,70--90,,50-60,45--55,40-50,,60--90
2023-09-22,Leeks,40--60,50--60,40--60,60--80,,50-60,45--55,40-50,,60--80
2023-09-25,Leeks,50--60,40--50,50--65,60--80,,50-60,40--50,45-55,,55--80
2023-09-26,Leeks,50--60,50--60,40--60,60--70,,50-60,40--50,40-50,,60--80
2023-10-01,Leeks,200--220,200--220,200--230,220--240,,210-230,200--220,210-220,200-220,200--230
2023-10-02,Leeks,130--160,170--180,170--200,120--180,,180-200,140--150,150-160,150-170,180--190
2023-10-03,Leeks,150--160,150--160,160--180,180--190,,150-170,100--120,,,150--170
2023-10-04,Leeks,150--180,160--180,150--160,190--250,,190-220,180--190,190-200,,190--200
2023-10-05,Leeks,150--180,180--200,180--200,180--250,,200-220,150--170,180-190,,200--220
2023-10-07,Leeks,150--170,130--150,120--150,,,150-180,120--130,120-130,,120--170
2023-10-08,Leeks,120--130,120--130,120--140,130--150,,110-130,80--90,90-100,,120--160
2023-10-10,Leeks,60--80,50--60,60--70,80--100,,80-90,50--70,60-70,,80--100
2023-10-11,Leeks,100--120,100--120,100--120,110--130,,120-150,100--110,110-130,,100--130
2023-10-13,Leeks,60--80,70--80,50--60,80--90,,60-80,50--60,50-70,,80--100
2023-10-16,Leeks,60--80,50--60,70--90,60--80,,70-80,50--60,60-70,,70--80
2023-10-17,Leeks,50--70,60--70,60--80,80--90,,70-80,50--60,60-70,,70--100
2023-10-18,Leeks,50--60,60--70,70--80,70--90,,70-80,50--65,55-65,,70--100
2023-10-19,Leeks,60--80,70--80,70--90,70--90,,70-80,50--60,60-65,,70--100
2023-10-20,Leeks,50--70,70--80,60--70,60--80,,70-80,50--65,60-70,,70--100
2023-10-23,Leeks,50--70,70--80,50--80,80--100,,75-85,60--70,60-70,,70--110
2023-10-24,Leeks,60--80,70--80,60--80,80--100,,80-90,50--60,60-70,,80--100
2023-10-25,Leeks,50--70,60--70,60--80,80--100,,80-90,50--60,60-70,,70--85
2023-10-26,Leeks,70--80,70--80,65--80,80--90,,80-90,60--70,70-80,,70--100
2023-10-27,Leeks,80--100,80--100,70--85,80--100,,80-90,,70-80,,70--80
2023-10-30,Leeks,100--130,100--120,120--140,100--130,,120-130,100--120,110-120,,120--130
2023-10-31,Leeks,100--120,100--120,100--130,120--140,,120-140,100--120,110-120,,130--140
2023-11-01,Leeks,230--250,220--230,200--220,240--280,,220-240,240--250,230-250,220-240,200--250
2023-11-04,Leeks,160--180,160--180,150--170,200--240,,180-210,140--150,190--200,,180--200
2023-11-05,Leeks,180--200,180--200,180--220,190--240,,200-220,160--170,180-190,,180--230
2023-11-07,Leeks,100--120,120--150,120--150,,,150-170,110--120,120-130,,150--160
2023-11-08,Leeks,130--150,120--130,100--140,130--150,,110-120,80--100,90-100,,110--260
2023-11-09,Leeks,70--80,70--80,60--80,80--100,,70-80,50--60,50-60,,80--90
2023-11-10,Leeks,60--80,50--60,50--65,70--90,,65-80,50--65,65-70,,80--100
2023-11-12,Leeks,220--250,230--250,220--240,250--300,,250-270,200--230,230-240,,230--250
2023-11-13,Leeks,150--170,160--180,180--220,120--140,,180-200,120--150,160-170,,120--130
2023-11-14,Leeks,200--220,160--180,180--240,140--170,,180-200,140--160,160-170,,150--170
2023-11-15,Leeks,150--200,120--130,130--160,170--200,,180-200,130--150,140-150,,150--170
2023-11-16,Leeks,100--120,120--140,120--140,150--200,,170-200,130--140,130-140,,150--170
2023-11-17,Leeks,100--120,130--140,120--140,150--200,,150-170,130--140,130-140,,150--180
2023-11-20,Leeks,100--120,140--150,140--160,150--160,,150-170,120--130,120-130,,150--170
2023-11-21,Leeks,120--150,120--140,130--150,150--160,,150-180,120--140,120-130,,150--180
2023-11-22,Leeks,100--120,120--140,140--160,150--160,,150-170,120--130,135-145,,150--160
2023-11-23,Leeks,120--140,130--140,150--170,150--160,,190-190,120--130,160-170,,150--180
2023-11-24,Leeks,160--180,180--200,150--160,180--200,,180-200,150--180,170-180,,170--190
2023-11-27,Leeks,180--200,230--250,200--230,,,230-250,200--220,210-220,,
2023-11-28,Leeks,250--270,220--230,250--270,250--280,,,200--230,210-220,,250--280
2023-12-01,Leeks,220--230,300--320,280--320,260--290,,270-300,270--290,290-300,280-300,270--300
2023-12-05,Leeks,180--200,180--200,210--240,200--250,,180-210,180--190,190-200,,180--210
2023-12-06,Leeks,250--280,240--250,200--240,280--320,,250-270,220--230,230-240,,
2023-12-07,Leeks,120--140,120--140,130--150,,,140-160,100--120,110-120,,150--180
2023-12-09,Leeks,60--70,60--70,60--80,80--90,,70-80,50--55,55-65,,80--100
2023-12-10,Leeks,50--70,70--80,70--80,70--90,,70-80,60--70,65-75,,80--100
2023-12-12,Leeks,220--240,220-250,200--240,240-280,,240-260,200--230,230-240,,230--260
2023-12-13,Leeks,220--240,240--250,200--220,240--280,,260-280,200--230,230-240,,250--270
2023-12-14,Leeks,200--220,240--250,220--250,240--280,,260-280,200--230,230-240,,250--270
2023-12-15,Leeks,250--280,240--260,230--250,250--290,,260-280,200--230,240-250,,240--280
2023-12-18,Leeks,200--220,220--240,150--180,240--280,,270-300,210--220,225-235,,250--270
2023-12-19,Leeks,200--220,200--220,200--260,240--280,,260-280,200--220,210-220,,240--290
2023-12-20,Leeks,200--220,230--250,200--260,240--280,,240-260,200--220,210-220,,250--280
2023-12-21,Leeks,250--260,260--280,250--280,220--260,,240-260,200--220,200-210,,250--300
2023-12-22,Leeks,150--200,250--270,220--260,230--260,,250-270,200--220,200-210,,250--290
2023-12-27,Leeks,250--280,280--290,300--320,,,270-300,340--360,300-350,,
2023-12-28,Leeks,300--320,290--300,280--300,290--350,,270-300,300--350,250-300,,320--350
2023-12-29,Leeks,400--420,390--400,480--550,300--360,,330-350,350--380,350-400,,330--350
