Date,Kandy_Beans,Dambulla_Beans,Exchange Rate_Beans,Kandy_Carrot,Dambulla_Carrot,Exchange Rate_Carrot,Kandy_Leaks,Dambulla_Leaks,Buy Rate_Leaks
2023-01-01,613.33,525.0,363.11,138.33,130.0,363.11,206.67,203.33,360.41
2023-01-02,645.0,550.0,363.11,95.0,95.0,363.11,155.0,165.0,360.41
2023-01-03,635.0,575.0,363.11,105.0,100.0,363.11,175.0,160.0,360.22
2023-01-04,525.0,565.0,363.11,183.33,168.33,363.11,198.33,193.33,359.97
2023-01-05,500.0,525.0,363.11,261.67,236.67,363.11,221.67,226.67,359.97
2023-01-06,430.0,462.5,363.11,340.0,305.0,363.11,187.5,193.75,359.97
2023-01-07,360.0,400.0,363.1,313.33,290.0,363.1,153.33,160.83,359.96
2023-01-08,290.0,337.5,363.1,286.67,275.0,363.1,119.17,127.92,359.95
2023-01-09,220.0,275.0,363.09,260.0,260.0,363.09,85.0,95.0,359.95
2023-01-10,325.0,315.0,362.24,255.0,250.0,362.24,97.5,102.5,360.06
2023-01-11,425.0,325.0,362.24,250.0,240.0,362.24,110.0,110.0,360.47
2023-01-12,515.0,400.0,362.24,300.0,270.0,362.24,210.0,200.0,360.39
2023-01-13,495.0,406.25,362.24,268.75,230.0,362.24,225.0,200.0,360.4
2023-01-14,475.0,412.5,362.24,237.5,190.0,362.24,232.5,205.0,360.4
2023-01-15,455.0,418.75,362.24,206.25,150.0,362.24,240.0,210.0,360.4
2023-01-16,435.0,425.0,362.24,175.0,110.0,362.24,247.5,215.0,360.41
2023-01-17,375.0,375.0,362.24,155.0,135.0,362.24,255.0,220.0,360.41
2023-01-18,275.0,290.0,362.24,150.0,160.0,362.24,235.0,315.0,360.41
2023-01-19,275.0,275.0,362.27,150.0,120.0,362.27,235.0,210.0,360.56
2023-01-20,275.0,275.0,362.17,110.0,115.0,362.17,215.0,215.0,360.55
2023-01-21,308.33,311.67,362.17,111.67,115.0,362.17,223.33,210.0,360.55
2023-01-22,341.67,348.33,362.16,113.33,115.0,362.16,231.67,205.0,360.55
2023-01-23,375.0,385.0,362.16,115.0,115.0,362.16,240.0,200.0,360.55
2023-01-24,410.0,275.0,362.16,115.0,115.0,362.16,235.0,185.0,360.49
2023-01-25,375.0,270.0,362.16,140.0,115.0,362.16,225.0,195.0,360.49
2023-01-26,360.0,335.0,362.14,130.0,130.0,362.14,230.0,225.0,360.49
2023-01-27,375.0,405.0,362.14,110.0,115.0,362.14,210.0,200.0,360.49
2023-01-28,395.0,390.0,362.14,106.67,111.67,362.14,200.0,181.67,360.48
2023-01-29,415.0,375.0,362.14,103.33,108.33,362.14,190.0,163.33,360.46
2023-01-30,435.0,360.0,362.14,100.0,105.0,362.14,180.0,145.0,360.45
2023-01-31,405.0,350.0,362.14,167.5,152.5,362.14,235.0,230.0,360.49
2023-02-01,375.0,340.0,362.14,235.0,200.0,362.14,290.0,315.0,360.49
2023-02-02,375.0,300.0,362.14,110.0,115.0,362.14,180.0,165.0,360.41
2023-02-03,390.0,340.0,361.97,110.0,105.0,361.97,185.0,150.0,360.29
2023-02-04,390.0,348.33,361.97,120.0,120.0,361.97,215.0,186.67,360.19
2023-02-05,390.0,356.67,361.96,130.0,135.0,361.96,245.0,223.33,360.09
2023-02-06,390.0,365.0,361.96,325.0,305.0,361.96,275.0,260.0,360.0
2023-02-07,375.0,325.0,361.96,380.0,365.0,361.96,195.0,197.5,360.09
2023-02-08,365.0,325.0,361.96,435.0,425.0,361.96,115.0,135.0,359.48
2023-02-09,390.0,355.0,361.92,325.0,315.0,361.92,95.0,108.75,359.4
2023-02-10,390.0,425.0,361.92,215.0,205.0,361.92,75.0,82.5,359.07
2023-02-11,240.0,325.0,361.92,250.0,260.0,361.92,113.33,108.33,359.21
2023-02-12,302.5,355.0,361.92,180.0,182.5,361.92,151.67,134.17,359.34
2023-02-13,365.0,385.0,361.92,110.0,105.0,361.92,190.0,160.0,359.47
2023-02-14,375.0,365.0,361.92,105.0,105.0,361.92,170.0,200.0,359.65
2023-02-15,325.0,375.0,361.92,110.0,110.0,361.92,185.0,180.0,359.61
2023-02-16,350.0,375.0,361.92,110.0,110.0,361.92,195.0,180.0,359.58
2023-02-17,365.0,375.0,361.92,140.0,130.0,361.92,190.0,190.0,359.48
2023-02-18,348.33,348.33,361.92,143.33,128.33,361.92,183.33,190.0,359.47
2023-02-19,331.67,321.67,361.92,146.67,126.67,361.92,176.67,190.0,359.46
2023-02-20,315.0,295.0,361.92,150.0,125.0,361.92,170.0,190.0,359.45
2023-02-21,290.0,325.0,361.92,120.0,140.0,361.92,170.0,195.0,359.97
2023-02-22,240.0,200.0,361.66,130.0,120.0,361.66,165.0,185.0,359.36
2023-02-23,190.0,225.0,361.66,110.0,110.0,361.66,160.0,180.0,359.01
2023-02-24,210.0,230.0,362.67,100.0,105.0,362.67,160.0,180.0,358.72
2023-02-25,211.67,208.33,362.61,101.67,100.0,362.61,158.33,176.67,358.6
2023-02-26,213.33,186.67,362.55,103.33,95.0,362.55,156.67,173.33,358.48
2023-02-27,215.0,165.0,362.5,105.0,90.0,362.5,155.0,170.0,358.36
2023-02-28,210.0,210.0,361.63,95.0,80.0,361.63,165.0,170.0,357.68
2023-03-01,245.0,205.0,358.46,210.0,200.0,358.46,290.0,275.0,351.72
2023-03-02,240.0,215.0,353.65,100.0,110.0,353.65,165.0,150.0,343.97
2023-03-03,210.0,200.0,346.17,110.0,100.0,346.17,160.0,165.0,334.5
2023-03-04,210.0,201.25,344.05,110.0,95.0,344.05,155.0,161.25,330.45
2023-03-05,210.0,202.5,341.92,130.0,140.0,341.92,150.0,157.5,326.4
2023-03-06,210.0,203.75,339.8,223.33,231.67,339.8,145.0,153.75,322.35
2023-03-07,210.0,205.0,337.67,316.67,323.33,337.67,140.0,150.0,318.31
2023-03-08,215.0,245.0,326.63,410.0,415.0,326.63,115.0,130.0,313.77
2023-03-09,210.0,215.0,319.56,300.0,307.5,319.56,105.0,100.0,307.36
2023-03-10,235.0,200.0,318.63,190.0,200.0,318.63,95.0,70.0,311.63
2023-03-11,300.0,275.0,318.79,260.0,250.0,318.79,115.0,96.67,311.69
2023-03-12,255.0,225.0,318.95,180.0,167.5,318.95,135.0,123.33,311.76
2023-03-13,210.0,175.0,319.1,100.0,85.0,319.1,155.0,150.0,311.82
2023-03-14,190.0,200.0,322.96,90.0,95.0,322.96,145.0,160.0,319.85
2023-03-15,185.0,210.0,327.06,95.0,80.0,327.06,160.0,165.0,327.6
2023-03-16,180.0,225.0,337.29,95.0,90.0,337.29,165.0,160.0,329.03
2023-03-17,160.0,165.0,336.8,92.5,95.0,336.8,155.0,170.0,332.2
2023-03-18,160.0,165.0,336.29,93.33,93.33,336.29,155.0,168.33,332.04
2023-03-19,160.0,165.0,335.79,94.17,91.67,335.79,155.0,166.67,331.88
2023-03-20,160.0,165.0,335.28,95.0,90.0,335.28,155.0,165.0,331.72
2023-03-21,130.0,140.0,335.08,95.0,80.0,335.08,145.0,155.0,316.85
2023-03-22,130.0,125.0,321.89,90.0,85.0,321.89,145.0,165.0,312.62
2023-03-23,125.0,125.0,317.31,90.0,85.0,317.31,155.0,150.0,311.26
2023-03-24,110.0,115.0,318.63,85.0,75.0,318.63,135.0,155.0,314.75
2023-03-25,116.67,123.33,319.29,88.33,86.67,319.29,158.33,168.33,314.77
2023-03-26,123.33,131.67,319.94,91.67,98.33,319.94,181.67,181.67,314.8
2023-03-27,130.0,140.0,320.6,95.0,110.0,320.6,205.0,195.0,314.82
2023-03-28,140.0,140.0,319.98,105.0,100.0,319.98,235.0,210.0,315.85
2023-03-29,130.0,130.0,322.67,105.0,100.0,322.67,210.0,210.0,315.71
2023-03-30,125.0,140.0,325.63,125.0,100.0,325.63,225.0,200.0,317.73
2023-03-31,125.0,85.0,327.29,120.0,95.0,327.29,200.0,185.0,318.28
2023-04-01,123.33,86.67,327.36,185.0,190.0,327.36,201.67,189.44,317.77
2023-04-02,121.67,88.33,327.43,158.33,158.33,327.43,203.33,193.89,317.26
2023-04-03,120.0,90.0,327.5,131.67,126.67,327.5,205.0,198.33,316.75
2023-04-04,130.0,110.0,323.78,105.0,95.0,323.78,175.0,160.0,313.37
2023-04-05,120.0,95.0,322.48,140.0,130.0,322.48,178.75,170.0,313.33
2023-04-06,110.0,80.0,321.17,282.5,252.5,321.17,182.5,180.0,313.3
2023-04-07,205.0,197.5,320.87,425.0,375.0,320.87,154.38,152.5,312.88
2023-04-08,300.0,315.0,320.57,415.0,410.0,320.57,126.25,125.0,312.47
2023-04-09,240.0,205.0,320.27,205.0,205.0,320.27,98.12,97.5,312.05
2023-04-10,265.0,325.0,319.97,185.0,135.0,319.97,70.0,70.0,311.64
2023-04-11,190.0,200.0,319.83,237.5,205.0,319.83,140.0,147.5,311.44
2023-04-12,475.0,475.0,319.85,290.0,275.0,319.85,210.0,225.0,311.56
2023-04-13,402.0,401.0,319.79,257.0,248.0,319.79,211.0,228.0,311.66
2023-04-14,329.0,327.0,319.74,224.0,221.0,319.74,212.0,231.0,311.77
2023-04-15,256.0,253.0,319.68,191.0,194.0,319.68,213.0,234.0,311.87
2023-04-16,183.0,179.0,319.63,158.0,167.0,319.63,214.0,237.0,311.97
2023-04-17,110.0,105.0,319.57,125.0,140.0,319.57,215.0,240.0,312.07
2023-04-18,90.0,85.0,319.93,135.0,125.0,319.93,225.0,170.0,312.41
2023-04-19,110.0,85.0,320.83,145.0,140.0,320.83,225.0,210.0,312.92
2023-04-20,130.0,265.0,320.72,140.0,130.0,320.72,210.0,175.0,313.13
2023-04-21,130.0,130.0,321.14,140.0,125.0,321.14,160.0,160.0,313.06
2023-04-22,136.67,130.0,321.31,138.33,126.67,321.31,175.0,170.0,313.15
2023-04-23,143.33,130.0,321.48,136.67,128.33,321.48,190.0,180.0,313.24
2023-04-24,150.0,130.0,321.65,135.0,130.0,321.65,205.0,190.0,313.33
2023-04-25,130.0,150.0,321.8,135.0,130.0,321.8,185.0,165.0,313.27
2023-04-26,145.0,165.0,321.76,135.0,135.0,321.76,175.0,185.0,313.45
2023-04-27,145.0,150.0,321.63,125.0,120.0,321.63,200.0,185.0,313.83
2023-04-28,160.0,175.0,321.65,115.0,115.0,321.65,195.0,170.0,313.92
2023-04-29,177.5,190.0,321.6,140.0,135.0,321.6,214.75,194.5,313.88
2023-04-30,195.0,205.0,321.54,165.0,155.0,321.54,234.5,219.0,313.83
2023-05-01,212.5,220.0,321.49,190.0,175.0,321.49,254.25,243.5,313.78
2023-05-02,230.0,235.0,321.44,220.0,194.0,321.44,274.0,268.0,313.74
2023-05-03,260.0,240.0,320.9,250.0,213.0,320.9,278.0,261.0,313.05
2023-05-04,260.0,260.0,319.97,280.0,232.0,319.97,282.0,254.0,312.5
2023-05-05,267.5,272.5,319.84,310.0,251.0,319.84,242.75,223.62,312.43
2023-05-06,275.0,285.0,319.7,340.0,270.0,319.7,203.5,193.25,312.35
2023-05-07,282.5,297.5,319.57,430.0,425.0,319.57,164.25,162.88,312.27
2023-05-08,290.0,310.0,319.44,310.0,315.0,319.44,125.0,132.5,312.2
2023-05-09,235.0,265.0,318.52,190.0,205.0,318.52,65.0,75.0,311.01
2023-05-10,390.0,325.0,318.09,170.0,145.0,318.09,65.0,80.0,310.9
2023-05-11,390.0,325.0,316.68,230.0,222.5,316.68,137.5,157.5,308.66
2023-05-12,475.0,475.0,313.65,290.0,300.0,313.65,210.0,235.0,306.39
2023-05-13,461.67,460.0,313.52,273.33,266.67,313.52,235.0,250.0,306.32
2023-05-14,448.33,445.0,313.38,256.67,233.33,313.38,260.0,265.0,306.26
2023-05-15,435.0,430.0,313.25,240.0,200.0,313.25,285.0,280.0,306.19
2023-05-16,375.0,360.0,312.64,230.0,200.0,312.64,260.0,260.0,305.43
2023-05-17,375.0,275.0,310.4,285.0,240.0,310.4,310.0,285.0,302.43
2023-05-18,325.0,375.0,307.37,285.0,280.0,307.37,290.0,300.0,299.21
2023-05-19,325.0,330.0,305.78,270.0,240.0,305.78,295.0,275.0,300.65
2023-05-20,305.0,291.67,306.22,270.0,246.67,306.22,286.67,278.33,300.34
2023-05-21,285.0,253.33,306.65,270.0,253.33,306.65,278.33,281.67,300.03
2023-05-22,265.0,215.0,307.08,270.0,260.0,307.08,270.0,285.0,299.71
2023-05-23,210.0,235.0,305.88,260.0,260.0,305.88,265.0,280.0,299.19
2023-05-24,215.0,215.0,304.71,260.0,245.0,304.71,260.0,260.0,297.99
2023-05-25,240.0,215.0,303.27,295.0,240.0,303.27,290.0,270.0,297.61
2023-05-26,265.0,325.0,303.05,290.0,255.0,303.05,295.0,255.0,295.63
2023-05-27,280.0,291.67,301.74,290.0,261.67,301.74,288.33,238.33,293.72
2023-05-28,295.0,258.33,300.42,290.0,268.33,300.42,281.67,221.67,291.81
2023-05-29,310.0,225.0,299.11,290.0,275.0,299.11,275.0,205.0,289.9
2023-05-30,310.0,325.0,296.69,310.0,305.0,296.69,255.0,265.0,290.67
2023-05-31,290.0,265.0,295.52,243.33,236.67,295.52,228.33,246.67,287.87
2023-06-01,310.0,305.0,292.46,176.67,168.33,292.46,201.67,228.33,283.88
2023-06-02,300.0,305.0,292.28,110.0,100.0,292.28,175.0,210.0,287.43
2023-06-03,296.67,298.33,292.29,107.5,92.5,292.29,194.17,218.33,286.82
2023-06-04,293.33,291.67,292.3,105.0,85.0,292.3,213.33,226.67,286.22
2023-06-05,290.0,285.0,292.31,215.0,192.5,292.31,232.5,235.0,285.62
2023-06-06,275.0,325.0,291.54,325.0,300.0,291.54,290.0,280.0,284.85
2023-06-07,310.0,315.0,291.21,410.0,425.0,291.21,190.0,200.0,285.57
2023-06-08,315.0,300.0,290.97,295.0,312.5,290.97,127.5,135.0,285.69
2023-06-09,235.0,215.0,293.21,180.0,200.0,293.21,65.0,70.0,288.09
2023-06-10,260.0,325.0,294.22,180.0,150.0,294.22,121.67,116.67,288.75
2023-06-11,265.0,285.0,295.23,240.0,225.0,295.23,178.33,163.33,289.41
2023-06-12,375.0,415.0,296.24,300.0,240.0,296.24,235.0,210.0,290.07
2023-06-13,360.0,365.0,300.43,330.0,300.0,300.43,240.0,220.0,294.91
2023-06-14,360.0,375.0,303.21,315.0,280.0,303.21,230.0,205.0,303.19
2023-06-15,375.0,375.0,308.48,300.0,275.0,308.48,215.0,255.0,311.61
2023-06-16,340.0,375.0,313.82,310.0,295.0,313.82,210.0,260.0,300.52
2023-06-17,356.67,375.0,312.28,303.33,301.67,312.28,205.0,246.67,299.53
2023-06-18,373.33,375.0,310.74,296.67,308.33,310.74,200.0,233.33,298.53
2023-06-19,390.0,375.0,309.2,290.0,315.0,309.2,195.0,220.0,297.54
2023-06-20,390.0,390.0,305.92,290.0,300.0,305.92,190.0,175.0,297.29
2023-06-21,415.0,375.0,306.12,290.0,300.0,306.12,210.0,210.0,298.47
2023-06-22,385.0,380.0,306.91,340.0,335.0,306.91,190.0,200.0,298.55
2023-06-23,390.0,415.0,306.95,340.0,380.0,306.95,190.0,210.0,299.04
2023-06-24,398.33,418.33,306.97,348.33,370.0,306.97,195.0,200.0,299.3
2023-06-25,406.67,421.67,306.98,356.67,360.0,306.98,200.0,190.0,299.57
2023-06-26,415.0,425.0,307.0,365.0,350.0,307.0,205.0,180.0,299.83
2023-06-27,425.0,425.0,308.12,360.0,390.0,308.12,195.0,190.0,301.33
2023-06-28,465.0,440.0,308.83,390.0,410.0,308.83,170.0,165.0,301.16
2023-06-29,412.5,387.5,308.71,395.0,375.0,308.71,173.61,168.33,300.94
2023-06-30,360.0,335.0,308.59,400.0,340.0,308.59,177.22,171.67,300.73
2023-07-01,348.75,320.0,308.47,260.0,225.0,308.47,180.83,175.0,300.51
2023-07-02,337.5,305.0,308.35,120.0,110.0,308.35,184.44,178.33,300.3
2023-07-03,326.25,290.0,308.24,105.0,95.0,308.24,188.06,181.67,300.09
2023-07-04,315.0,275.0,308.12,166.67,163.33,308.12,191.67,185.0,299.87
2023-07-05,290.0,300.0,306.26,228.33,231.67,306.26,228.33,205.0,298.9
2023-07-06,325.0,290.0,306.99,290.0,300.0,306.99,265.0,225.0,300.01
2023-07-07,340.0,275.0,308.2,410.0,415.0,308.2,170.0,170.0,302.65
2023-07-08,335.0,315.0,309.3,400.0,420.0,309.3,142.5,142.5,303.1
2023-07-09,240.0,305.0,310.4,190.0,215.0,310.4,115.0,115.0,303.56
2023-07-10,410.0,400.0,311.51,215.0,220.0,311.51,87.5,87.5,304.02
2023-07-11,300.0,275.0,312.79,240.0,225.0,312.79,100.0,95.0,305.13
2023-07-12,390.0,325.0,313.9,310.0,260.0,313.9,245.0,210.0,306.15
2023-07-13,340.0,350.0,314.59,310.0,315.0,314.59,155.0,130.0,308.16
2023-07-14,325.0,375.0,316.36,310.0,365.0,316.36,145.0,165.0,310.49
2023-07-15,325.0,375.0,317.28,343.33,368.33,317.28,145.0,163.33,311.43
2023-07-16,325.0,375.0,318.2,376.67,371.67,318.2,145.0,161.67,312.36
2023-07-17,325.0,375.0,319.12,410.0,375.0,319.12,145.0,160.0,313.29
2023-07-18,325.0,370.0,322.81,400.0,385.0,322.81,145.0,135.0,314.96
2023-07-19,285.0,325.0,322.53,395.0,410.0,322.53,145.0,140.0,315.26
2023-07-20,285.0,275.0,324.25,410.0,420.0,324.25,145.0,125.0,316.31
2023-07-21,275.0,325.0,325.22,390.0,415.0,325.22,135.0,120.0,318.73
2023-07-22,305.0,325.0,325.73,403.33,418.33,325.73,128.33,125.0,319.52
2023-07-23,335.0,325.0,326.24,416.67,421.67,326.24,121.67,130.0,320.31
2023-07-24,365.0,325.0,326.75,430.0,425.0,326.75,115.0,135.0,321.1
2023-07-25,365.0,355.0,329.0,455.0,425.0,329.0,115.0,130.0,323.04
2023-07-26,325.0,330.0,329.42,435.0,425.0,329.42,115.0,135.0,323.7
2023-07-27,335.0,325.0,329.38,430.0,405.0,329.38,120.0,125.0,322.85
2023-07-28,335.0,335.0,329.28,435.0,375.0,329.28,120.0,110.0,322.67
2023-07-29,330.91,334.09,329.31,371.0,324.0,329.31,134.0,128.0,322.77
2023-07-30,326.82,333.18,329.33,307.0,273.0,329.33,148.0,146.0,322.86
2023-07-31,322.73,332.27,329.36,243.0,222.0,329.36,162.0,164.0,322.96
2023-08-01,318.64,331.36,327.0,179.0,171.0,327.0,176.0,182.0,316.33
2023-08-02,314.55,330.45,324.65,115.0,120.0,324.65,190.0,200.0,309.71
2023-08-03,310.45,329.55,314.1,115.0,110.0,314.1,175.0,160.0,308.61
2023-08-04,306.36,328.64,318.44,122.5,122.5,318.44,190.0,187.5,312.56
2023-08-05,302.27,327.73,318.44,130.0,135.0,318.44,193.33,179.17,313.39
2023-08-06,298.18,326.82,318.44,285.0,300.0,318.44,196.67,170.83,314.22
2023-08-07,294.09,325.91,318.44,337.5,362.5,318.44,200.0,162.5,315.06
2023-08-08,290.0,325.0,321.5,390.0,425.0,321.5,150.0,115.0,315.11
2023-08-09,265.0,275.0,321.08,190.0,215.0,321.08,65.0,75.0,314.95
2023-08-10,320.0,295.0,320.26,215.0,215.0,320.26,87.5,82.5,313.61
2023-08-11,375.0,315.0,320.0,240.0,215.0,320.0,110.0,90.0,313.78
2023-08-12,525.0,375.0,319.99,310.0,305.0,319.99,115.0,96.67,313.85
2023-08-13,440.0,375.0,319.99,340.0,340.0,319.99,120.0,103.33,313.92
2023-08-14,355.0,375.0,319.98,370.0,375.0,319.98,125.0,110.0,313.99
2023-08-15,335.0,365.0,320.94,370.0,390.0,320.94,125.0,110.0,314.72
2023-08-16,335.0,375.0,321.18,370.0,400.0,321.18,105.0,105.0,314.45
2023-08-17,330.0,325.0,321.09,365.0,375.0,321.09,105.0,95.0,314.78
2023-08-18,335.0,365.0,321.86,335.0,325.0,321.86,95.0,90.0,316.29
2023-08-19,328.33,368.33,322.32,320.0,316.67,322.32,95.0,90.0,316.43
2023-08-20,321.67,371.67,322.79,305.0,308.33,322.79,95.0,90.0,316.58
2023-08-21,315.0,375.0,323.25,290.0,300.0,323.25,95.0,90.0,316.73
2023-08-22,310.0,330.0,323.94,290.0,285.0,323.94,95.0,95.0,317.0
2023-08-23,335.0,375.0,323.94,315.0,350.0,323.94,85.0,105.0,317.47
2023-08-24,315.0,360.0,323.97,310.0,325.0,323.97,95.0,95.0,317.48
2023-08-25,310.0,340.0,324.05,290.0,285.0,324.05,95.0,95.0,317.8
2023-08-26,303.33,321.67,323.99,285.0,276.67,323.99,91.67,95.83,317.86
2023-08-27,296.67,303.33,323.93,280.0,268.33,323.93,88.33,96.67,317.91
2023-08-28,290.0,285.0,323.87,275.0,260.0,323.87,85.0,97.5,317.96
2023-08-29,265.0,305.0,323.91,255.0,215.0,323.91,85.0,92.5,317.83
2023-08-30,247.5,285.0,323.29,262.5,232.5,323.29,85.0,91.25,316.58
2023-08-31,230.0,265.0,322.66,270.0,250.0,322.66,85.0,90.0,315.34
2023-09-01,240.0,272.5,319.65,155.0,150.0,319.65,205.0,215.0,314.2
2023-09-02,250.0,280.0,319.52,110.0,105.0,319.52,200.0,201.67,314.11
2023-09-03,260.0,287.5,319.39,105.0,100.0,319.39,195.0,188.33,314.03
2023-09-04,270.0,295.0,319.26,122.5,115.0,319.26,190.0,175.0,313.94
2023-09-05,280.0,302.5,320.38,140.0,130.0,320.38,205.0,200.0,314.87
2023-09-06,290.0,310.0,322.0,310.0,275.0,322.0,255.0,255.0,315.93
2023-09-07,300.0,317.5,322.0,360.0,350.0,322.0,190.0,192.5,316.28
2023-09-08,310.0,325.0,322.39,410.0,425.0,322.39,125.0,130.0,316.31
2023-09-09,312.5,332.5,322.14,285.0,285.0,322.14,121.67,123.33,316.31
2023-09-10,315.0,340.0,321.9,160.0,145.0,321.9,118.33,116.67,316.3
2023-09-11,375.0,280.0,321.66,250.0,240.0,321.66,115.0,110.0,316.29
2023-09-12,355.0,322.5,322.28,202.5,217.5,322.28,90.0,90.0,316.54
2023-09-13,335.0,365.0,322.38,155.0,195.0,322.38,65.0,70.0,316.77
2023-09-14,325.0,360.0,323.38,155.0,195.0,323.38,65.0,70.0,318.09
2023-09-15,265.0,330.0,323.37,155.0,210.0,323.37,55.0,90.0,317.54
2023-09-16,290.0,323.33,323.37,155.0,190.0,323.37,58.33,81.67,317.56
2023-09-17,315.0,316.67,323.37,155.0,170.0,323.37,61.67,73.33,317.58
2023-09-18,340.0,310.0,323.38,155.0,150.0,323.38,65.0,65.0,317.6
2023-09-19,315.0,310.0,323.71,145.0,140.0,323.71,65.0,75.0,318.26
2023-09-20,285.0,225.0,324.0,135.0,135.0,324.0,55.0,65.0,318.7
2023-09-21,240.0,305.0,324.7,125.0,135.0,324.7,55.0,52.5,318.9
2023-09-22,215.0,195.0,324.61,130.0,130.0,324.61,55.0,50.0,318.52
2023-09-23,221.67,216.67,324.55,126.67,131.67,324.55,51.67,52.5,318.59
2023-09-24,228.33,238.33,324.5,123.33,133.33,324.5,48.33,55.0,318.67
2023-09-25,235.0,260.0,324.44,120.0,135.0,324.44,45.0,57.5,318.74
2023-09-26,265.0,275.0,324.6,120.0,115.0,324.6,55.0,50.0,318.74
2023-09-27,269.17,280.42,324.45,125.0,118.0,324.45,86.0,83.0,318.26
2023-09-28,273.33,285.83,324.26,130.0,121.0,324.26,103.8,103.4,318.27
2023-09-29,277.5,291.25,324.08,135.0,124.0,324.08,121.6,123.8,318.27
2023-09-30,281.67,296.67,323.89,140.0,127.0,323.89,139.4,144.2,318.27
2023-10-01,285.83,302.08,323.7,145.0,130.0,323.7,157.2,164.6,318.28
2023-10-02,290.0,307.5,323.52,115.0,110.0,323.52,175.0,185.0,318.28
2023-10-03,294.17,312.92,323.8,95.0,95.0,323.8,155.0,170.0,318.32
2023-10-04,298.33,318.33,323.77,110.0,100.0,323.77,170.0,155.0,318.1
2023-10-05,302.5,323.75,323.77,140.0,125.0,323.77,190.0,190.0,318.23
2023-10-06,306.67,329.17,323.69,265.0,250.0,323.69,165.0,162.5,318.28
2023-10-07,310.83,334.58,323.67,390.0,375.0,323.67,140.0,140.83,318.29
2023-10-08,315.0,340.0,323.64,395.0,425.0,323.64,115.0,119.17,318.3
2023-10-09,307.5,322.5,323.61,272.5,287.5,323.61,90.0,97.5,318.3
2023-10-10,300.0,305.0,323.6,150.0,150.0,323.6,55.0,65.0,317.91
2023-10-11,365.0,275.0,323.81,250.0,250.0,323.81,110.0,110.0,318.03
2023-10-12,340.0,320.0,323.85,202.5,200.0,323.85,92.5,82.5,318.07
2023-10-13,315.0,365.0,323.8,155.0,150.0,323.8,75.0,55.0,318.09
2023-10-14,321.67,368.33,323.82,156.67,150.0,323.82,68.33,63.33,318.12
2023-10-15,328.33,371.67,323.84,158.33,150.0,323.84,61.67,71.67,318.14
2023-10-16,335.0,375.0,323.86,160.0,150.0,323.86,55.0,80.0,318.17
2023-10-17,365.0,375.0,323.91,160.0,150.0,323.91,65.0,70.0,318.28
2023-10-18,340.0,380.0,324.14,150.0,155.0,324.14,65.0,75.0,318.92
2023-10-19,340.0,425.0,324.38,165.0,165.0,324.38,75.0,80.0,319.3
2023-10-20,390.0,315.0,324.97,160.0,145.0,324.97,75.0,65.0,319.65
2023-10-21,393.33,368.33,324.98,165.0,155.0,324.98,75.0,65.0,319.88
2023-10-22,396.67,421.67,324.99,170.0,165.0,324.99,75.0,65.0,320.1
2023-10-23,400.0,475.0,325.0,175.0,175.0,325.0,75.0,65.0,320.33
2023-10-24,410.0,475.0,325.9,190.0,205.0,325.9,75.0,70.0,320.81
2023-10-25,460.0,475.0,327.11,170.0,210.0,327.11,65.0,70.0,321.71
2023-10-26,490.0,515.0,326.56,210.0,200.0,326.56,75.0,72.5,321.39
2023-10-27,510.0,525.0,326.5,230.0,210.0,326.5,90.0,77.5,321.55
2023-10-28,465.0,508.33,326.71,240.0,221.67,326.71,96.67,95.0,321.6
2023-10-29,420.0,491.67,326.92,250.0,233.33,326.92,103.33,112.5,321.65
2023-10-30,375.0,475.0,327.13,260.0,245.0,327.13,110.0,130.0,321.71
2023-10-31,275.0,315.0,327.38,260.0,260.0,327.38,110.0,115.0,322.17
2023-11-01,280.0,316.25,327.62,135.0,120.0,327.62,225.0,210.0,322.35
2023-11-02,285.0,317.5,328.03,126.67,118.33,328.03,206.67,193.33,322.44
2023-11-03,290.0,318.75,329.06,118.33,116.67,329.06,188.33,176.67,323.66
2023-11-04,295.0,320.0,329.03,110.0,115.0,329.03,179.72,173.61,323.75
2023-11-05,300.0,321.25,329.01,130.0,130.0,329.01,171.11,170.56,323.85
2023-11-06,305.0,322.5,328.98,240.0,222.5,328.98,162.5,167.5,323.95
2023-11-07,310.0,323.75,327.74,350.0,315.0,327.74,135.0,135.0,321.59
2023-11-08,315.0,325.0,327.12,370.0,375.0,327.12,125.0,120.0,322.51
2023-11-09,350.0,315.0,328.41,190.0,205.0,328.41,75.0,70.0,323.16
2023-11-10,290.0,350.0,328.46,150.0,165.0,328.46,55.0,57.5,322.4
2023-11-11,357.5,337.5,328.04,230.0,252.5,328.04,93.33,105.0,322.31
2023-11-12,425.0,325.0,327.62,310.0,340.0,327.62,131.67,152.5,322.21
2023-11-13,315.0,375.0,327.19,335.0,375.0,327.19,170.0,200.0,322.12
2023-11-14,365.0,325.0,326.89,335.0,375.0,326.89,170.0,210.0,321.71
2023-11-15,300.0,330.0,327.36,290.0,380.0,327.36,125.0,145.0,322.58
2023-11-16,315.0,325.0,328.64,290.0,325.0,328.64,130.0,130.0,323.35
2023-11-17,360.0,340.0,328.07,290.0,285.0,328.07,135.0,130.0,322.84
2023-11-18,385.0,351.67,328.02,286.67,295.0,328.02,138.33,136.67,322.82
2023-11-19,410.0,363.33,327.97,283.33,305.0,327.97,141.67,143.33,322.81
2023-11-20,435.0,375.0,327.92,280.0,315.0,327.92,145.0,150.0,322.8
2023-11-21,425.0,400.0,328.09,285.0,280.0,328.09,130.0,140.0,323.06
2023-11-22,475.0,375.0,328.39,250.0,275.0,328.39,130.0,150.0,323.48
2023-11-23,465.0,475.0,328.48,255.0,275.0,328.48,135.0,160.0,323.51
2023-11-24,475.0,475.0,328.72,290.0,260.0,328.72,190.0,155.0,323.56
2023-11-25,503.33,485.0,328.73,303.33,270.0,328.73,206.67,175.0,323.59
2023-11-26,531.67,495.0,328.74,316.67,280.0,328.74,223.33,195.0,323.61
2023-11-27,560.0,505.0,328.75,330.0,290.0,328.75,240.0,215.0,323.64
2023-11-28,565.0,515.0,329.0,290.0,280.0,329.0,225.0,260.0,324.11
2023-11-29,545.0,497.73,329.51,243.33,235.0,329.51,253.33,273.33,324.15
2023-11-30,525.0,480.45,329.04,196.67,190.0,329.04,281.67,286.67,323.47
2023-12-01,505.0,463.18,327.56,150.0,145.0,327.56,310.0,300.0,322.9
2023-12-02,485.0,445.91,327.7,145.0,143.75,327.7,280.0,281.25,322.9
2023-12-03,465.0,428.64,327.84,140.0,142.5,327.84,250.0,262.5,322.9
2023-12-04,445.0,411.36,327.98,135.0,141.25,327.98,220.0,243.75,322.89
2023-12-05,425.0,394.09,328.03,130.0,140.0,328.03,190.0,225.0,323.0
2023-12-06,405.0,376.82,328.02,310.0,295.0,328.02,245.0,220.0,322.69
2023-12-07,385.0,359.55,327.13,310.0,290.0,327.13,130.0,140.0,321.88
2023-12-08,365.0,342.27,326.59,250.0,232.5,326.59,97.5,105.0,321.84
2023-12-09,345.0,325.0,326.7,190.0,175.0,326.7,116.67,119.17,321.95
2023-12-10,300.0,325.0,326.82,160.0,150.0,326.82,135.83,133.33,322.07
2023-12-11,312.5,287.5,326.93,235.0,220.0,326.93,155.0,147.5,322.18
2023-12-12,325.0,250.0,327.18,310.0,290.0,327.18,235.0,220.0,322.25
2023-12-13,325.0,275.0,327.1,290.0,310.0,327.1,245.0,210.0,321.77
2023-12-14,325.0,310.0,326.78,315.0,310.0,326.78,245.0,235.0,322.24
2023-12-15,365.0,315.0,326.72,340.0,365.0,326.72,250.0,240.0,321.69
2023-12-16,368.33,315.0,326.81,363.33,338.33,326.81,243.33,215.0,321.78
2023-12-17,371.67,315.0,326.9,386.67,311.67,326.9,236.67,190.0,321.86
2023-12-18,375.0,315.0,326.99,410.0,285.0,326.99,230.0,165.0,321.95
2023-12-19,375.0,275.0,326.92,360.0,410.0,326.92,210.0,230.0,321.93
2023-12-20,425.0,360.0,326.96,400.0,400.0,326.96,240.0,230.0,321.89
2023-12-21,475.0,375.0,326.97,400.0,450.0,326.97,270.0,265.0,321.92
2023-12-22,525.0,415.0,326.35,400.0,415.0,326.35,260.0,240.0,321.46
2023-12-23,535.0,432.0,326.23,433.0,442.0,326.23,265.0,254.0,321.28
2023-12-24,545.0,449.0,326.11,466.0,469.0,326.11,270.0,268.0,321.09
2023-12-25,555.0,466.0,325.99,499.0,496.0,325.99,275.0,282.0,320.91
2023-12-26,565.0,483.0,325.86,532.0,523.0,325.86,280.0,296.0,320.72
2023-12-27,575.0,500.0,325.74,565.0,550.0,325.74,285.0,310.0,320.53
2023-12-28,525.0,550.0,324.23,565.0,575.0,324.23,295.0,290.0,319.15
2023-12-29,590.0,475.0,323.92,625.0,725.0,323.92,395.0,515.0,319.18
