Date,Bandarawela,Dambulla,Kandy,Keppetipola,Meegoda,Norochchole,Nuwaraeliya,Peliyagoda,Thambuththegama,Veyangoda
2020-01-01,315.0,315.0,310.0,311.0,312.0,314.0,310.0,313.0,314.0,310.0
2020-01-02,278.5,279.17,274.17,275.33,276.5,278.33,274.5,277.33,277.5,274.67
2020-01-03,242.0,243.33,238.33,239.67,241.0,242.67,239.0,241.67,241.0,239.33
2020-01-04,205.5,207.5,202.5,204.0,205.5,207.0,203.5,206.0,204.5,204.0
2020-01-05,169.0,171.67,166.67,168.33,170.0,171.33,168.0,170.33,168.0,168.67
2020-01-06,132.5,135.83,130.83,132.67,134.5,135.67,132.5,134.67,131.5,133.33
2020-01-07,96.0,100.0,95.0,97.0,99.0,100.0,97.0,99.0,95.0,98.0
2020-01-08,122.0,121.67,126.67,127.67,125.0,128.33,124.33,125.67,125.67,125.67
2020-01-09,148.0,143.33,158.33,158.33,151.0,156.67,151.67,152.33,156.33,153.33
2020-01-10,174.0,165.0,190.0,189.0,177.0,185.0,179.0,179.0,187.0,181.0
2020-01-11,197.5,170.0,207.5,193.0,177.5,205.0,195.5,198.0,188.5,181.5
2020-01-12,221.0,175.0,225.0,197.0,178.0,225.0,212.0,217.0,190.0,182.0
2020-01-13,258.0,260.0,255.0,260.0,260.0,259.0,255.0,259.0,256.0,257.0
2020-01-14,257.0,260.0,255.0,255.0,255.0,260.0,258.0,259.0,260.0,259.0
2020-01-15,247.5,262.5,245.0,247.0,253.0,252.0,257.0,250.0,262.0,249.0
2020-01-16,238.0,265.0,235.0,239.0,251.0,244.0,256.0,241.0,264.0,239.0
2020-01-17,288.0,255.0,310.0,298.0,294.0,297.0,306.0,273.0,309.0,299.0
2020-01-18,274.67,255.0,286.67,282.0,281.0,278.33,286.33,264.0,291.0,280.67
2020-01-19,261.33,255.0,263.33,266.0,268.0,259.67,266.67,255.0,273.0,262.33
2020-01-20,248.0,255.0,240.0,250.0,255.0,241.0,247.0,246.0,255.0,244.0
2020-01-21,231.0,190.0,245.0,219.0,223.0,215.0,218.0,200.0,201.0,244.0
2020-01-22,195.0,185.0,210.0,199.0,192.0,193.0,195.0,195.0,201.0,189.0
2020-01-23,185.0,172.5,190.0,174.0,178.0,188.0,175.0,175.0,187.0,184.0
2020-01-24,210.0,210.0,210.0,210.0,210.0,210.0,210.0,210.0,210.0,210.0
2020-01-25,226.67,225.0,226.67,225.0,225.33,225.33,225.33,225.67,226.0,226.67
2020-01-26,243.33,240.0,243.33,240.0,240.67,240.67,240.67,241.33,242.0,243.33
2020-01-27,260.0,255.0,260.0,255.0,256.0,256.0,256.0,257.0,258.0,260.0
2020-01-28,292.0,300.0,290.0,293.0,299.0,292.0,299.0,295.0,297.0,294.0
2020-01-29,304.0,310.0,290.0,305.0,291.0,295.0,295.0,310.0,309.0,298.0
2020-01-30,290.0,285.0,290.0,286.0,290.0,289.0,285.0,286.0,287.0,287.0
2020-01-31,302.0,275.0,310.0,276.0,277.0,279.0,294.0,298.0,290.0,276.0
2020-02-01,338.0,315.0,340.0,317.0,332.0,336.0,337.0,326.0,327.0,315.0
2020-02-02,227.5,212.5,247.5,233.0,226.5,234.0,237.0,232.5,229.5,232.0
2020-02-03,117.0,110.0,155.0,149.0,121.0,132.0,137.0,139.0,132.0,149.0
2020-02-04,112.0,107.5,140.0,136.25,114.5,122.75,126.5,129.25,123.5,136.25
2020-02-05,107.0,105.0,125.0,123.5,108.0,113.5,116.0,119.5,115.0,123.5
2020-02-06,102.0,102.5,110.0,110.75,101.5,104.25,105.5,109.75,106.5,110.75
2020-02-07,97.0,100.0,95.0,98.0,95.0,95.0,95.0,100.0,98.0,98.0
2020-02-08,135.0,132.5,140.0,138.5,135.5,134.0,133.5,133.0,140.5,140.5
2020-02-09,173.0,165.0,185.0,179.0,176.0,173.0,172.0,166.0,183.0,183.0
2020-02-10,179.0,165.0,190.0,171.0,169.0,167.0,190.0,185.0,172.0,175.0
2020-02-11,85.0,85.0,95.0,90.0,95.0,88.0,95.0,85.0,90.0,91.0
2020-02-12,210.0,235.0,210.0,218.0,234.0,235.0,231.0,221.0,214.0,235.0
2020-02-13,186.0,200.0,185.0,190.5,197.0,197.5,197.5,191.0,188.5,199.5
2020-02-14,162.0,165.0,160.0,163.0,160.0,160.0,164.0,161.0,163.0,164.0
2020-02-15,147.0,148.33,158.33,147.0,152.33,156.33,157.33,152.67,160.0,150.0
2020-02-16,132.0,131.67,156.67,131.0,144.67,152.67,150.67,144.33,157.0,136.0
2020-02-17,117.0,115.0,155.0,115.0,137.0,149.0,144.0,136.0,154.0,122.0
2020-02-18,144.0,135.0,155.0,142.0,149.0,152.0,143.0,146.0,146.0,143.0
2020-02-19,151.0,150.0,155.0,152.0,154.0,151.0,151.0,150.0,150.0,151.0
2020-02-20,155.0,155.0,155.0,155.0,155.0,155.0,155.0,155.0,155.0,155.0
2020-02-21,148.75,148.75,152.5,149.5,149.75,152.0,149.75,148.75,150.75,149.75
2020-02-22,142.5,142.5,150.0,144.0,144.5,149.0,144.5,142.5,146.5,144.5
2020-02-23,136.25,136.25,147.5,138.5,139.25,146.0,139.25,136.25,142.25,139.25
2020-02-24,130.0,130.0,145.0,133.0,134.0,143.0,134.0,130.0,138.0,134.0
2020-02-25,142.0,145.0,125.0,139.0,138.0,141.0,130.0,134.0,145.0,139.0
2020-02-26,143.0,110.0,145.0,124.0,111.0,133.0,116.0,137.0,129.0,143.0
2020-02-27,122.0,110.0,155.0,130.0,120.0,112.0,141.0,125.0,115.0,140.0
2020-02-28,125.0,125.0,175.0,159.0,175.0,156.0,156.0,139.0,146.0,149.0
2020-02-29,218.0,217.5,257.5,246.5,245.5,234.0,243.0,239.0,236.5,235.0
2020-03-01,311.0,310.0,340.0,334.0,316.0,312.0,330.0,339.0,327.0,321.0
2020-03-02,265.0,250.0,270.0,270.0,255.0,255.0,250.0,264.0,257.0,250.0
2020-03-03,134.0,120.0,145.0,140.0,121.0,132.0,142.0,138.0,126.0,142.0
2020-03-04,125.25,115.0,132.5,130.0,115.75,123.75,130.5,128.0,118.25,131.5
2020-03-05,116.5,110.0,120.0,120.0,110.5,115.5,119.0,118.0,110.5,121.0
2020-03-06,107.75,105.0,107.5,110.0,105.25,107.25,107.5,108.0,102.75,110.5
2020-03-07,99.0,100.0,95.0,100.0,100.0,99.0,96.0,98.0,95.0,100.0
2020-03-08,143.5,130.0,145.0,136.5,146.5,141.5,131.0,130.0,135.0,130.0
2020-03-09,188.0,160.0,195.0,173.0,193.0,184.0,166.0,162.0,175.0,160.0
2020-03-10,144.5,132.5,145.0,135.5,144.5,143.5,132.0,130.5,137.5,127.5
2020-03-11,101.0,105.0,95.0,98.0,96.0,103.0,98.0,99.0,100.0,95.0
2020-03-12,173.0,150.0,175.0,161.0,164.0,153.0,174.0,168.0,169.0,174.0
2020-03-13,75.0,75.0,75.0,75.0,75.0,75.0,75.0,75.0,75.0,75.0
2020-03-14,77.1,76.67,77.38,76.67,77.14,77.29,77.29,76.95,76.71,77.33
2020-03-15,79.19,78.33,79.76,78.33,79.29,79.57,79.57,78.9,78.43,79.67
2020-03-16,81.29,80.0,82.14,80.0,81.43,81.86,81.86,80.86,80.14,82.0
2020-03-17,83.38,81.67,84.52,81.67,83.57,84.14,84.14,82.81,81.86,84.33
2020-03-18,85.48,83.33,86.9,83.33,85.71,86.43,86.43,84.76,83.57,86.67
2020-03-19,87.57,85.0,89.29,85.0,87.86,88.71,88.71,86.71,85.29,89.0
2020-03-20,89.67,86.67,91.67,86.67,90.0,91.0,91.0,88.67,87.0,91.33
2020-03-21,91.76,88.33,94.05,88.33,92.14,93.29,93.29,90.62,88.71,93.67
2020-03-22,93.86,90.0,96.43,90.0,94.29,95.57,95.57,92.57,90.43,96.0
2020-03-23,95.95,91.67,98.81,91.67,96.43,97.86,97.86,94.52,92.14,98.33
2020-03-24,98.05,93.33,101.19,93.33,98.57,100.14,100.14,96.48,93.86,100.67
2020-03-25,100.14,95.0,103.57,95.0,100.71,102.43,102.43,98.43,95.57,103.0
2020-03-26,102.24,96.67,105.95,96.67,102.86,104.71,104.71,100.38,97.29,105.33
2020-03-27,104.33,98.33,108.33,98.33,105.0,107.0,107.0,102.33,99.0,107.67
2020-03-28,106.43,100.0,110.71,100.0,107.14,109.29,109.29,104.29,100.71,110.0
2020-03-29,108.52,101.67,113.1,101.67,109.29,111.57,111.57,106.24,102.43,112.33
2020-03-30,110.62,103.33,115.48,103.33,111.43,113.86,113.86,108.19,104.14,114.67
2020-03-31,112.71,105.0,117.86,105.0,113.57,116.14,116.14,110.14,105.86,117.0
2020-04-01,114.81,106.67,120.24,106.67,115.71,118.43,118.43,112.1,107.57,119.33
2020-04-02,116.9,108.33,122.62,108.33,117.86,120.71,120.71,114.05,109.29,121.67
2020-04-03,119.0,110.0,125.0,110.0,120.0,123.0,123.0,116.0,111.0,124.0
2020-04-04,131.2,124.0,139.0,125.2,132.4,135.2,136.6,129.6,127.2,137.0
2020-04-05,143.4,138.0,153.0,140.4,144.8,147.4,150.2,143.2,143.4,150.0
2020-04-06,155.6,152.0,167.0,155.6,157.2,159.6,163.8,156.8,159.6,163.0
2020-04-07,167.8,166.0,181.0,170.8,169.6,171.8,177.4,170.4,175.8,176.0
2020-04-08,180.0,180.0,195.0,186.0,182.0,184.0,191.0,184.0,192.0,189.0
2020-04-09,156.0,150.0,175.0,158.0,151.0,151.0,165.0,158.0,163.0,171.0
2020-04-10,131.5,140.0,135.0,143.5,139.0,128.0,137.5,135.0,146.5,143.0
2020-04-11,107.0,130.0,95.0,129.0,127.0,105.0,110.0,112.0,130.0,115.0
2020-04-12,174.0,170.0,175.0,173.0,173.0,170.0,172.0,173.0,170.0,170.0
2020-04-13,176.05,171.0,178.5,174.45,175.3,173.75,175.5,175.05,172.1,172.05
2020-04-14,178.1,172.0,182.0,175.9,177.6,177.5,179.0,177.1,174.2,174.1
2020-04-15,180.15,173.0,185.5,177.35,179.9,181.25,182.5,179.15,176.3,176.15
2020-04-16,182.2,174.0,189.0,178.8,182.2,185.0,186.0,181.2,178.4,178.2
2020-04-17,184.25,175.0,192.5,180.25,184.5,188.75,189.5,183.25,180.5,180.25
2020-04-18,186.3,176.0,196.0,181.7,186.8,192.5,193.0,185.3,182.6,182.3
2020-04-19,188.35,177.0,199.5,183.15,189.1,196.25,196.5,187.35,184.7,184.35
2020-04-20,190.4,178.0,203.0,184.6,191.4,200.0,200.0,189.4,186.8,186.4
2020-04-21,192.45,179.0,206.5,186.05,193.7,203.75,203.5,191.45,188.9,188.45
2020-04-22,194.5,180.0,210.0,187.5,196.0,207.5,207.0,193.5,191.0,190.5
2020-04-23,196.55,181.0,213.5,188.95,198.3,211.25,210.5,195.55,193.1,192.55
2020-04-24,198.6,182.0,217.0,190.4,200.6,215.0,214.0,197.6,195.2,194.6
2020-04-25,200.65,183.0,220.5,191.85,202.9,218.75,217.5,199.65,197.3,196.65
2020-04-26,202.7,184.0,224.0,193.3,205.2,222.5,221.0,201.7,199.4,198.7
2020-04-27,204.75,185.0,227.5,194.75,207.5,226.25,224.5,203.75,201.5,200.75
2020-04-28,206.8,186.0,231.0,196.2,209.8,230.0,228.0,205.8,203.6,202.8
2020-04-29,208.85,187.0,234.5,197.65,212.1,233.75,231.5,207.85,205.7,204.85
2020-04-30,210.9,188.0,238.0,199.1,214.4,237.5,235.0,209.9,207.8,206.9
2020-05-01,212.95,189.0,241.5,200.55,216.7,241.25,238.5,211.95,209.9,208.95
2020-05-02,215.0,190.0,245.0,202.0,219.0,245.0,242.0,214.0,212.0,211.0
2020-05-03,72.0,70.0,110.0,84.0,86.0,72.0,105.0,83.0,71.0,107.0
2020-05-04,87.57,85.0,121.43,97.14,99.29,88.14,116.71,96.29,87.0,117.0
2020-05-05,103.14,100.0,132.86,110.29,112.57,104.29,128.43,109.57,103.0,127.0
2020-05-06,118.71,115.0,144.29,123.43,125.86,120.43,140.14,122.86,119.0,137.0
2020-05-07,134.29,130.0,155.71,136.57,139.14,136.57,151.86,136.14,135.0,147.0
2020-05-08,149.86,145.0,167.14,149.71,152.43,152.71,163.57,149.43,151.0,157.0
2020-05-09,165.43,160.0,178.57,162.86,165.71,168.86,175.29,162.71,167.0,167.0
2020-05-10,181.0,175.0,190.0,176.0,179.0,185.0,187.0,176.0,183.0,177.0
2020-05-11,124.0,130.0,115.0,117.0,127.0,126.0,121.0,124.0,119.0,127.0
2020-05-12,130.24,135.95,122.38,123.57,133.24,132.71,127.52,130.62,125.52,133.81
2020-05-13,136.48,141.9,129.76,130.14,139.48,139.43,134.05,137.24,132.05,140.62
2020-05-14,142.71,147.86,137.14,136.71,145.71,146.14,140.57,143.86,138.57,147.43
2020-05-15,148.95,153.81,144.52,143.29,151.95,152.86,147.1,150.48,145.1,154.24
2020-05-16,155.19,159.76,151.9,149.86,158.19,159.57,153.62,157.1,151.62,161.05
2020-05-17,161.43,165.71,159.29,156.43,164.43,166.29,160.14,163.71,158.14,167.86
2020-05-18,167.67,171.67,166.67,163.0,170.67,173.0,166.67,170.33,164.67,174.67
2020-05-19,173.9,177.62,174.05,169.57,176.9,179.71,173.19,176.95,171.19,181.48
2020-05-20,180.14,183.57,181.43,176.14,183.14,186.43,179.71,183.57,177.71,188.29
2020-05-21,186.38,189.52,188.81,182.71,189.38,193.14,186.24,190.19,184.24,195.1
2020-05-22,192.62,195.48,196.19,189.29,195.62,199.86,192.76,196.81,190.76,201.9
2020-05-23,198.86,201.43,203.57,195.86,201.86,206.57,199.29,203.43,197.29,208.71
2020-05-24,205.1,207.38,210.95,202.43,208.1,213.29,205.81,210.05,203.81,215.52
2020-05-25,211.33,213.33,218.33,209.0,214.33,220.0,212.33,216.67,210.33,222.33
2020-05-26,217.57,219.29,225.71,215.57,220.57,226.71,218.86,223.29,216.86,229.14
2020-05-27,223.81,225.24,233.1,222.14,226.81,233.43,225.38,229.9,223.38,235.95
2020-05-28,230.05,231.19,240.48,228.71,233.05,240.14,231.9,236.52,229.9,242.76
2020-05-29,236.29,237.14,247.86,235.29,239.29,246.86,238.43,243.14,236.43,249.57
2020-05-30,242.52,243.1,255.24,241.86,245.52,253.57,244.95,249.76,242.95,256.38
2020-05-31,248.76,249.05,262.62,248.43,251.76,260.29,251.48,256.38,249.48,263.19
2020-06-01,255.0,255.0,270.0,255.0,258.0,267.0,258.0,263.0,256.0,270.0
2020-06-02,168.0,165.0,182.5,167.5,171.0,175.0,173.5,179.0,169.5,176.0
2020-06-03,81.0,75.0,95.0,80.0,84.0,83.0,89.0,95.0,83.0,82.0
2020-06-04,80.5,77.5,90.0,81.25,83.5,81.5,86.0,90.25,81.0,80.25
2020-06-05,80.0,80.0,85.0,82.5,83.0,80.0,83.0,85.5,79.0,78.5
2020-06-06,79.5,82.5,80.0,83.75,82.5,78.5,80.0,80.75,77.0,76.75
2020-06-07,79.0,85.0,75.0,85.0,82.0,77.0,77.0,76.0,75.0,75.0
2020-06-08,139.0,170.0,75.0,165.0,91.0,99.0,147.0,158.0,149.0,91.0
2020-06-09,157.0,172.5,132.5,173.0,137.5,137.5,168.5,172.0,163.0,135.5
2020-06-10,175.0,175.0,190.0,181.0,184.0,176.0,190.0,186.0,177.0,180.0
2020-06-11,131.0,135.0,115.0,116.0,131.0,126.0,125.0,129.0,134.0,127.0
2020-06-12,130.75,131.25,120.0,118.75,131.0,126.75,125.5,129.5,133.75,125.25
2020-06-13,130.5,127.5,125.0,121.5,131.0,127.5,126.0,130.0,133.5,123.5
2020-06-14,130.25,123.75,130.0,124.25,131.0,128.25,126.5,130.5,133.25,121.75
2020-06-15,130.0,120.0,135.0,127.0,131.0,129.0,127.0,131.0,133.0,120.0
2020-06-16,133.0,140.0,125.0,138.0,128.0,133.0,125.0,131.0,131.0,130.0
2020-06-17,97.0,95.0,115.0,100.0,99.0,109.0,102.0,106.0,98.0,111.0
2020-06-18,109.0,125.0,95.0,108.0,96.0,102.0,107.0,123.0,112.0,110.0
2020-06-19,99.0,105.0,95.0,98.0,100.0,103.0,100.0,102.0,101.0,100.0
2020-06-20,95.0,100.0,91.67,95.0,96.33,98.33,95.67,97.0,97.33,95.67
2020-06-21,91.0,95.0,88.33,92.0,92.67,93.67,91.33,92.0,93.67,91.33
2020-06-22,87.0,90.0,85.0,89.0,89.0,89.0,87.0,87.0,90.0,87.0
2020-06-23,90.0,92.5,75.0,82.0,76.0,85.0,78.0,88.0,77.0,88.0
2020-06-24,75.0,80.0,75.0,80.0,79.0,77.0,77.0,75.0,80.0,80.0
2020-06-25,85.0,80.0,85.0,82.0,85.0,81.0,84.0,83.0,82.0,84.0
2020-06-26,93.0,90.0,95.0,92.0,92.0,93.0,90.0,91.0,95.0,95.0
2020-06-27,92.0,90.0,95.0,93.0,92.0,93.67,91.33,91.67,94.33,94.67
2020-06-28,91.0,90.0,95.0,94.0,92.0,94.33,92.67,92.33,93.67,94.33
2020-06-29,90.0,90.0,95.0,95.0,92.0,95.0,94.0,93.0,93.0,94.0
2020-06-30,77.0,77.5,95.0,90.0,92.0,84.0,78.0,78.0,81.0,89.0
2020-07-01,298.0,270.0,310.0,289.0,280.0,274.0,303.0,275.0,281.0,300.0
2020-07-02,262.17,240.0,270.83,253.33,246.17,243.33,266.83,242.5,249.0,263.17
2020-07-03,226.33,210.0,231.67,217.67,212.33,212.67,230.67,210.0,217.0,226.33
2020-07-04,190.5,180.0,192.5,182.0,178.5,182.0,194.5,177.5,185.0,189.5
2020-07-05,154.67,150.0,153.33,146.33,144.67,151.33,158.33,145.0,153.0,152.67
2020-07-06,118.83,120.0,114.17,110.67,110.83,120.67,122.17,112.5,121.0,115.83
2020-07-07,83.0,90.0,75.0,75.0,77.0,90.0,86.0,80.0,89.0,79.0
2020-07-08,226.0,205.0,255.0,229.0,251.0,230.0,217.0,246.0,253.0,239.0
2020-07-09,190.0,190.0,175.0,182.0,183.0,176.0,189.0,178.0,184.0,186.0
2020-07-10,185.0,185.0,190.0,190.0,187.0,190.0,188.0,190.0,190.0,190.0
2020-07-11,165.0,165.0,167.5,167.5,166.0,167.5,166.5,167.5,167.5,167.5
2020-07-12,145.0,145.0,145.0,145.0,145.0,145.0,145.0,145.0,145.0,145.0
2020-07-13,110.0,110.0,110.0,110.0,110.0,110.0,110.0,110.0,110.0,110.0
2020-07-14,112.0,110.0,125.0,119.0,115.0,114.0,116.0,122.0,111.0,114.0
2020-07-15,123.0,120.0,125.0,125.0,123.0,123.0,123.0,121.0,124.0,125.0
2020-07-16,117.0,120.0,115.0,120.0,118.0,119.0,116.0,116.0,117.0,116.0
2020-07-17,115.0,110.0,115.0,110.0,110.0,113.0,113.0,113.0,115.0,110.0
2020-07-18,121.0,118.33,118.33,115.67,115.67,118.33,120.0,117.33,120.67,117.0
2020-07-19,127.0,126.67,121.67,121.33,121.33,123.67,127.0,121.67,126.33,124.0
2020-07-20,133.0,135.0,125.0,127.0,127.0,129.0,134.0,126.0,132.0,131.0
2020-07-21,111.0,105.0,135.0,118.0,107.0,117.0,112.0,114.0,114.0,129.0
2020-07-22,118.0,105.0,135.0,123.0,131.0,121.0,113.0,134.0,134.0,106.0
2020-07-23,134.0,130.0,135.0,132.0,134.0,131.0,134.0,133.0,135.0,131.0
2020-07-24,127.0,125.0,135.0,134.0,126.0,132.0,132.0,132.0,130.0,129.0
2020-07-25,143.67,143.33,148.33,148.33,143.67,147.67,147.33,148.0,145.67,144.67
2020-07-26,160.33,161.67,161.67,162.67,161.33,163.33,162.67,164.0,161.33,160.33
2020-07-27,177.0,180.0,175.0,177.0,179.0,179.0,178.0,180.0,177.0,176.0
2020-07-28,156.0,175.0,155.0,163.0,173.0,173.0,172.0,162.0,170.0,174.0
2020-07-29,163.0,175.0,155.0,174.0,173.0,157.0,165.0,175.0,161.0,160.0
2020-07-30,197.0,205.0,185.0,197.0,205.0,192.0,199.0,200.0,204.0,190.0
2020-07-31,184.0,170.0,190.0,176.0,174.0,171.0,178.0,182.0,183.0,187.0
2020-08-01,227.0,225.0,250.0,238.0,242.0,232.0,241.0,242.0,233.0,242.0
2020-08-02,203.67,202.5,222.5,212.5,216.33,207.83,215.33,216.5,209.0,216.33
2020-08-03,180.33,180.0,195.0,187.0,190.67,183.67,189.67,191.0,185.0,190.67
2020-08-04,157.0,157.5,167.5,161.5,165.0,159.5,164.0,165.5,161.0,165.0
2020-08-05,133.67,135.0,140.0,136.0,139.33,135.33,138.33,140.0,137.0,139.33
2020-08-06,110.33,112.5,112.5,110.5,113.67,111.17,112.67,114.5,113.0,113.67
2020-08-07,87.0,90.0,85.0,85.0,88.0,87.0,87.0,89.0,89.0,88.0
2020-08-08,138.5,130.0,140.0,138.5,133.5,134.5,141.0,141.0,130.5,137.0
2020-08-09,190.0,170.0,195.0,192.0,179.0,182.0,195.0,193.0,172.0,186.0
2020-08-10,158.0,145.0,175.0,169.0,173.0,157.0,156.0,170.0,146.0,169.0
2020-08-11,173.5,167.5,170.0,176.0,179.5,161.0,163.5,179.5,156.0,173.5
2020-08-12,189.0,190.0,165.0,183.0,186.0,165.0,171.0,189.0,166.0,178.0
2020-08-13,247.0,240.0,255.0,254.0,244.0,245.0,249.0,251.0,242.0,253.0
2020-08-14,226.0,240.0,225.0,228.0,230.0,232.0,233.0,236.0,226.0,237.0
2020-08-15,226.33,236.67,225.0,228.67,228.33,230.33,230.67,233.33,227.33,234.0
2020-08-16,226.67,233.33,225.0,229.33,226.67,228.67,228.33,230.67,228.67,231.0
2020-08-17,227.0,230.0,225.0,230.0,225.0,227.0,226.0,228.0,230.0,228.0
2020-08-18,226.0,230.0,225.0,230.0,229.0,228.0,225.0,229.0,228.0,227.0
2020-08-19,197.0,220.0,190.0,210.0,198.0,190.0,199.0,198.0,207.0,220.0
2020-08-20,201.0,180.0,210.0,208.0,191.0,206.0,206.0,208.0,189.0,190.0
2020-08-21,160.0,155.0,190.0,190.0,180.0,167.0,173.0,169.0,179.0,189.0
2020-08-22,168.67,161.67,190.0,187.33,182.67,173.0,177.0,175.0,178.0,184.33
2020-08-23,177.33,168.33,190.0,184.67,185.33,179.0,181.0,181.0,177.0,179.67
2020-08-24,186.0,175.0,190.0,182.0,188.0,185.0,185.0,187.0,176.0,175.0
2020-08-25,188.0,180.0,190.0,180.0,181.0,188.0,184.0,180.0,188.0,182.0
2020-08-26,190.0,190.0,155.0,184.0,168.0,190.0,162.0,179.0,187.0,173.0
2020-08-27,169.0,185.0,155.0,163.0,180.0,185.0,162.0,161.0,158.0,174.0
2020-08-28,167.0,140.0,175.0,172.0,166.0,166.0,143.0,148.0,170.0,175.0
2020-08-29,186.5,166.25,192.5,190.25,185.75,185.75,168.5,172.25,188.75,192.5
2020-08-30,206.0,192.5,210.0,208.5,205.5,205.5,194.0,196.5,207.5,210.0
2020-08-31,225.5,218.75,227.5,226.75,225.25,225.25,219.5,220.75,226.25,227.5
2020-09-01,245.0,245.0,245.0,245.0,245.0,245.0,245.0,245.0,245.0,245.0
2020-09-02,219.67,219.17,220.0,219.67,219.17,220.0,219.67,219.17,220.0,219.5
2020-09-03,194.33,193.33,195.0,194.33,193.33,195.0,194.33,193.33,195.0,194.0
2020-09-04,169.0,167.5,170.0,169.0,167.5,170.0,169.0,167.5,170.0,168.5
2020-09-05,143.67,141.67,145.0,143.67,141.67,145.0,143.67,141.67,145.0,143.0
2020-09-06,118.33,115.83,120.0,118.33,115.83,120.0,118.33,115.83,120.0,117.5
2020-09-07,93.0,90.0,95.0,93.0,90.0,95.0,93.0,90.0,95.0,92.0
2020-09-08,137.0,137.5,130.0,135.5,134.5,133.0,134.0,133.0,130.0,136.0
2020-09-09,181.0,185.0,165.0,178.0,179.0,171.0,175.0,176.0,165.0,180.0
2020-09-10,161.0,160.0,170.0,170.0,168.0,164.0,170.0,167.0,165.0,167.0
2020-09-11,111.0,110.0,125.0,114.0,115.0,120.0,110.0,117.0,123.0,117.0
2020-09-12,137.0,160.0,125.0,159.0,154.0,155.0,148.0,135.0,127.0,141.0
2020-09-13,176.0,190.0,167.5,188.5,187.0,185.5,181.5,173.5,169.5,178.5
2020-09-14,215.0,220.0,210.0,218.0,220.0,216.0,215.0,212.0,212.0,216.0
2020-09-15,213.0,215.0,210.0,212.0,214.0,211.0,213.0,210.0,210.0,212.0
2020-09-16,203.0,210.0,175.0,188.0,191.0,184.0,205.0,182.0,180.0,175.0
2020-09-17,216.0,220.0,175.0,204.0,200.0,206.0,215.0,209.0,199.0,209.0
2020-09-18,198.0,170.0,200.0,178.0,173.0,180.0,183.0,172.0,182.0,173.0
2020-09-19,199.33,180.0,203.33,186.33,182.0,188.0,189.0,181.33,189.33,183.67
2020-09-20,200.67,190.0,206.67,194.67,191.0,196.0,195.0,190.67,196.67,194.33
2020-09-21,202.0,200.0,210.0,203.0,200.0,204.0,201.0,200.0,204.0,205.0
2020-09-22,183.0,165.0,215.0,168.0,172.0,194.0,190.0,169.0,198.0,178.0
2020-09-23,167.0,165.0,205.0,192.0,199.0,203.0,169.0,203.0,172.0,201.0
2020-09-24,160.0,160.0,155.0,156.0,159.0,156.0,158.0,156.0,159.0,160.0
2020-09-25,173.0,180.0,160.0,168.0,179.0,163.0,179.0,168.0,161.0,163.0
2020-09-26,178.33,170.0,171.67,177.0,174.0,159.0,182.67,171.0,158.33,171.67
2020-09-27,183.67,160.0,183.33,186.0,169.0,155.0,186.33,174.0,155.67,180.33
2020-09-28,189.0,150.0,195.0,195.0,164.0,151.0,190.0,177.0,153.0,189.0
2020-09-29,158.0,155.0,195.0,176.0,176.0,168.0,165.0,161.0,179.0,170.0
2020-09-30,160.0,150.0,190.0,190.0,163.0,162.0,182.0,158.0,164.0,177.0
2020-10-01,128.33,118.33,151.67,150.0,131.33,130.0,145.33,126.0,128.67,141.33
2020-10-02,96.67,86.67,113.33,110.0,99.67,98.0,108.67,94.0,93.33,105.67
2020-10-03,65.0,55.0,75.0,70.0,68.0,66.0,72.0,62.0,58.0,70.0
2020-10-04,75.0,67.5,80.0,76.25,76.5,74.75,79.0,70.5,68.0,77.0
2020-10-05,85.0,80.0,85.0,82.5,85.0,83.5,86.0,79.0,78.0,84.0
2020-10-06,95.0,92.5,90.0,88.75,93.5,92.25,93.0,87.5,88.0,91.0
2020-10-07,105.0,105.0,95.0,95.0,102.0,101.0,100.0,96.0,98.0,98.0
2020-10-08,153.0,140.0,155.0,155.0,141.0,141.0,150.0,140.0,141.0,152.0
2020-10-09,187.0,185.0,190.0,190.0,189.0,189.0,186.0,190.0,189.0,186.0
2020-10-10,156.5,160.0,157.5,158.5,161.5,162.0,160.0,161.0,159.5,156.0
2020-10-11,126.0,135.0,125.0,127.0,134.0,135.0,134.0,132.0,130.0,126.0
2020-10-12,134.5,132.5,135.0,133.5,138.5,132.5,134.0,133.0,137.5,135.0
2020-10-13,143.0,130.0,145.0,140.0,143.0,130.0,134.0,134.0,145.0,144.0
2020-10-14,115.0,115.0,115.0,115.0,115.0,115.0,115.0,115.0,115.0,115.0
2020-10-15,110.0,110.0,110.0,110.0,110.0,110.0,110.0,110.0,110.0,110.0
2020-10-16,126.0,130.0,110.0,123.0,128.0,118.0,123.0,112.0,120.0,112.0
2020-10-17,138.33,145.0,125.0,139.33,139.0,135.67,135.0,130.0,132.0,128.67
2020-10-18,150.67,160.0,140.0,155.67,150.0,153.33,147.0,148.0,144.0,145.33
2020-10-19,163.0,175.0,155.0,172.0,161.0,171.0,159.0,166.0,156.0,162.0
2020-10-20,182.0,185.0,155.0,175.0,157.0,162.0,160.0,162.0,182.0,178.0
2020-10-21,166.0,165.0,175.0,169.0,171.0,166.0,170.0,170.0,171.0,175.0
2020-10-22,119.0,105.0,145.0,109.0,122.0,128.0,126.0,131.0,123.0,135.0
2020-10-23,113.0,105.0,115.0,108.0,114.0,107.0,106.0,107.0,107.0,113.0
2020-10-24,118.0,121.67,118.33,115.0,119.33,118.0,116.67,113.0,114.33,119.0
2020-10-25,123.0,138.33,121.67,122.0,124.67,129.0,127.33,119.0,121.67,125.0
2020-10-26,128.0,155.0,125.0,129.0,130.0,140.0,138.0,125.0,129.0,131.0
2020-10-27,122.0,150.0,115.0,117.0,149.0,120.0,124.0,149.0,133.0,116.0
2020-10-28,133.0,135.0,125.0,125.0,127.0,127.0,127.0,129.0,126.0,132.0
2020-10-29,154.0,155.0,145.0,149.0,153.0,151.0,150.0,147.0,154.0,151.0
2020-10-30,136.2,137.0,129.0,132.2,135.4,133.8,133.0,130.6,136.2,133.8
2020-10-31,118.4,119.0,113.0,115.4,117.8,116.6,116.0,114.2,118.4,116.6
2020-11-01,100.6,101.0,97.0,98.6,100.2,99.4,99.0,97.8,100.6,99.4
2020-11-02,82.8,83.0,81.0,81.8,82.6,82.2,82.0,81.4,82.8,82.2
2020-11-03,65.0,65.0,65.0,65.0,65.0,65.0,65.0,65.0,65.0,65.0
2020-11-04,86.0,81.0,87.0,86.6,85.4,82.8,86.6,81.0,85.8,85.6
2020-11-05,107.0,97.0,109.0,108.2,105.8,100.6,108.2,97.0,106.6,106.2
2020-11-06,128.0,113.0,131.0,129.8,126.2,118.4,129.8,113.0,127.4,126.8
2020-11-07,149.0,129.0,153.0,151.4,146.6,136.2,151.4,129.0,148.2,147.4
2020-11-08,170.0,145.0,175.0,173.0,167.0,154.0,173.0,145.0,169.0,168.0
2020-11-09,184.0,180.0,195.0,188.0,184.0,188.0,187.0,184.0,181.0,191.0
2020-11-10,157.5,157.5,160.0,160.5,159.0,157.0,161.0,159.0,158.0,159.0
2020-11-11,131.0,135.0,125.0,133.0,134.0,126.0,135.0,134.0,135.0,127.0
2020-11-12,190.0,165.0,190.0,168.0,171.0,179.0,176.0,187.0,182.0,171.0
2020-11-13,164.0,165.0,145.0,147.0,161.0,149.0,145.0,158.0,159.0,154.0
2020-11-14,178.0,183.33,160.0,166.67,172.67,172.0,165.33,170.67,172.0,175.33
2020-11-15,192.0,201.67,175.0,186.33,184.33,195.0,185.67,183.33,185.0,196.67
2020-11-16,206.0,220.0,190.0,206.0,196.0,218.0,206.0,196.0,198.0,218.0
2020-11-17,210.0,210.0,210.0,210.0,210.0,210.0,210.0,210.0,210.0,210.0
2020-11-18,177.0,175.0,185.0,176.0,180.0,180.0,185.0,185.0,181.0,183.0
2020-11-19,169.0,175.0,165.0,172.0,174.0,168.0,166.0,173.0,167.0,167.0
2020-11-20,157.0,155.0,165.0,155.0,163.0,158.0,165.0,164.0,163.0,164.0
2020-11-21,173.33,175.0,175.0,170.67,179.0,171.33,178.67,177.33,174.33,176.0
2020-11-22,189.67,195.0,185.0,186.33,195.0,184.67,192.33,190.67,185.67,188.0
2020-11-23,206.0,215.0,195.0,202.0,211.0,198.0,206.0,204.0,197.0,200.0
2020-11-24,210.0,210.0,210.0,210.0,210.0,210.0,210.0,210.0,210.0,210.0
2020-11-25,210.0,210.0,210.0,210.0,210.0,210.0,210.0,210.0,210.0,210.0
2020-11-26,218.0,230.0,190.0,212.0,202.0,193.0,195.0,202.0,210.0,207.0
2020-11-27,211.0,230.0,205.0,219.0,224.0,221.0,213.0,223.0,213.0,222.0
2020-11-28,213.33,223.33,213.33,218.33,220.33,221.0,217.0,220.67,216.33,219.33
2020-11-29,215.67,216.67,221.67,217.67,216.67,221.0,221.0,218.33,219.67,216.67
2020-11-30,218.0,210.0,230.0,217.0,213.0,221.0,225.0,216.0,223.0,214.0
2020-12-01,168.67,161.67,178.33,168.0,166.67,170.67,172.67,165.67,171.0,165.67
2020-12-02,119.33,113.33,126.67,119.0,120.33,120.33,120.33,115.33,119.0,117.33
2020-12-03,70.0,65.0,75.0,70.0,74.0,70.0,68.0,65.0,67.0,69.0
2020-12-04,100.6,91.0,105.0,97.2,98.6,98.2,93.8,94.8,93.8,99.8
2020-12-05,131.2,117.0,135.0,124.4,123.2,126.4,119.6,124.6,120.6,130.6
2020-12-06,161.8,143.0,165.0,151.6,147.8,154.6,145.4,154.4,147.4,161.4
2020-12-07,192.4,169.0,195.0,178.8,172.4,182.8,171.2,184.2,174.2,192.2
2020-12-08,223.0,195.0,225.0,206.0,197.0,211.0,197.0,214.0,201.0,223.0
2020-12-09,187.5,145.0,190.0,173.0,166.0,157.5,175.5,184.5,155.5,178.0
2020-12-10,152.0,95.0,155.0,140.0,135.0,104.0,154.0,155.0,110.0,133.0
2020-12-11,151.0,170.0,135.0,149.0,152.0,135.0,160.0,166.0,150.0,168.0
2020-12-12,150.67,158.33,141.67,147.0,151.0,140.67,155.33,156.67,145.0,160.33
2020-12-13,150.33,146.67,148.33,145.0,150.0,146.33,150.67,147.33,140.0,152.67
2020-12-14,150.0,135.0,155.0,143.0,149.0,152.0,146.0,138.0,135.0,145.0
2020-12-15,157.0,135.0,175.0,153.0,170.0,148.0,145.0,164.0,138.0,157.0
2020-12-16,155.0,155.0,155.0,155.0,155.0,155.0,155.0,155.0,155.0,155.0
2020-12-17,145.0,145.0,145.0,145.0,145.0,145.0,145.0,145.0,145.0,145.0
2020-12-18,137.0,145.0,135.0,144.0,140.0,138.0,139.0,139.0,138.0,139.0
2020-12-19,139.33,143.33,138.33,143.67,140.33,139.33,139.33,140.67,138.67,141.0
2020-12-20,141.67,141.67,141.67,143.33,140.67,140.67,139.67,142.33,139.33,143.0
2020-12-21,144.0,140.0,145.0,143.0,141.0,142.0,140.0,144.0,140.0,145.0
2020-12-22,154.0,145.0,155.0,150.0,152.0,147.0,146.0,155.0,149.0,150.0
2020-12-23,138.0,135.0,145.0,142.0,142.0,138.0,137.0,138.0,141.0,142.0
2020-12-24,135.0,135.0,135.0,135.0,135.0,135.0,135.0,135.0,135.0,135.0
2020-12-25,146.5,137.5,147.5,142.5,142.0,140.25,143.0,140.5,144.5,138.25
2020-12-26,158.0,140.0,160.0,150.0,149.0,145.5,151.0,146.0,154.0,141.5
2020-12-27,169.5,142.5,172.5,157.5,156.0,150.75,159.0,151.5,163.5,144.75
2020-12-28,181.0,145.0,185.0,165.0,163.0,156.0,167.0,157.0,173.0,148.0
2020-12-29,165.0,145.0,170.0,156.0,158.5,153.5,159.0,154.0,160.5,149.5
2020-12-30,149.0,145.0,155.0,147.0,154.0,151.0,151.0,151.0,148.0,151.0
2020-12-31,175.0,90.0,175.0,127.0,130.0,118.0,171.0,148.0,125.0,95.0
2021-01-01,139.0,130.0,155.0,149.0,134.0,140.0,155.0,148.0,135.0,139.0
2021-01-02,136.0,145.0,125.0,143.0,130.0,125.0,130.0,126.0,131.0,142.0
2021-01-03,111.0,110.0,115.0,113.0,113.0,115.0,113.0,111.0,111.0,111.0
2021-01-04,145.0,145.0,145.0,145.0,145.0,145.0,145.0,145.0,145.0,145.0
2021-01-05,151.0,151.67,141.67,149.0,150.0,146.33,145.33,145.67,151.67,144.33
2021-01-06,157.0,158.33,138.33,153.0,155.0,147.67,145.67,146.33,158.33,143.67
2021-01-07,163.0,165.0,135.0,157.0,160.0,149.0,146.0,147.0,165.0,143.0
2021-01-08,176.0,175.0,162.5,172.5,173.0,168.0,166.5,168.5,177.0,166.0
2021-01-09,189.0,185.0,190.0,188.0,186.0,187.0,187.0,190.0,189.0,189.0
2021-01-10,165.0,155.0,170.0,166.0,165.0,165.0,167.0,163.0,158.0,164.0
2021-01-11,135.0,120.0,170.0,123.0,164.0,142.0,153.0,125.0,154.0,139.0
2021-01-12,116.0,105.0,142.5,117.0,129.5,128.5,129.5,113.0,125.0,117.0
2021-01-13,97.0,90.0,115.0,111.0,95.0,115.0,106.0,101.0,96.0,95.0
2021-01-14,111.0,107.5,120.0,118.0,110.0,120.0,115.5,113.0,110.5,110.0
2021-01-15,125.0,125.0,125.0,125.0,125.0,125.0,125.0,125.0,125.0,125.0
2021-01-16,140.67,143.33,138.33,142.0,139.67,138.67,141.67,142.0,141.67,143.33
2021-01-17,156.33,161.67,151.67,159.0,154.33,152.33,158.33,159.0,158.33,161.67
2021-01-18,172.0,180.0,165.0,176.0,169.0,166.0,175.0,176.0,175.0,180.0
2021-01-19,192.0,190.0,195.0,194.0,190.0,195.0,192.0,193.0,193.0,192.0
2021-01-20,210.0,210.0,215.0,212.0,210.0,211.0,214.0,215.0,215.0,212.0
2021-01-21,229.0,230.0,225.0,230.0,229.0,229.0,226.0,230.0,230.0,226.0
2021-01-22,210.0,200.0,215.0,211.0,205.0,203.0,201.0,210.0,206.0,210.0
2021-01-23,203.67,208.33,206.67,204.33,206.67,204.0,199.67,212.33,207.67,208.67
2021-01-24,197.33,216.67,198.33,197.67,208.33,205.0,198.33,214.67,209.33,207.33
2021-01-25,191.0,225.0,190.0,191.0,210.0,206.0,197.0,217.0,211.0,206.0
2021-01-26,214.0,185.0,225.0,208.0,190.0,219.0,197.0,209.0,189.0,216.0
2021-01-27,210.0,210.0,210.0,210.0,210.0,210.0,210.0,210.0,210.0,210.0
2021-01-28,207.0,192.5,207.5,193.0,195.0,198.5,197.0,195.5,207.0,194.0
2021-01-29,204.0,175.0,205.0,176.0,180.0,187.0,184.0,181.0,204.0,178.0
2021-01-30,183.25,158.75,187.5,165.0,168.0,169.75,167.25,163.25,186.0,161.75
2021-01-31,162.5,142.5,170.0,154.0,156.0,152.5,150.5,145.5,168.0,145.5
2021-02-01,141.75,126.25,152.5,143.0,144.0,135.25,133.75,127.75,150.0,129.25
2021-02-02,121.0,110.0,135.0,132.0,132.0,118.0,117.0,110.0,132.0,113.0
2021-02-03,124.0,140.0,115.0,123.0,130.0,121.0,118.0,115.0,116.0,131.0
2021-02-04,123.75,135.0,117.5,122.25,128.25,121.75,119.75,116.25,118.25,128.25
2021-02-05,123.5,130.0,120.0,121.5,126.5,122.5,121.5,117.5,120.5,125.5
2021-02-06,123.25,125.0,122.5,120.75,124.75,123.25,123.25,118.75,122.75,122.75
2021-02-07,123.0,120.0,125.0,120.0,123.0,124.0,125.0,120.0,125.0,120.0
2021-02-08,225.0,240.0,215.0,222.0,225.0,225.0,215.0,239.0,235.0,233.0
2021-02-09,159.0,200.0,145.0,167.0,174.0,196.0,187.0,196.0,198.0,149.0
2021-02-10,164.5,185.0,157.5,168.5,172.0,183.0,178.5,183.0,184.0,159.5
2021-02-11,170.0,170.0,170.0,170.0,170.0,170.0,170.0,170.0,170.0,170.0
2021-02-12,230.0,240.0,230.0,235.0,237.0,231.0,236.0,238.0,235.0,235.0
2021-02-13,205.0,203.33,205.0,201.67,208.67,202.0,206.0,202.67,204.67,207.67
2021-02-14,180.0,166.67,180.0,168.33,180.33,173.0,176.0,167.33,174.33,180.33
2021-02-15,155.0,130.0,155.0,135.0,152.0,144.0,146.0,132.0,144.0,153.0
2021-02-16,136.0,140.0,135.0,140.0,135.0,140.0,137.0,140.0,139.0,140.0
2021-02-17,146.0,170.0,135.0,159.0,137.0,154.0,154.0,142.0,144.0,169.0
2021-02-18,127.0,125.0,135.0,126.0,127.0,130.0,132.0,135.0,131.0,130.0
2021-02-19,131.0,130.0,135.0,130.0,134.0,132.0,131.0,130.0,131.0,130.0
2021-02-20,134.33,136.67,135.0,135.67,135.33,136.33,134.0,136.0,134.67,132.67
2021-02-21,137.67,143.33,135.0,141.33,136.67,140.67,137.0,142.0,138.33,135.33
2021-02-22,141.0,150.0,135.0,147.0,138.0,145.0,140.0,148.0,142.0,138.0
2021-02-23,142.0,155.0,125.0,136.0,148.0,127.0,153.0,129.0,131.0,146.0
2021-02-24,101.0,85.0,110.0,90.0,90.0,101.0,106.0,85.0,89.0,100.0
2021-02-25,115.0,110.0,115.0,111.0,111.0,115.0,113.0,112.0,110.0,112.0
2021-02-26,111.0,106.0,115.0,108.2,110.6,112.2,110.0,109.4,108.4,110.0
2021-02-27,107.0,102.0,115.0,105.4,110.2,109.4,107.0,106.8,106.8,108.0
2021-02-28,103.0,98.0,115.0,102.6,109.8,106.6,104.0,104.2,105.2,106.0
2021-03-01,99.0,94.0,115.0,99.8,109.4,103.8,101.0,101.6,103.6,104.0
2021-03-02,95.0,90.0,115.0,97.0,109.0,101.0,98.0,99.0,102.0,102.0
2021-03-03,125.0,125.0,125.0,125.0,125.0,125.0,125.0,125.0,125.0,125.0
2021-03-04,121.5,125.0,117.5,118.5,123.0,121.0,119.5,123.0,119.5,122.5
2021-03-05,118.0,125.0,110.0,112.0,121.0,117.0,114.0,121.0,114.0,120.0
2021-03-06,155.0,163.33,145.0,149.33,155.67,156.33,150.67,160.0,156.0,154.67
2021-03-07,192.0,201.67,180.0,186.67,190.33,195.67,187.33,199.0,198.0,189.33
2021-03-08,229.0,240.0,215.0,224.0,225.0,235.0,224.0,238.0,240.0,224.0
2021-03-09,211.67,226.67,201.67,207.67,209.33,219.67,208.67,221.67,224.0,208.33
2021-03-10,194.33,213.33,188.33,191.33,193.67,204.33,193.33,205.33,208.0,192.67
2021-03-11,177.0,200.0,175.0,175.0,178.0,189.0,178.0,189.0,192.0,177.0
2021-03-12,250.0,245.0,255.0,253.0,250.0,249.0,249.0,255.0,249.0,253.0
2021-03-13,229.0,225.0,233.33,231.67,230.0,228.33,228.67,233.33,229.0,231.33
2021-03-14,208.0,205.0,211.67,210.33,210.0,207.67,208.33,211.67,209.0,209.67
2021-03-15,187.0,185.0,190.0,189.0,190.0,187.0,188.0,190.0,189.0,188.0
2021-03-16,173.0,160.0,175.0,172.0,160.0,163.0,175.0,175.0,161.0,171.0
2021-03-17,190.0,190.0,190.0,190.0,190.0,190.0,190.0,190.0,190.0,190.0
2021-03-18,175.0,185.0,175.0,175.0,182.0,180.0,184.0,182.0,179.0,181.0
2021-03-19,187.0,195.0,175.0,177.0,180.0,193.0,185.0,183.0,187.0,188.0
2021-03-20,182.0,178.33,175.0,168.67,174.33,185.0,178.33,176.67,174.0,173.67
2021-03-21,177.0,161.67,175.0,160.33,168.67,177.0,171.67,170.33,161.0,159.33
2021-03-22,172.0,145.0,175.0,152.0,163.0,169.0,165.0,164.0,148.0,145.0
2021-03-23,154.0,150.0,155.0,155.0,155.0,154.0,151.0,150.0,150.0,151.0
2021-03-24,161.0,152.5,165.0,154.0,160.0,154.0,163.0,165.0,154.0,152.0
2021-03-25,160.0,160.0,155.0,159.0,156.0,157.0,156.0,155.0,155.0,157.0
2021-03-26,165.0,165.0,155.0,158.0,165.0,155.0,161.0,164.0,165.0,163.0
2021-03-27,167.67,166.67,161.67,162.0,167.0,160.33,164.67,167.0,168.0,165.33
2021-03-28,170.33,168.33,168.33,166.0,169.0,165.67,168.33,170.0,171.0,167.67
2021-03-29,173.0,170.0,175.0,170.0,171.0,171.0,172.0,173.0,174.0,170.0
2021-03-30,171.0,165.0,175.0,170.0,167.0,170.0,170.0,171.0,168.0,171.0
2021-03-31,155.0,155.0,155.0,155.0,155.0,155.0,155.0,155.0,155.0,155.0
2021-04-01,100.0,105.0,95.0,95.0,99.0,96.0,99.0,96.0,101.0,104.0
2021-04-02,109.5,107.5,110.0,109.0,107.0,109.0,109.5,104.0,107.5,108.0
2021-04-03,119.0,110.0,125.0,123.0,115.0,122.0,120.0,112.0,114.0,112.0
2021-04-04,110.0,110.0,110.0,109.0,109.5,109.5,111.5,103.5,109.0,109.5
2021-04-05,101.0,110.0,95.0,95.0,104.0,97.0,103.0,95.0,104.0,107.0
2021-04-06,143.67,151.67,138.33,140.67,146.0,139.67,144.33,139.67,145.33,147.67
2021-04-07,186.33,193.33,181.67,186.33,188.0,182.33,185.67,184.33,186.67,188.33
2021-04-08,229.0,235.0,225.0,232.0,230.0,225.0,227.0,229.0,228.0,229.0
2021-04-09,221.0,227.5,217.5,226.0,221.5,221.5,223.0,219.5,219.5,221.0
2021-04-10,213.0,220.0,210.0,220.0,213.0,218.0,219.0,210.0,211.0,213.0
2021-04-11,194.89,200.56,193.89,202.67,196.33,200.0,200.0,193.44,194.67,194.44
2021-04-12,176.78,181.11,177.78,185.33,179.67,182.0,181.0,176.89,178.33,175.89
2021-04-13,158.67,161.67,161.67,168.0,163.0,164.0,162.0,160.33,162.0,157.33
2021-04-14,140.56,142.22,145.56,150.67,146.33,146.0,143.0,143.78,145.67,138.78
2021-04-15,122.44,122.78,129.44,133.33,129.67,128.0,124.0,127.22,129.33,120.22
2021-04-16,104.33,103.33,113.33,116.0,113.0,110.0,105.0,110.67,113.0,101.67
2021-04-17,86.22,83.89,97.22,98.67,96.33,92.0,86.0,94.11,96.67,83.11
2021-04-18,68.11,64.44,81.11,81.33,79.67,74.0,67.0,77.56,80.33,64.56
2021-04-19,50.0,45.0,65.0,64.0,63.0,56.0,48.0,61.0,64.0,46.0
2021-04-20,52.0,45.0,55.0,45.0,48.0,46.0,53.0,55.0,46.0,52.0
2021-04-21,68.0,72.5,65.0,66.0,65.0,71.0,70.0,65.0,72.0,72.0
2021-04-22,89.0,105.0,85.0,91.0,104.0,96.0,86.0,86.0,87.0,99.0
2021-04-23,113.0,110.0,115.0,114.0,110.0,112.0,112.0,111.0,110.0,110.0
2021-04-24,111.25,110.0,110.0,110.25,109.0,109.5,107.75,109.75,109.25,108.5
2021-04-25,109.5,110.0,105.0,106.5,108.0,107.0,103.5,108.5,108.5,107.0
2021-04-26,107.75,110.0,100.0,102.75,107.0,104.5,99.25,107.25,107.75,105.5
2021-04-27,106.0,110.0,95.0,99.0,106.0,102.0,95.0,106.0,107.0,104.0
2021-04-28,110.0,110.0,115.0,110.0,110.0,113.0,110.0,115.0,113.0,115.0
2021-04-29,106.0,110.0,95.0,110.0,104.0,108.0,107.0,101.0,107.0,104.0
2021-04-30,117.0,110.0,125.0,123.0,123.0,118.0,116.0,114.0,115.0,118.0
2021-05-01,85.0,95.0,85.0,94.0,90.0,85.0,85.0,85.0,94.0,94.0
2021-05-02,114.0,110.0,125.0,120.0,114.0,122.0,112.0,110.0,114.0,123.0
2021-05-03,130.0,125.0,135.0,130.0,135.0,129.0,128.0,127.0,134.0,131.0
2021-05-04,115.0,110.0,165.0,150.0,145.0,117.0,129.0,111.0,122.0,150.0
2021-05-05,105.0,140.0,85.0,93.0,97.0,99.0,137.0,137.0,133.0,109.0
2021-05-06,126.0,147.5,115.0,122.5,126.0,127.0,142.0,145.5,143.0,128.0
2021-05-07,147.0,155.0,145.0,152.0,155.0,155.0,147.0,154.0,153.0,147.0
2021-05-08,204.0,225.0,190.0,206.0,192.0,196.0,224.0,221.0,206.0,223.0
2021-05-09,209.0,242.5,200.0,219.5,217.0,204.0,241.0,218.0,212.0,221.0
2021-05-10,214.0,260.0,210.0,233.0,242.0,212.0,258.0,215.0,218.0,219.0
2021-05-11,210.0,210.0,210.0,210.0,210.0,210.0,210.0,210.0,210.0,210.0
2021-05-12,169.0,162.5,172.5,172.5,165.0,168.0,165.5,164.0,166.5,163.5
2021-05-13,128.0,115.0,135.0,135.0,120.0,126.0,121.0,118.0,123.0,117.0
2021-05-14,131.5,122.5,132.5,137.0,125.5,130.75,125.25,122.25,123.5,121.5
2021-05-15,135.0,130.0,130.0,139.0,131.0,135.5,129.5,126.5,124.0,126.0
2021-05-16,138.5,137.5,127.5,141.0,136.5,140.25,133.75,130.75,124.5,130.5
2021-05-17,142.0,145.0,125.0,143.0,142.0,145.0,138.0,135.0,125.0,135.0
2021-05-18,140.0,155.0,125.0,151.0,148.0,148.0,141.0,148.0,126.0,135.0
2021-05-19,130.0,165.0,125.0,163.0,134.0,127.0,142.0,141.0,153.0,145.0
2021-05-20,234.0,240.0,210.0,232.0,214.0,229.0,222.0,240.0,210.0,230.0
2021-05-21,265.0,270.0,210.0,250.0,232.0,255.0,261.0,247.0,219.0,231.0
2021-05-22,252.18,256.82,198.64,238.45,219.45,240.82,247.55,234.36,210.36,218.27
2021-05-23,239.36,243.64,187.27,226.91,206.91,226.64,234.09,221.73,201.73,205.55
2021-05-24,226.55,230.45,175.91,215.36,194.36,212.45,220.64,209.09,193.09,192.82
2021-05-25,213.73,217.27,164.55,203.82,181.82,198.27,207.18,196.45,184.45,180.09
2021-05-26,200.91,204.09,153.18,192.27,169.27,184.09,193.73,183.82,175.82,167.36
2021-05-27,188.09,190.91,141.82,180.73,156.73,169.91,180.27,171.18,167.18,154.64
2021-05-28,175.27,177.73,130.45,169.18,144.18,155.73,166.82,158.55,158.55,141.91
2021-05-29,162.45,164.55,119.09,157.64,131.64,141.55,153.36,145.91,149.91,129.18
2021-05-30,149.64,151.36,107.73,146.09,119.09,127.36,139.91,133.27,141.27,116.45
2021-05-31,136.82,138.18,96.36,134.55,106.55,113.18,126.45,120.64,132.64,103.73
2021-06-01,124.0,125.0,85.0,123.0,94.0,99.0,113.0,108.0,124.0,91.0
2021-06-02,117.67,118.33,91.67,117.0,97.67,101.0,110.33,107.0,117.67,95.67
2021-06-03,111.33,111.67,98.33,111.0,101.33,103.0,107.67,106.0,111.33,100.33
2021-06-04,105.0,105.0,105.0,105.0,105.0,105.0,105.0,105.0,105.0,105.0
2021-06-05,81.0,75.0,85.0,85.0,76.0,83.0,78.0,79.0,79.0,81.0
2021-06-06,99.0,92.5,105.0,104.0,99.0,103.0,96.0,96.0,100.0,95.5
2021-06-07,117.0,110.0,125.0,123.0,122.0,123.0,114.0,113.0,121.0,110.0
2021-06-08,214.0,215.0,210.0,212.0,211.0,215.0,212.0,211.0,212.0,215.0
2021-06-09,125.0,120.0,130.0,130.0,123.0,126.0,121.0,125.0,126.0,121.0
2021-06-10,227.0,245.0,210.0,222.0,210.0,226.0,213.0,231.0,243.0,221.0
2021-06-11,258.5,267.5,250.0,256.0,250.0,258.0,251.5,260.5,266.5,255.5
2021-06-12,290.0,290.0,290.0,290.0,290.0,290.0,290.0,290.0,290.0,290.0
2021-06-13,273.5,275.0,273.33,273.33,274.0,273.83,273.33,275.0,274.5,274.67
2021-06-14,257.0,260.0,256.67,256.67,258.0,257.67,256.67,260.0,259.0,259.33
2021-06-15,240.5,245.0,240.0,240.0,242.0,241.5,240.0,245.0,243.5,244.0
2021-06-16,224.0,230.0,223.33,223.33,226.0,225.33,223.33,230.0,228.0,228.67
2021-06-17,207.5,215.0,206.67,206.67,210.0,209.17,206.67,215.0,212.5,213.33
2021-06-18,191.0,200.0,190.0,190.0,194.0,193.0,190.0,200.0,197.0,198.0
2021-06-19,221.33,230.0,218.33,220.67,223.67,221.33,218.67,229.67,226.33,226.67
2021-06-20,251.67,260.0,246.67,251.33,253.33,249.67,247.33,259.33,255.67,255.33
2021-06-21,282.0,290.0,275.0,282.0,283.0,278.0,276.0,289.0,285.0,284.0
2021-06-22,230.0,220.0,260.0,238.0,236.0,228.0,220.0,235.0,241.0,237.0
2021-06-23,218.0,165.0,230.0,225.0,173.0,202.0,222.0,223.0,213.0,218.0
2021-06-24,220.0,202.5,207.5,231.0,184.0,217.0,216.0,206.5,206.0,206.5
2021-06-25,222.0,240.0,185.0,237.0,195.0,232.0,210.0,190.0,199.0,195.0
2021-06-26,218.67,240.0,178.33,216.67,189.67,229.33,201.33,182.33,193.0,190.0
2021-06-27,215.33,240.0,171.67,196.33,184.33,226.67,192.67,174.67,187.0,185.0
2021-06-28,212.0,240.0,165.0,176.0,179.0,224.0,184.0,167.0,181.0,180.0
2021-06-29,164.0,145.0,165.0,160.0,150.0,165.0,164.0,164.0,157.0,161.0
2021-06-30,145.0,135.0,145.0,135.0,141.0,139.0,141.0,145.0,137.0,137.0
2021-07-01,84.0,80.0,85.0,84.0,82.0,81.0,81.0,83.0,84.0,81.0
2021-07-02,87.67,81.67,88.33,87.33,83.0,84.67,85.67,84.33,84.33,83.0
2021-07-03,91.33,83.33,91.67,90.67,84.0,88.33,90.33,85.67,84.67,85.0
2021-07-04,95.0,85.0,95.0,94.0,85.0,92.0,95.0,87.0,85.0,87.0
2021-07-05,84.0,95.0,75.0,81.0,79.0,82.0,85.0,77.0,79.0,95.0
2021-07-06,104.5,110.0,100.0,103.0,102.0,103.5,105.0,101.0,102.0,110.0
2021-07-07,125.0,125.0,125.0,125.0,125.0,125.0,125.0,125.0,125.0,125.0
2021-07-08,159.0,161.67,158.33,161.33,158.67,161.67,161.0,159.0,160.67,161.67
2021-07-09,193.0,198.33,191.67,197.67,192.33,198.33,197.0,193.0,196.33,198.33
2021-07-10,227.0,235.0,225.0,234.0,226.0,235.0,233.0,227.0,232.0,235.0
2021-07-11,258.5,262.5,257.5,262.0,258.0,262.5,261.5,258.5,261.0,262.5
2021-07-12,290.0,290.0,290.0,290.0,290.0,290.0,290.0,290.0,290.0,290.0
2021-07-13,197.0,185.0,205.0,189.0,198.0,197.0,193.0,204.0,197.0,200.0
2021-07-14,202.0,200.0,205.0,200.0,204.0,200.0,204.0,203.0,200.0,205.0
2021-07-15,234.0,250.0,200.0,226.0,210.0,207.0,200.0,240.0,222.0,243.0
2021-07-16,214.0,225.0,200.0,213.0,208.0,220.0,216.0,200.0,210.0,210.0
2021-07-17,217.67,233.33,203.33,219.33,219.67,222.33,221.0,216.33,210.0,213.67
2021-07-18,221.33,241.67,206.67,225.67,231.33,224.67,226.0,232.67,210.0,217.33
2021-07-19,225.0,250.0,210.0,232.0,243.0,227.0,231.0,249.0,210.0,221.0
2021-07-20,239.0,240.0,235.0,240.0,238.0,240.0,236.0,236.0,239.0,238.0
2021-07-21,245.5,240.0,250.0,246.0,240.0,248.5,249.5,241.5,248.5,245.0
2021-07-22,252.0,240.0,265.0,252.0,242.0,257.0,263.0,247.0,258.0,252.0
2021-07-23,241.25,223.75,260.0,244.25,233.75,245.75,251.0,229.0,243.0,233.5
2021-07-24,230.5,207.5,255.0,236.5,225.5,234.5,239.0,211.0,228.0,215.0
2021-07-25,219.75,191.25,250.0,228.75,217.25,223.25,227.0,193.0,213.0,196.5
2021-07-26,209.0,175.0,245.0,221.0,209.0,212.0,215.0,175.0,198.0,178.0
2021-07-27,234.0,235.0,215.0,231.0,215.0,225.0,218.0,225.0,217.0,221.0
2021-07-28,245.0,250.0,235.0,249.0,242.0,247.0,239.0,246.0,242.0,240.0
2021-07-29,245.0,245.0,225.0,244.0,232.0,225.0,235.0,242.0,241.0,226.0
2021-07-30,220.0,245.0,210.0,227.0,220.0,217.0,230.0,232.0,214.0,235.0
2021-07-31,167.5,177.5,162.5,169.0,165.0,164.5,171.0,173.5,163.5,173.5
2021-08-01,115.0,110.0,115.0,111.0,110.0,112.0,112.0,115.0,113.0,112.0
2021-08-02,144.0,110.0,145.0,111.0,123.0,131.0,121.0,144.0,130.0,136.0
2021-08-03,130.0,125.0,135.0,128.0,127.0,127.0,134.0,131.0,132.0,135.0
2021-08-04,83.0,82.5,85.0,83.0,82.0,85.0,84.0,85.0,83.0,84.0
2021-08-05,110.0,111.25,107.5,106.5,108.0,111.5,108.0,112.0,108.0,110.5
2021-08-06,137.0,140.0,130.0,130.0,134.0,138.0,132.0,139.0,133.0,137.0
2021-08-07,136.0,140.0,135.0,138.0,139.0,135.0,139.0,135.0,137.0,140.0
2021-08-08,177.67,183.33,171.67,179.33,180.33,175.33,176.33,178.0,179.33,177.33
2021-08-09,219.33,226.67,208.33,220.67,221.67,215.67,213.67,221.0,221.67,214.67
2021-08-10,261.0,270.0,245.0,262.0,263.0,256.0,251.0,264.0,264.0,252.0
2021-08-11,261.0,265.0,230.0,248.0,243.0,261.0,236.0,231.0,244.0,241.0
2021-08-12,273.0,270.0,290.0,284.0,273.0,284.0,277.0,270.0,288.0,282.0
2021-08-13,212.0,215.0,210.0,213.0,210.0,215.0,214.0,215.0,212.0,215.0
2021-08-14,217.67,220.0,205.0,213.33,213.0,215.33,214.33,212.0,215.33,213.67
2021-08-15,223.33,225.0,200.0,213.67,216.0,215.67,214.67,209.0,218.67,212.33
2021-08-16,229.0,230.0,195.0,214.0,219.0,216.0,215.0,206.0,222.0,211.0
2021-08-17,222.0,230.0,220.0,220.0,221.0,223.0,223.0,224.0,222.0,220.0
2021-08-18,189.0,190.0,185.0,185.0,190.0,185.0,186.0,189.0,187.0,188.0
2021-08-19,210.0,230.0,190.0,201.0,221.0,199.0,209.0,221.0,194.0,210.0
2021-08-20,190.0,190.0,190.0,190.0,190.0,190.0,190.0,190.0,190.0,190.0
2021-08-21,178.5,176.25,181.25,180.75,180.75,178.0,179.75,178.25,177.25,178.0
2021-08-22,167.0,162.5,172.5,171.5,171.5,166.0,169.5,166.5,164.5,166.0
2021-08-23,155.5,148.75,163.75,162.25,162.25,154.0,159.25,154.75,151.75,154.0
2021-08-24,144.0,135.0,155.0,153.0,153.0,142.0,149.0,143.0,139.0,142.0
2021-08-25,157.0,155.0,170.0,169.0,167.0,170.0,156.0,163.0,168.0,159.0
2021-08-26,154.12,149.38,166.88,161.75,163.88,166.5,153.75,160.62,164.62,156.0
2021-08-27,151.25,143.75,163.75,154.5,160.75,163.0,151.5,158.25,161.25,153.0
2021-08-28,148.38,138.12,160.62,147.25,157.62,159.5,149.25,155.88,157.88,150.0
2021-08-29,145.5,132.5,157.5,140.0,154.5,156.0,147.0,153.5,154.5,147.0
2021-08-30,142.62,126.88,154.38,132.75,151.38,152.5,144.75,151.12,151.12,144.0
2021-08-31,139.75,121.25,151.25,125.5,148.25,149.0,142.5,148.75,147.75,141.0
2021-09-01,136.88,115.62,148.12,118.25,145.12,145.5,140.25,146.38,144.38,138.0
2021-09-02,134.0,110.0,145.0,111.0,142.0,142.0,138.0,144.0,141.0,135.0
2021-09-03,123.0,120.0,125.0,124.0,120.0,121.0,120.0,122.0,121.0,123.0
2021-09-04,145.0,145.0,85.0,125.0,109.0,117.0,132.0,132.0,122.0,112.0
2021-09-05,169.0,177.5,125.0,149.5,145.0,157.0,157.5,156.0,159.0,152.5
2021-09-06,193.0,210.0,165.0,174.0,181.0,197.0,183.0,180.0,196.0,193.0
2021-09-07,135.0,135.0,135.0,135.0,135.0,135.0,135.0,135.0,135.0,135.0
2021-09-08,192.0,195.0,190.0,191.0,190.0,190.0,195.0,192.0,193.0,193.0
2021-09-09,145.0,135.0,145.0,137.0,141.0,135.0,143.0,138.0,135.0,139.0
2021-09-10,190.5,200.0,190.0,191.0,188.5,191.0,202.0,198.0,200.0,201.5
2021-09-11,236.0,265.0,235.0,245.0,236.0,247.0,261.0,258.0,265.0,264.0
2021-09-12,289.0,280.0,315.0,292.0,293.0,305.0,283.0,312.0,287.0,302.0
2021-09-13,125.0,115.0,135.0,124.0,135.0,121.0,129.0,134.0,122.0,130.0
2021-09-14,114.0,90.0,115.0,103.0,97.0,91.0,92.0,100.0,114.0,103.0
2021-09-15,113.0,110.0,125.0,111.0,117.0,115.0,114.0,110.0,118.0,119.0
2021-09-16,92.0,90.0,95.0,92.0,92.0,91.0,90.0,93.0,91.0,94.0
2021-09-17,95.0,95.0,95.0,95.0,95.0,95.0,95.0,95.0,95.0,95.0
2021-09-18,100.0,97.5,102.5,99.5,99.0,100.75,98.0,98.75,101.0,102.25
2021-09-19,105.0,100.0,110.0,104.0,103.0,106.5,101.0,102.5,107.0,109.5
2021-09-20,110.0,102.5,117.5,108.5,107.0,112.25,104.0,106.25,113.0,116.75
2021-09-21,115.0,105.0,125.0,113.0,111.0,118.0,107.0,110.0,119.0,124.0
2021-09-22,115.0,115.0,110.0,110.0,112.0,111.0,112.0,113.0,111.0,113.0
2021-09-23,111.0,110.0,115.0,113.0,115.0,111.0,114.0,115.0,112.0,114.0
2021-09-24,108.0,105.0,110.0,107.0,110.0,106.0,108.0,107.0,105.0,109.0
2021-09-25,115.0,120.0,115.0,119.33,115.67,115.33,114.0,118.0,112.67,115.0
2021-09-26,122.0,135.0,120.0,131.67,121.33,124.67,120.0,129.0,120.33,121.0
2021-09-27,129.0,150.0,125.0,144.0,127.0,134.0,126.0,140.0,128.0,127.0
2021-09-28,155.0,155.0,125.0,130.0,131.0,147.0,153.0,154.0,154.0,139.0
2021-09-29,165.0,170.0,155.0,165.0,157.0,166.0,162.0,163.0,158.0,158.0
2021-09-30,159.0,160.0,155.0,159.0,156.0,155.0,156.0,157.0,160.0,160.0
2021-10-01,144.5,135.0,155.0,135.0,140.0,152.0,134.5,145.5,155.0,144.0
2021-10-02,130.0,110.0,155.0,111.0,124.0,149.0,113.0,134.0,150.0,128.0
2021-10-03,113.0,110.0,115.0,114.0,114.0,112.0,112.0,114.0,110.0,114.0
2021-10-04,104.0,102.5,105.0,104.5,104.5,103.5,103.5,104.5,102.5,104.5
2021-10-05,95.0,95.0,95.0,95.0,95.0,95.0,95.0,95.0,95.0,95.0
2021-10-06,104.0,103.75,106.25,105.0,103.75,104.25,104.0,104.0,105.75,106.0
2021-10-07,113.0,112.5,117.5,115.0,112.5,113.5,113.0,113.0,116.5,117.0
2021-10-08,122.0,121.25,128.75,125.0,121.25,122.75,122.0,122.0,127.25,128.0
2021-10-09,131.0,130.0,140.0,135.0,130.0,132.0,131.0,131.0,138.0,139.0
2021-10-10,189.5,197.5,192.5,191.0,197.0,191.0,196.0,194.5,200.0,202.0
2021-10-11,248.0,265.0,245.0,247.0,264.0,250.0,261.0,258.0,262.0,265.0
2021-10-12,306.0,290.0,310.0,305.0,296.0,298.0,310.0,307.0,299.0,294.0
2021-10-13,186.0,145.0,195.0,174.0,171.0,150.0,167.0,146.0,165.0,171.0
2021-10-14,155.0,155.0,155.0,155.0,155.0,155.0,155.0,155.0,155.0,155.0
2021-10-15,161.0,142.5,170.0,149.0,145.0,150.0,154.0,163.0,145.0,164.0
2021-10-16,183.0,158.33,193.33,163.0,169.33,176.0,167.33,183.33,163.67,182.0
2021-10-17,205.0,174.17,216.67,177.0,193.67,202.0,180.67,203.67,182.33,200.0
2021-10-18,227.0,190.0,240.0,191.0,218.0,228.0,194.0,224.0,201.0,218.0
2021-10-19,227.33,203.33,233.33,200.67,220.33,228.0,204.0,225.33,210.67,219.67
2021-10-20,227.67,216.67,226.67,210.33,222.67,228.0,214.0,226.67,220.33,221.33
2021-10-21,228.0,230.0,220.0,220.0,225.0,228.0,224.0,228.0,230.0,223.0
2021-10-22,178.0,165.0,210.0,205.0,197.0,176.0,205.0,200.0,204.0,189.0
2021-10-23,172.67,165.0,193.33,191.67,186.0,171.0,190.0,186.67,189.67,181.0
2021-10-24,167.33,165.0,176.67,178.33,175.0,166.0,175.0,173.33,175.33,173.0
2021-10-25,162.0,165.0,160.0,165.0,164.0,161.0,160.0,160.0,161.0,165.0
2021-10-26,170.0,180.0,160.0,171.0,164.0,179.0,165.0,163.0,172.0,163.0
2021-10-27,187.0,175.0,190.0,177.0,185.0,188.0,179.0,175.0,179.0,176.0
2021-10-28,190.0,190.0,190.0,190.0,190.0,190.0,190.0,190.0,190.0,190.0
2021-10-29,175.5,171.25,176.25,173.75,171.25,174.75,173.5,174.5,175.0,175.0
2021-10-30,161.0,152.5,162.5,157.5,152.5,159.5,157.0,159.0,160.0,160.0
2021-10-31,146.5,133.75,148.75,141.25,133.75,144.25,140.5,143.5,145.0,145.0
2021-11-01,132.0,115.0,135.0,125.0,115.0,129.0,124.0,128.0,130.0,130.0
2021-11-02,141.0,115.0,155.0,115.0,118.0,121.0,154.0,135.0,146.0,132.0
2021-11-03,128.0,105.0,138.33,109.0,107.33,112.33,133.0,123.33,126.0,117.67
2021-11-04,115.0,95.0,121.67,103.0,96.67,103.67,112.0,111.67,106.0,103.33
2021-11-05,102.0,85.0,105.0,97.0,86.0,95.0,91.0,100.0,86.0,89.0
2021-11-06,139.0,128.33,133.33,132.67,123.67,133.0,126.0,136.33,124.0,129.67
2021-11-07,176.0,171.67,161.67,168.33,161.33,171.0,161.0,172.67,162.0,170.33
2021-11-08,213.0,215.0,190.0,204.0,199.0,209.0,196.0,209.0,200.0,211.0
2021-11-09,239.5,237.5,232.5,236.5,231.5,242.0,230.5,238.0,234.5,237.0
2021-11-10,266.0,260.0,275.0,269.0,264.0,275.0,265.0,267.0,269.0,263.0
2021-11-11,300.0,300.0,290.0,294.0,300.0,293.0,294.0,297.0,290.0,292.0
2021-11-12,327.5,328.75,315.0,323.0,324.75,318.5,322.75,321.75,316.75,322.0
2021-11-13,355.0,357.5,340.0,352.0,349.5,344.0,351.5,346.5,343.5,352.0
2021-11-14,382.5,386.25,365.0,381.0,374.25,369.5,380.25,371.25,370.25,382.0
2021-11-15,410.0,415.0,390.0,410.0,399.0,395.0,409.0,396.0,397.0,412.0
2021-11-16,383.0,340.0,395.0,388.0,372.0,361.0,342.0,342.0,357.0,373.0
2021-11-17,314.0,310.0,345.0,340.0,322.0,335.0,331.0,326.0,318.0,322.0
2021-11-18,300.5,287.5,327.5,314.5,308.5,301.0,299.5,311.5,303.5,314.5
2021-11-19,287.0,265.0,310.0,289.0,295.0,267.0,268.0,297.0,289.0,307.0
2021-11-20,304.67,276.67,323.33,300.0,312.0,291.33,287.67,313.67,305.67,314.0
2021-11-21,322.33,288.33,336.67,311.0,329.0,315.67,307.33,330.33,322.33,321.0
2021-11-22,340.0,300.0,350.0,322.0,346.0,340.0,327.0,347.0,339.0,328.0
2021-11-23,300.0,300.0,290.0,297.0,293.0,299.0,295.0,300.0,300.0,293.0
2021-11-24,239.0,215.0,240.0,239.0,227.0,228.0,233.0,233.0,228.0,236.0
2021-11-25,218.0,210.0,240.0,215.0,233.0,220.0,240.0,231.0,237.0,229.0
2021-11-26,200.0,195.0,210.0,206.0,198.0,196.0,198.0,201.0,204.0,198.0
2021-11-27,206.33,206.67,210.0,214.0,206.67,204.33,206.67,208.33,211.67,206.67
2021-11-28,212.67,218.33,210.0,222.0,215.33,212.67,215.33,215.67,219.33,215.33
2021-11-29,219.0,230.0,210.0,230.0,224.0,221.0,224.0,223.0,227.0,224.0
2021-11-30,235.0,235.0,230.0,235.0,234.0,233.0,230.0,235.0,235.0,233.0
2021-12-01,108.0,90.0,135.0,132.0,97.0,102.0,94.0,127.0,119.0,98.0
2021-12-02,110.0,110.0,155.0,127.0,114.0,134.0,122.0,147.0,129.0,148.0
2021-12-03,111.0,105.0,135.0,108.0,133.0,117.0,127.0,117.0,125.0,123.0
2021-12-04,109.5,105.0,130.0,107.5,126.0,120.0,124.5,120.0,120.5,123.0
2021-12-05,108.0,105.0,125.0,107.0,119.0,123.0,122.0,123.0,116.0,123.0
2021-12-06,141.5,147.5,150.0,147.0,148.5,153.5,155.0,151.5,153.0,151.5
2021-12-07,175.0,190.0,175.0,187.0,178.0,184.0,188.0,180.0,190.0,180.0
2021-12-08,229.0,230.0,215.0,221.0,226.0,217.0,228.0,222.0,217.0,220.0
2021-12-09,233.0,230.0,232.5,229.5,234.0,230.0,231.0,226.5,230.0,234.5
2021-12-10,237.0,230.0,250.0,238.0,242.0,243.0,234.0,231.0,243.0,249.0
2021-12-11,316.0,305.0,365.0,357.0,306.0,340.0,329.0,325.0,353.0,351.0
2021-12-12,338.5,322.5,367.5,351.0,336.0,346.0,342.0,347.0,358.0,352.5
2021-12-13,361.0,340.0,370.0,345.0,366.0,352.0,355.0,369.0,363.0,354.0
2021-12-14,357.0,340.0,360.0,351.0,358.0,347.0,358.0,340.0,360.0,359.0
2021-12-15,324.0,310.0,340.0,311.0,328.0,338.0,323.0,337.0,312.0,318.0
2021-12-16,320.0,275.0,340.0,306.0,310.0,327.0,331.0,338.0,306.0,306.0
2021-12-17,228.0,215.0,305.0,281.0,250.0,269.0,261.0,283.0,253.0,218.0
2021-12-18,251.67,226.67,326.67,292.67,258.33,273.0,296.33,292.0,289.33,245.0
2021-12-19,275.33,238.33,348.33,304.33,266.67,277.0,331.67,301.0,325.67,272.0
2021-12-20,299.0,250.0,370.0,316.0,275.0,281.0,367.0,310.0,362.0,299.0
2021-12-21,284.0,265.0,345.0,292.0,307.0,315.0,303.0,312.0,276.0,269.0
2021-12-22,342.0,310.0,355.0,353.0,336.0,353.0,325.0,328.0,350.0,329.0
2021-12-23,339.0,325.0,360.0,339.0,329.0,342.0,346.0,328.0,342.0,347.0
2021-12-24,336.0,325.0,360.0,347.0,344.0,330.0,345.0,359.0,345.0,335.0
2021-12-25,345.33,325.0,376.67,364.33,341.0,334.0,356.0,368.67,342.33,343.67
2021-12-26,354.67,325.0,393.33,381.67,338.0,338.0,367.0,378.33,339.67,352.33
2021-12-27,364.0,325.0,410.0,399.0,335.0,342.0,378.0,388.0,337.0,361.0
2021-12-28,319.0,300.0,390.0,347.0,373.0,382.0,320.0,348.0,320.0,321.0
2021-12-29,383.0,290.0,390.0,321.0,327.0,311.0,361.0,306.0,297.0,347.0
2021-12-30,340.0,335.0,340.0,336.0,340.0,339.0,335.0,338.0,340.0,338.0
2021-12-31,320.0,190.0,335.0,246.0,212.0,285.0,205.0,235.0,293.0,233.0
2022-01-01,254.0,177.5,262.5,216.0,195.5,236.5,196.0,210.0,235.5,199.5
2022-01-02,188.0,165.0,190.0,186.0,179.0,188.0,187.0,185.0,178.0,166.0
2022-01-03,154.0,157.5,142.5,158.0,149.5,161.5,156.0,142.5,139.5,136.5
2022-01-04,120.0,150.0,95.0,130.0,120.0,135.0,125.0,100.0,101.0,107.0
2022-01-05,332.0,350.0,305.0,338.5,323.0,326.0,324.5,324.5,319.0,315.0
2022-01-06,544.0,550.0,515.0,547.0,526.0,517.0,524.0,549.0,537.0,523.0
2022-01-07,237.0,225.0,290.0,248.0,237.0,252.0,256.0,261.0,246.0,231.0
2022-01-08,302.0,325.0,290.0,323.0,307.0,299.0,323.0,313.0,314.0,293.0
2022-01-09,276.0,275.0,290.0,282.0,283.0,277.0,289.0,287.0,280.0,277.0
2022-01-10,322.5,322.5,327.5,325.0,324.0,322.0,329.5,326.0,324.0,321.5
2022-01-11,369.0,370.0,365.0,368.0,365.0,367.0,370.0,365.0,368.0,366.0
2022-01-12,183.0,135.0,225.0,171.0,194.0,195.0,143.0,180.0,163.0,165.0
2022-01-13,320.0,320.0,315.0,318.0,317.0,319.0,315.0,319.0,319.0,317.0
2022-01-14,317.2,317.0,319.0,316.2,316.8,320.4,315.0,322.2,319.6,319.4
2022-01-15,314.4,314.0,323.0,314.4,316.6,321.8,315.0,325.4,320.2,321.8
2022-01-16,311.6,311.0,327.0,312.6,316.4,323.2,315.0,328.6,320.8,324.2
2022-01-17,308.8,308.0,331.0,310.8,316.2,324.6,315.0,331.8,321.4,326.6
2022-01-18,306.0,305.0,335.0,309.0,316.0,326.0,315.0,335.0,322.0,329.0
2022-01-19,303.0,300.0,315.0,307.0,311.0,314.0,315.0,302.0,301.0,304.0
2022-01-20,345.0,340.0,350.0,340.0,343.0,340.0,349.0,340.0,344.0,342.0
2022-01-21,354.0,345.0,355.0,345.0,348.0,351.0,350.0,348.0,348.0,349.0
2022-01-22,369.33,360.0,375.0,364.67,363.33,367.67,371.33,368.67,367.67,363.0
2022-01-23,384.67,375.0,395.0,384.33,378.67,384.33,392.67,389.33,387.33,377.0
2022-01-24,400.0,390.0,415.0,404.0,394.0,401.0,414.0,410.0,407.0,391.0
2022-01-25,422.0,425.0,415.0,418.0,422.0,415.0,415.0,421.0,417.0,425.0
2022-01-26,361.0,375.0,340.0,358.0,347.0,369.0,343.0,372.0,362.0,349.0
2022-01-27,354.0,370.0,335.0,363.0,362.0,355.0,359.0,337.0,358.0,336.0
2022-01-28,272.0,325.0,265.0,274.0,295.0,295.0,323.0,282.0,308.0,266.0
2022-01-29,238.67,271.67,240.0,243.33,260.0,260.0,277.0,251.0,264.33,240.0
2022-01-30,205.33,218.33,215.0,212.67,225.0,225.0,231.0,220.0,220.67,214.0
2022-01-31,172.0,165.0,190.0,182.0,190.0,190.0,185.0,189.0,177.0,188.0
2022-02-01,169.0,165.0,180.0,175.0,177.5,179.5,177.0,177.5,173.5,176.5
2022-02-02,166.0,165.0,170.0,168.0,165.0,169.0,169.0,166.0,170.0,165.0
2022-02-03,210.0,210.0,210.0,210.0,210.0,210.0,210.0,210.0,210.0,210.0
2022-02-04,299.33,300.0,295.0,295.67,296.67,297.33,296.67,299.67,298.33,300.0
2022-02-05,388.67,390.0,380.0,381.33,383.33,384.67,383.33,389.33,386.67,390.0
2022-02-06,478.0,480.0,465.0,467.0,470.0,472.0,470.0,479.0,475.0,480.0
2022-02-07,414.5,427.5,400.0,416.0,416.5,413.0,402.5,408.0,423.0,415.0
2022-02-08,351.0,375.0,335.0,365.0,363.0,354.0,335.0,337.0,371.0,350.0
2022-02-09,290.0,290.0,290.0,290.0,290.0,290.0,290.0,290.0,290.0,290.0
2022-02-10,284.0,282.5,287.5,287.5,286.0,284.5,286.5,286.0,282.5,285.5
2022-02-11,278.0,275.0,285.0,285.0,282.0,279.0,283.0,282.0,275.0,281.0
2022-02-12,199.0,145.0,220.0,155.0,185.0,148.0,195.0,190.0,200.0,175.0
2022-02-13,184.5,155.0,195.0,160.0,177.5,158.0,181.5,178.0,183.5,171.0
2022-02-14,170.0,165.0,170.0,165.0,170.0,168.0,168.0,166.0,167.0,167.0
2022-02-15,175.0,175.0,170.0,170.0,172.0,173.0,170.0,175.0,175.0,170.0
2022-02-16,171.0,170.0,170.0,170.0,168.5,171.5,167.5,170.5,171.0,168.5
2022-02-17,167.0,165.0,170.0,170.0,165.0,170.0,165.0,166.0,167.0,167.0
2022-02-18,186.0,180.0,210.0,184.0,193.0,199.0,210.0,210.0,202.0,202.0
2022-02-19,192.33,183.33,210.0,188.33,193.33,201.67,203.67,206.33,200.0,204.67
2022-02-20,198.67,186.67,210.0,192.67,193.67,204.33,197.33,202.67,198.0,207.33
2022-02-21,205.0,190.0,210.0,197.0,194.0,207.0,191.0,199.0,196.0,210.0
2022-02-22,208.62,190.0,225.62,210.5,204.62,216.75,203.75,214.0,208.62,207.88
2022-02-23,212.25,190.0,241.25,224.0,215.25,226.5,216.5,229.0,221.25,205.75
2022-02-24,215.88,190.0,256.88,237.5,225.88,236.25,229.25,244.0,233.88,203.62
2022-02-25,219.5,190.0,272.5,251.0,236.5,246.0,242.0,259.0,246.5,201.5
2022-02-26,223.12,190.0,288.12,264.5,247.12,255.75,254.75,274.0,259.12,199.38
2022-02-27,226.75,190.0,303.75,278.0,257.75,265.5,267.5,289.0,271.75,197.25
2022-02-28,230.38,190.0,319.38,291.5,268.38,275.25,280.25,304.0,284.38,195.12
2022-03-01,234.0,190.0,335.0,305.0,279.0,285.0,293.0,319.0,297.0,193.0
2022-03-02,164.0,150.0,170.0,161.0,163.0,158.0,164.0,166.0,164.0,156.0
2022-03-03,233.0,240.0,210.0,215.0,213.0,213.0,216.0,217.0,234.0,235.0
2022-03-04,334.33,351.67,303.33,328.0,323.0,327.0,330.33,318.67,321.67,336.33
2022-03-05,435.67,463.33,396.67,441.0,433.0,441.0,444.67,420.33,409.33,437.67
2022-03-06,537.0,575.0,490.0,554.0,543.0,555.0,559.0,522.0,497.0,539.0
2022-03-07,449.5,470.0,425.0,458.5,451.5,458.0,459.5,441.0,429.0,451.0
2022-03-08,362.0,365.0,360.0,363.0,360.0,361.0,360.0,360.0,361.0,363.0
2022-03-09,325.5,332.5,322.5,324.0,322.5,324.5,329.5,327.5,327.5,331.0
2022-03-10,289.0,300.0,285.0,285.0,285.0,288.0,299.0,295.0,294.0,299.0
2022-03-11,267.0,245.0,275.0,257.0,275.0,250.0,267.0,266.0,260.0,261.0
2022-03-12,240.33,223.33,246.67,231.67,245.0,228.67,241.0,239.33,235.67,234.0
2022-03-13,213.67,201.67,218.33,206.33,215.0,207.33,215.0,212.67,211.33,207.0
2022-03-14,187.0,180.0,190.0,181.0,185.0,186.0,189.0,186.0,187.0,180.0
2022-03-15,168.0,170.0,160.0,164.0,166.0,169.0,166.0,169.0,160.0,170.0
2022-03-16,162.0,170.0,160.0,167.0,162.0,162.0,168.0,166.0,164.0,160.0
2022-03-17,162.0,165.0,165.0,167.0,164.5,162.0,164.0,167.5,163.0,162.0
2022-03-18,162.0,160.0,170.0,167.0,167.0,162.0,160.0,169.0,162.0,164.0
2022-03-19,161.0,153.33,170.0,166.67,162.67,163.0,153.67,160.0,154.67,159.0
2022-03-20,160.0,146.67,170.0,166.33,158.33,164.0,147.33,151.0,147.33,154.0
2022-03-21,159.0,140.0,170.0,166.0,154.0,165.0,141.0,142.0,140.0,149.0
2022-03-22,159.0,155.0,160.0,157.0,159.0,160.0,157.0,156.0,158.0,156.0
2022-03-23,160.0,160.0,160.0,160.0,160.0,160.0,160.0,160.0,160.0,160.0
2022-03-24,169.0,190.0,160.0,170.0,174.0,188.0,168.0,184.0,167.0,169.0
2022-03-25,140.0,150.0,140.0,143.0,148.0,142.0,148.0,147.0,142.0,147.0
2022-03-26,138.67,146.67,136.67,141.67,143.33,138.33,143.67,144.33,141.0,142.33
2022-03-27,137.33,143.33,133.33,140.33,138.67,134.67,139.33,141.67,140.0,137.67
2022-03-28,136.0,140.0,130.0,139.0,134.0,131.0,135.0,139.0,139.0,133.0
2022-03-29,148.0,150.0,140.0,150.0,148.0,147.0,145.0,146.0,141.0,142.0
2022-03-30,117.0,140.0,110.0,123.0,119.0,130.0,129.0,134.0,120.0,135.0
2022-03-31,124.0,140.0,110.0,131.0,129.0,124.0,129.0,113.0,134.0,120.0
2022-04-01,161.0,161.67,153.33,164.33,162.67,161.67,155.0,150.0,160.67,151.67
2022-04-02,198.0,183.33,196.67,197.67,196.33,199.33,181.0,187.0,187.33,183.33
2022-04-03,235.0,205.0,240.0,231.0,230.0,237.0,207.0,224.0,214.0,215.0
2022-04-04,144.0,145.0,140.0,141.0,140.0,142.0,140.0,140.0,144.0,144.0
2022-04-05,359.0,415.0,340.0,390.0,374.0,365.0,402.0,347.0,385.0,406.0
2022-04-06,336.0,365.0,325.0,350.5,343.5,339.0,356.0,331.0,348.5,359.5
2022-04-07,313.0,315.0,310.0,311.0,313.0,313.0,310.0,315.0,312.0,313.0
2022-04-08,368.0,330.0,370.0,335.0,354.0,359.0,341.0,345.0,356.0,332.0
2022-04-09,342.5,327.5,317.5,329.0,322.0,323.0,326.5,311.5,311.0,319.0
2022-04-10,317.0,325.0,265.0,323.0,290.0,287.0,312.0,278.0,266.0,306.0
2022-04-11,297.0,300.0,275.0,289.0,285.0,284.0,289.0,286.0,283.0,291.0
2022-04-12,277.57,278.57,262.14,273.29,265.86,266.71,269.14,269.71,265.71,271.0
2022-04-13,258.14,257.14,249.29,257.57,246.71,249.43,249.29,253.43,248.43,251.0
2022-04-14,238.71,235.71,236.43,241.86,227.57,232.14,229.43,237.14,231.14,231.0
2022-04-15,219.29,214.29,223.57,226.14,208.43,214.86,209.57,220.86,213.86,211.0
2022-04-16,199.86,192.86,210.71,210.43,189.29,197.57,189.71,204.57,196.57,191.0
2022-04-17,180.43,171.43,197.86,194.71,170.14,180.29,169.86,188.29,179.29,171.0
2022-04-18,161.0,150.0,185.0,179.0,151.0,163.0,150.0,172.0,162.0,151.0
2022-04-19,166.0,150.0,185.0,184.0,156.0,163.0,166.0,164.0,158.0,165.0
2022-04-20,199.5,212.5,177.5,220.0,203.5,167.0,201.0,212.5,181.5,168.0
2022-04-21,233.0,275.0,170.0,256.0,251.0,171.0,236.0,261.0,205.0,171.0
2022-04-22,256.0,300.0,215.0,220.0,248.0,251.0,229.0,280.0,300.0,274.0
2022-04-23,268.67,308.33,231.67,236.0,262.33,257.0,252.67,285.33,302.0,288.67
2022-04-24,281.33,316.67,248.33,252.0,276.67,263.0,276.33,290.67,304.0,303.33
2022-04-25,294.0,325.0,265.0,268.0,291.0,269.0,300.0,296.0,306.0,318.0
2022-04-26,268.0,300.0,240.0,257.0,256.0,277.0,271.0,262.0,265.0,269.0
2022-04-27,308.0,365.0,290.0,362.0,332.0,330.0,357.0,352.0,347.0,327.0
2022-04-28,336.5,365.0,327.5,363.5,348.5,347.5,361.0,358.5,356.0,346.0
2022-04-29,365.0,365.0,365.0,365.0,365.0,365.0,365.0,365.0,365.0,365.0
2022-04-30,269.0,262.5,277.5,270.5,275.5,277.0,271.0,273.0,273.0,276.0
2022-05-01,173.0,160.0,190.0,176.0,186.0,189.0,177.0,181.0,181.0,187.0
2022-05-02,161.0,151.67,173.33,163.67,170.0,172.67,163.0,166.33,166.67,169.67
2022-05-03,149.0,143.33,156.67,151.33,154.0,156.33,149.0,151.67,152.33,152.33
2022-05-04,137.0,135.0,140.0,139.0,138.0,140.0,135.0,137.0,138.0,135.0
2022-05-05,338.0,305.0,340.0,317.0,328.0,318.0,323.0,329.0,321.0,336.0
2022-05-06,318.5,277.5,325.0,312.5,301.0,311.5,307.5,318.0,292.0,323.0
2022-05-07,299.0,250.0,310.0,308.0,274.0,305.0,292.0,307.0,263.0,310.0
2022-05-08,417.0,425.0,360.0,406.0,411.0,361.0,394.0,422.0,373.0,369.0
2022-05-09,408.0,425.0,375.0,391.0,380.0,413.0,414.0,396.0,408.0,416.0
2022-05-10,235.0,225.0,240.0,237.0,229.0,230.0,238.0,234.0,229.0,232.0
2022-05-11,184.5,170.0,187.5,183.5,172.0,180.5,176.5,182.5,181.5,173.5
2022-05-12,134.0,115.0,135.0,130.0,115.0,131.0,115.0,131.0,134.0,115.0
2022-05-13,376.0,375.0,390.0,380.0,375.0,385.0,388.0,378.0,385.0,387.0
2022-05-14,364.5,362.5,377.5,367.0,365.5,372.0,372.5,367.0,373.75,373.25
2022-05-15,353.0,350.0,365.0,354.0,356.0,359.0,357.0,356.0,362.5,359.5
2022-05-16,341.5,337.5,352.5,341.0,346.5,346.0,341.5,345.0,351.25,345.75
2022-05-17,330.0,325.0,340.0,328.0,337.0,333.0,326.0,334.0,340.0,332.0
2022-05-18,447.0,475.0,360.0,428.0,422.0,387.0,420.0,429.0,474.0,464.0
2022-05-19,374.0,455.0,365.0,401.0,386.0,430.0,368.0,379.0,434.0,406.0
2022-05-20,429.0,410.0,440.0,418.0,435.0,412.0,433.0,431.0,433.0,424.0
2022-05-21,435.67,448.33,438.33,439.67,444.0,421.0,453.0,452.0,461.0,439.67
2022-05-22,442.33,486.67,436.67,461.33,453.0,430.0,473.0,473.0,489.0,455.33
2022-05-23,449.0,525.0,435.0,483.0,462.0,439.0,493.0,494.0,517.0,471.0
2022-05-24,540.0,550.0,440.0,452.0,524.0,504.0,468.0,540.0,540.0,519.0
2022-05-25,523.0,575.0,440.0,548.0,488.0,484.0,522.0,447.0,571.0,461.0
2022-05-26,527.0,575.0,525.0,546.0,531.0,547.0,530.0,568.0,571.0,544.0
2022-05-27,501.0,575.0,465.0,517.0,545.0,511.0,561.0,572.0,468.0,571.0
2022-05-28,508.0,566.67,481.67,523.67,541.33,522.33,551.67,554.33,490.0,561.0
2022-05-29,515.0,558.33,498.33,530.33,537.67,533.67,542.33,536.67,512.0,551.0
2022-05-30,522.0,550.0,515.0,537.0,534.0,545.0,533.0,519.0,534.0,541.0
2022-05-31,549.0,585.0,510.0,560.0,558.0,520.0,574.0,577.0,519.0,550.0
2022-06-01,198.0,155.0,215.0,157.0,174.0,164.0,159.0,160.0,178.0,170.0
2022-06-02,270.8,239.0,280.0,240.2,251.4,239.6,240.4,242.2,257.2,250.6
2022-06-03,343.6,323.0,345.0,323.4,328.8,315.2,321.8,324.4,336.4,331.2
2022-06-04,416.4,407.0,410.0,406.6,406.2,390.8,403.2,406.6,415.6,411.8
2022-06-05,489.2,491.0,475.0,489.8,483.6,466.4,484.6,488.8,494.8,492.4
2022-06-06,562.0,575.0,540.0,573.0,561.0,542.0,566.0,571.0,574.0,573.0
2022-06-07,322.0,315.0,335.0,327.0,322.0,328.0,330.0,334.0,319.0,316.0
2022-06-08,346.0,365.0,347.5,368.5,365.0,351.5,347.5,361.5,358.0,343.5
2022-06-09,370.0,415.0,360.0,410.0,408.0,375.0,365.0,389.0,397.0,371.0
2022-06-10,310.0,325.0,265.0,322.0,271.0,274.0,304.0,311.0,285.0,304.0
2022-06-11,216.0,220.0,207.5,228.5,193.0,208.5,215.5,230.0,210.0,213.5
2022-06-12,122.0,115.0,150.0,135.0,115.0,143.0,127.0,149.0,135.0,123.0
2022-06-13,572.0,575.0,565.0,569.0,571.0,574.0,567.0,571.0,574.0,574.0
2022-06-14,579.0,575.0,577.5,577.5,574.0,580.0,572.0,576.5,577.0,578.5
2022-06-15,586.0,575.0,590.0,586.0,577.0,586.0,577.0,582.0,580.0,583.0
2022-06-16,484.0,475.0,565.0,485.0,530.0,475.0,550.0,526.0,520.0,484.0
2022-06-17,413.0,375.0,525.0,477.0,436.0,507.0,454.0,518.0,378.0,470.0
2022-06-18,426.0,391.67,530.0,482.0,442.67,486.0,458.33,491.0,413.33,487.33
2022-06-19,439.0,408.33,535.0,487.0,449.33,465.0,462.67,464.0,448.67,504.67
2022-06-20,452.0,425.0,540.0,492.0,456.0,444.0,467.0,437.0,484.0,522.0
2022-06-21,473.0,425.0,535.0,425.0,454.0,432.0,498.0,530.0,481.0,472.0
2022-06-22,460.0,425.0,540.0,516.0,453.0,467.0,513.0,454.0,469.0,444.0
2022-06-23,437.0,425.0,515.0,487.0,473.0,500.0,444.0,443.0,444.0,463.0
2022-06-24,466.0,435.0,475.0,458.0,463.0,435.0,465.0,451.0,451.0,436.0
2022-06-25,447.33,415.0,458.33,441.67,443.33,421.33,436.0,431.67,427.67,415.67
2022-06-26,428.67,395.0,441.67,425.33,423.67,407.67,407.0,412.33,404.33,395.33
2022-06-27,410.0,375.0,425.0,409.0,404.0,394.0,378.0,393.0,381.0,375.0
2022-06-28,325.0,300.0,375.0,312.0,315.0,327.0,343.0,357.0,303.0,350.0
2022-06-29,228.0,225.0,290.0,235.0,264.0,261.0,247.0,279.0,238.0,260.0
2022-06-30,306.0,225.0,310.0,275.0,243.0,271.0,226.0,286.0,227.0,248.0
2022-07-01,207.0,170.0,220.0,186.0,187.0,206.0,191.0,192.0,193.0,196.0
2022-07-02,202.0,185.0,205.0,189.0,188.5,200.0,191.5,195.0,193.5,193.5
2022-07-03,197.0,200.0,190.0,192.0,190.0,194.0,192.0,198.0,194.0,191.0
2022-07-04,132.0,142.5,110.0,127.0,123.0,137.0,117.0,121.0,125.0,140.0
2022-07-05,353.5,358.75,342.5,351.0,349.0,356.0,346.0,348.0,350.0,357.5
2022-07-06,575.0,575.0,575.0,575.0,575.0,575.0,575.0,575.0,575.0,575.0
2022-07-07,280.0,275.0,290.0,282.0,277.0,289.0,281.0,279.0,284.0,283.0
2022-07-08,303.0,300.0,327.5,314.0,301.5,314.0,309.5,302.0,306.0,310.5
2022-07-09,326.0,325.0,365.0,346.0,326.0,339.0,338.0,325.0,328.0,338.0
2022-07-10,290.0,290.0,290.0,290.0,290.0,290.0,290.0,290.0,290.0,290.0
2022-07-11,293.75,286.25,295.0,292.0,293.0,287.5,286.75,286.25,292.0,286.5
2022-07-12,297.5,282.5,300.0,294.0,296.0,285.0,283.5,282.5,294.0,283.0
2022-07-13,301.25,278.75,305.0,296.0,299.0,282.5,280.25,278.75,296.0,279.5
2022-07-14,305.0,275.0,310.0,298.0,302.0,280.0,277.0,275.0,298.0,276.0
2022-07-15,316.0,325.0,310.0,319.0,310.0,321.0,311.0,324.0,311.0,322.0
2022-07-16,325.67,341.67,318.33,330.33,328.0,332.0,324.0,338.67,328.67,331.0
2022-07-17,335.33,358.33,326.67,341.67,346.0,343.0,337.0,353.33,346.33,340.0
2022-07-18,345.0,375.0,335.0,353.0,364.0,354.0,350.0,368.0,364.0,349.0
2022-07-19,362.0,375.0,335.0,371.0,372.0,348.0,353.0,366.0,352.0,346.0
2022-07-20,348.0,365.0,335.0,341.0,353.0,336.0,353.0,364.0,353.0,339.0
2022-07-21,305.0,305.0,290.0,294.0,304.0,298.0,291.0,295.0,304.0,301.0
2022-07-22,371.0,375.0,310.0,317.0,313.0,346.0,321.0,357.0,369.0,333.0
2022-07-23,342.0,358.33,300.0,313.67,302.0,330.33,310.67,339.33,345.33,322.0
2022-07-24,313.0,341.67,290.0,310.33,291.0,314.67,300.33,321.67,321.67,311.0
2022-07-25,284.0,325.0,280.0,307.0,280.0,299.0,290.0,304.0,298.0,300.0
2022-07-26,302.0,325.0,265.0,269.0,272.0,290.0,269.0,304.0,313.0,274.0
2022-07-27,319.0,325.0,310.0,310.0,322.0,322.0,320.0,322.0,324.0,323.0
2022-07-28,332.0,325.0,340.0,329.0,331.0,325.0,336.0,329.0,338.0,338.0
2022-07-29,313.0,325.0,290.0,325.0,292.0,324.0,306.0,290.0,308.0,307.0
2022-07-30,277.75,290.0,260.0,287.5,265.25,286.75,273.25,263.75,274.75,274.5
2022-07-31,242.5,255.0,230.0,250.0,238.5,249.5,240.5,237.5,241.5,242.0
2022-08-01,207.25,220.0,200.0,212.5,211.75,212.25,207.75,211.25,208.25,209.5
2022-08-02,172.0,185.0,170.0,175.0,185.0,175.0,175.0,185.0,175.0,177.0
2022-08-03,197.0,175.0,210.0,193.0,184.0,179.0,207.0,179.0,198.0,188.0
2022-08-04,130.0,130.0,140.0,140.0,139.0,130.0,134.0,135.0,139.0,131.0
2022-08-05,352.5,357.5,357.5,359.5,358.0,352.5,358.5,358.0,359.5,357.5
2022-08-06,575.0,585.0,575.0,579.0,577.0,575.0,583.0,581.0,580.0,584.0
2022-08-07,522.0,530.0,495.0,513.5,518.5,520.0,512.5,499.0,523.5,505.0
2022-08-08,469.0,475.0,415.0,448.0,460.0,465.0,442.0,417.0,467.0,426.0
2022-08-09,395.0,400.0,365.0,375.0,398.0,378.0,378.0,376.0,395.0,386.0
2022-08-10,337.5,325.0,327.5,318.0,340.0,319.5,316.0,325.5,340.0,320.5
2022-08-11,280.0,250.0,290.0,261.0,282.0,261.0,254.0,275.0,285.0,255.0
2022-08-12,317.5,268.75,327.5,282.0,314.25,303.25,286.25,291.25,310.75,281.25
2022-08-13,355.0,287.5,365.0,303.0,346.5,345.5,318.5,307.5,336.5,307.5
2022-08-14,392.5,306.25,402.5,324.0,378.75,387.75,350.75,323.75,362.25,333.75
2022-08-15,430.0,325.0,440.0,345.0,411.0,430.0,383.0,340.0,388.0,360.0
2022-08-16,381.0,325.0,415.0,335.0,379.0,344.0,357.0,375.0,343.0,369.0
2022-08-17,283.0,250.0,290.0,288.0,277.0,273.0,290.0,286.0,285.0,285.0
2022-08-18,275.0,275.0,275.0,275.0,275.0,275.0,275.0,275.0,275.0,275.0
2022-08-19,233.0,225.0,240.0,236.0,240.0,235.0,227.0,230.0,238.0,230.0
2022-08-20,225.67,221.67,223.33,222.0,229.0,223.33,221.67,224.67,229.33,221.0
2022-08-21,218.33,218.33,206.67,208.0,218.0,211.67,216.33,219.33,220.67,212.0
2022-08-22,211.0,215.0,190.0,194.0,207.0,200.0,211.0,214.0,212.0,203.0
2022-08-23,202.0,190.0,235.0,206.0,196.0,223.0,194.0,218.0,222.0,205.0
2022-08-24,204.0,210.0,180.0,203.0,208.0,204.0,206.0,193.0,197.0,208.0
2022-08-25,185.0,185.0,185.0,185.0,185.0,185.0,185.0,185.0,185.0,185.0
2022-08-26,205.0,215.0,190.0,209.0,197.0,207.0,191.0,194.0,209.0,193.0
2022-08-27,217.33,218.33,213.33,218.0,206.33,222.33,212.0,214.0,223.33,211.67
2022-08-28,229.67,221.67,236.67,227.0,215.67,237.67,233.0,234.0,237.67,230.33
2022-08-29,242.0,225.0,260.0,236.0,225.0,253.0,254.0,254.0,252.0,249.0
2022-08-30,251.0,240.0,285.0,245.0,242.0,278.0,278.0,285.0,250.0,271.0
2022-08-31,221.33,215.0,241.67,215.0,215.33,239.33,238.0,242.67,221.0,232.33
2022-09-01,191.67,190.0,198.33,185.0,188.67,200.67,198.0,200.33,192.0,193.67
2022-09-02,162.0,165.0,155.0,155.0,162.0,162.0,158.0,158.0,163.0,155.0
2022-09-03,171.0,155.0,190.0,173.0,177.0,177.0,187.0,159.0,187.0,190.0
2022-09-04,240.5,232.5,250.0,241.5,243.5,243.5,248.5,234.5,248.5,250.0
2022-09-05,310.0,310.0,310.0,310.0,310.0,310.0,310.0,310.0,310.0,310.0
2022-09-06,479.0,550.0,465.0,490.0,523.0,508.0,477.0,540.0,481.0,484.0
2022-09-07,491.5,537.5,477.5,505.5,510.0,508.5,493.0,522.5,488.0,495.5
2022-09-08,504.0,525.0,490.0,521.0,497.0,509.0,509.0,505.0,495.0,507.0
2022-09-09,359.0,390.0,345.0,350.0,381.0,367.0,351.0,370.0,348.0,382.0
2022-09-10,331.0,327.5,327.5,325.0,324.0,338.0,315.0,330.0,316.0,324.5
2022-09-11,303.0,265.0,310.0,300.0,267.0,309.0,279.0,290.0,284.0,267.0
2022-09-12,165.0,165.0,165.0,165.0,165.0,165.0,165.0,165.0,165.0,165.0
2022-09-13,422.0,425.0,410.0,415.0,412.0,413.0,416.0,425.0,425.0,416.0
2022-09-14,410.0,425.0,410.0,420.0,410.0,425.0,423.0,414.0,424.0,425.0
2022-09-15,396.0,465.0,365.0,397.0,456.0,414.0,451.0,403.0,455.0,380.0
2022-09-16,373.0,375.0,365.0,372.0,372.0,374.0,367.0,368.0,370.0,375.0
2022-09-17,361.33,363.33,355.0,360.33,360.0,362.0,358.0,357.0,360.0,363.0
2022-09-18,349.67,351.67,345.0,348.67,348.0,350.0,349.0,346.0,350.0,351.0
2022-09-19,338.0,340.0,335.0,337.0,336.0,338.0,340.0,335.0,340.0,339.0
2022-09-20,275.0,275.0,275.0,275.0,275.0,275.0,275.0,275.0,275.0,275.0
2022-09-21,234.0,225.0,240.0,235.0,227.0,231.0,237.0,238.0,236.0,228.0
2022-09-22,260.0,260.0,240.0,258.0,253.0,247.0,259.0,244.0,250.0,260.0
2022-09-23,302.0,305.0,240.0,290.0,271.0,240.0,268.0,262.0,248.0,251.0
2022-09-24,285.0,291.67,240.0,280.0,268.33,247.33,266.33,263.0,253.67,252.33
2022-09-25,268.0,278.33,240.0,270.0,265.67,254.67,264.67,264.0,259.33,253.67
2022-09-26,251.0,265.0,240.0,260.0,263.0,262.0,263.0,265.0,265.0,255.0
2022-09-27,226.0,215.0,240.0,228.0,228.0,222.0,232.0,224.0,230.0,231.0
2022-09-28,205.0,200.0,230.0,226.0,210.0,228.0,230.0,221.0,204.0,212.0
2022-09-29,284.0,225.0,290.0,275.0,240.0,229.0,281.0,258.0,285.0,238.0
2022-09-30,191.0,185.0,235.0,231.0,188.0,231.0,192.0,215.0,194.0,191.0
2022-10-01,274.0,250.0,280.0,280.0,269.0,271.0,275.0,259.0,267.0,263.0
2022-10-02,152.0,150.0,155.0,153.0,154.0,151.0,155.0,151.0,152.0,153.0
2022-10-03,185.0,170.0,190.0,176.0,190.0,170.0,179.0,188.0,182.0,186.0
2022-10-04,295.67,280.0,306.67,295.33,297.67,288.33,291.33,302.33,297.67,304.0
2022-10-05,406.33,390.0,423.33,414.67,405.33,406.67,403.67,416.67,413.33,422.0
2022-10-06,517.0,500.0,540.0,534.0,513.0,525.0,516.0,531.0,529.0,540.0
2022-10-07,516.0,507.5,527.5,524.5,514.0,520.0,515.5,523.0,522.0,527.5
2022-10-08,515.0,515.0,515.0,515.0,515.0,515.0,515.0,515.0,515.0,515.0
2022-10-09,440.0,440.0,440.0,440.0,440.0,440.0,440.0,440.0,440.0,440.0
2022-10-10,365.0,365.0,365.0,365.0,365.0,365.0,365.0,365.0,365.0,365.0
2022-10-11,280.0,265.0,315.0,312.0,295.0,307.0,266.0,265.0,309.0,311.0
2022-10-12,271.5,245.0,292.5,272.5,268.5,270.5,248.0,247.0,269.5,289.5
2022-10-13,263.0,225.0,270.0,233.0,242.0,234.0,230.0,229.0,230.0,268.0
2022-10-14,228.0,225.0,265.0,232.0,231.0,254.0,229.0,228.0,241.0,258.0
2022-10-15,239.33,238.33,263.33,242.33,241.0,256.33,240.33,239.0,248.0,260.0
2022-10-16,250.67,251.67,261.67,252.67,251.0,258.67,251.67,250.0,255.0,262.0
2022-10-17,262.0,265.0,260.0,263.0,261.0,261.0,263.0,261.0,262.0,264.0
2022-10-18,260.0,265.0,260.0,264.0,260.0,261.0,265.0,260.0,264.0,264.0
2022-10-19,265.0,250.0,265.0,250.0,256.0,250.0,258.0,261.0,252.0,260.0
2022-10-20,265.0,260.0,265.0,260.0,264.0,261.0,264.0,262.0,264.0,263.0
2022-10-21,269.0,230.0,270.0,262.0,248.0,237.0,247.0,249.0,248.0,252.0
2022-10-22,261.5,232.5,261.25,255.75,245.75,236.5,244.25,246.25,245.0,248.25
2022-10-23,254.0,235.0,252.5,249.5,243.5,236.0,241.5,243.5,242.0,244.5
2022-10-24,246.5,237.5,243.75,243.25,241.25,235.5,238.75,240.75,239.0,240.75
2022-10-25,239.0,240.0,235.0,237.0,239.0,235.0,236.0,238.0,236.0,237.0
2022-10-26,275.0,275.0,275.0,275.0,275.0,275.0,275.0,275.0,275.0,275.0
2022-10-27,280.0,280.0,290.0,285.0,282.0,290.0,283.0,281.0,282.0,290.0
2022-10-28,276.0,260.0,290.0,262.0,263.0,267.0,268.0,262.0,273.0,260.0
2022-10-29,312.0,300.0,321.67,302.0,303.33,304.67,305.33,302.33,309.0,301.33
2022-10-30,348.0,340.0,353.33,342.0,343.67,342.33,342.67,342.67,345.0,342.67
2022-10-31,384.0,380.0,385.0,382.0,384.0,380.0,380.0,383.0,381.0,384.0
2022-11-01,275.0,285.0,270.0,274.0,281.0,283.0,280.0,270.0,272.0,284.0
2022-11-02,172.0,180.0,170.0,176.0,171.0,173.0,170.0,170.0,174.0,172.0
2022-11-03,169.0,165.0,170.0,166.0,166.0,165.0,168.0,169.0,169.0,165.0
2022-11-04,201.75,192.5,206.25,201.0,193.25,192.5,196.25,204.5,204.5,199.25
2022-11-05,234.5,220.0,242.5,236.0,220.5,220.0,224.5,240.0,240.0,233.5
2022-11-06,267.25,247.5,278.75,271.0,247.75,247.5,252.75,275.5,275.5,267.75
2022-11-07,300.0,275.0,315.0,306.0,275.0,275.0,281.0,311.0,311.0,302.0
2022-11-08,301.0,288.33,306.67,307.67,284.67,286.0,284.67,307.67,310.33,304.0
2022-11-09,302.0,301.67,298.33,309.33,294.33,297.0,288.33,304.33,309.67,306.0
2022-11-10,303.0,315.0,290.0,311.0,304.0,308.0,292.0,301.0,309.0,308.0
2022-11-11,298.0,295.0,315.0,305.0,299.0,310.0,304.0,297.0,311.0,308.0
2022-11-12,310.67,305.0,323.33,312.33,308.67,319.33,311.33,306.33,317.0,315.33
2022-11-13,323.33,315.0,331.67,319.67,318.33,328.67,318.67,315.67,323.0,322.67
2022-11-14,336.0,325.0,340.0,327.0,328.0,338.0,326.0,325.0,329.0,330.0
2022-11-15,335.0,335.0,340.0,340.0,337.0,339.0,335.0,335.0,336.0,340.0
2022-11-16,330.0,320.0,330.0,329.0,329.0,324.0,322.0,327.0,324.0,326.0
2022-11-17,295.0,315.0,290.0,299.0,291.0,298.0,305.0,299.0,293.0,297.0
2022-11-18,304.0,305.0,290.0,305.0,292.0,299.0,291.0,300.0,295.0,302.0
2022-11-19,316.0,315.0,315.0,324.67,313.67,320.67,314.67,315.33,316.67,321.67
2022-11-20,328.0,325.0,340.0,344.33,335.33,342.33,338.33,330.67,338.33,341.33
2022-11-21,340.0,335.0,365.0,364.0,357.0,364.0,362.0,346.0,360.0,361.0
2022-11-22,352.0,325.0,365.0,345.0,336.0,352.0,348.0,353.0,328.0,344.0
2022-11-23,364.0,335.0,380.0,350.0,354.0,336.0,344.0,347.0,373.0,369.0
2022-11-24,327.0,325.0,350.0,336.0,329.0,342.0,330.0,336.0,331.0,329.0
2022-11-25,332.0,305.0,365.0,306.0,341.0,310.0,326.0,335.0,354.0,313.0
2022-11-26,307.0,288.33,346.67,302.33,324.67,294.33,310.67,323.33,332.33,303.0
2022-11-27,282.0,271.67,328.33,298.67,308.33,278.67,295.33,311.67,310.67,293.0
2022-11-28,257.0,255.0,310.0,295.0,292.0,263.0,280.0,300.0,289.0,283.0
2022-11-29,201.0,180.0,255.0,203.0,188.0,212.0,222.0,181.0,180.0,249.0
2022-11-30,221.0,190.0,240.0,224.0,223.0,230.0,228.0,240.0,213.0,214.0
2022-12-01,302.0,265.0,310.0,294.0,308.0,289.0,291.0,299.0,300.0,295.0
2022-12-02,298.0,271.67,303.33,291.0,301.0,289.0,290.33,294.33,296.67,293.33
2022-12-03,294.0,278.33,296.67,288.0,294.0,289.0,289.67,289.67,293.33,291.67
2022-12-04,290.0,285.0,290.0,285.0,287.0,289.0,289.0,285.0,290.0,290.0
2022-12-05,346.0,415.0,290.0,383.0,405.0,362.0,400.0,379.0,330.0,355.0
2022-12-06,313.0,345.0,302.5,346.0,350.5,324.5,356.0,330.5,317.5,317.0
2022-12-07,280.0,275.0,315.0,309.0,296.0,287.0,312.0,282.0,305.0,279.0
2022-12-08,488.0,475.0,490.0,477.0,486.0,489.0,478.0,487.0,478.0,486.0
2022-12-09,421.0,475.0,390.0,397.0,413.0,464.0,430.0,415.0,413.0,461.0
2022-12-10,279.0,245.0,290.0,270.0,261.0,248.0,264.0,254.0,269.0,245.0
2022-12-11,314.0,292.5,357.5,340.0,337.0,295.5,311.0,313.5,322.0,334.0
2022-12-12,349.0,340.0,425.0,410.0,413.0,343.0,358.0,373.0,375.0,423.0
2022-12-13,377.0,375.0,425.0,404.0,404.0,412.0,394.0,425.0,395.0,418.0
2022-12-14,380.0,305.0,460.0,439.0,424.0,323.0,415.0,409.0,456.0,391.0
2022-12-15,405.0,375.0,415.0,377.0,397.0,380.0,376.0,381.0,404.0,406.0
2022-12-16,417.0,325.0,425.0,389.0,420.0,422.0,354.0,392.0,410.0,399.0
2022-12-17,424.33,358.33,430.0,402.0,421.67,423.33,379.0,406.0,418.67,409.67
2022-12-18,431.67,391.67,435.0,415.0,423.33,424.67,404.0,420.0,427.33,420.33
2022-12-19,439.0,425.0,440.0,428.0,425.0,426.0,429.0,434.0,436.0,431.0
2022-12-20,429.0,425.0,465.0,449.0,441.0,437.0,458.0,435.0,431.0,448.0
2022-12-21,449.0,425.0,465.0,461.0,438.0,465.0,446.0,453.0,459.0,435.0
2022-12-22,415.0,375.0,425.0,375.0,383.0,397.0,377.0,410.0,402.0,403.0
2022-12-23,455.0,425.0,465.0,439.0,464.0,443.0,430.0,449.0,438.0,450.0
2022-12-24,485.33,458.33,506.67,479.67,506.0,470.33,470.33,481.0,470.0,480.0
2022-12-25,515.67,491.67,548.33,520.33,548.0,497.67,510.67,513.0,502.0,510.0
2022-12-26,546.0,525.0,590.0,561.0,590.0,525.0,551.0,545.0,534.0,540.0
2022-12-27,556.0,425.0,565.0,565.0,449.0,512.0,434.0,562.0,504.0,523.0
2022-12-28,337.0,325.0,450.0,428.0,427.0,450.0,397.0,425.0,340.0,344.0
2022-12-29,469.0,425.0,510.0,432.0,497.0,478.0,472.0,497.0,478.0,470.0
2022-12-30,516.0,475.0,550.0,479.0,496.0,545.0,544.0,498.0,544.0,541.0
2022-12-31,543.33,500.0,581.67,522.33,515.0,576.0,565.33,536.33,560.33,565.33
